date,route,hour,weekday,is_weekend,weather,passengers
2025-01-01,R01,6,2,0,Cloudy,85
2025-01-01,R01,7,2,0,Cloudy,200
2025-01-01,R01,8,2,0,Clear,237
2025-01-01,R01,9,2,0,Cloudy,183
2025-01-01,R01,10,2,0,Clear,94
2025-01-01,R01,11,2,0,Clear,69
2025-01-01,R01,12,2,0,Cloudy,60
2025-01-01,R01,13,2,0,Clear,34
2025-01-01,R01,14,2,0,Clear,36
2025-01-01,R01,15,2,0,Cloudy,66
2025-01-01,R01,16,2,0,Cloudy,117
2025-01-01,R01,17,2,0,Rain,257
2025-01-01,R01,18,2,0,Cloudy,268
2025-01-01,R01,19,2,0,Clear,241
2025-01-01,R01,20,2,0,Clear,141
2025-01-01,R01,21,2,0,Cloudy,61
2025-01-01,R01,22,2,0,Clear,38
2025-01-01,R02,6,2,0,Clear,141
2025-01-01,R02,7,2,0,Clear,223
2025-01-01,R02,8,2,0,Clear,310
2025-01-01,R02,9,2,0,Clear,243
2025-01-01,R02,10,2,0,Cloudy,121
2025-01-01,R02,11,2,0,Clear,72
2025-01-01,R02,12,2,0,Cloudy,55
2025-01-01,R02,13,2,0,Clear,55
2025-01-01,R02,14,2,0,Cloudy,64
2025-01-01,R02,15,2,0,Cloudy,74
2025-01-01,R02,16,2,0,Clear,151
2025-01-01,R02,17,2,0,Clear,299
2025-01-01,R02,18,2,0,Cloudy,335
2025-01-01,R02,19,2,0,Clear,274
2025-01-01,R02,20,2,0,Cloudy,158
2025-01-01,R02,21,2,0,Clear,95
2025-01-01,R02,22,2,0,Clear,52
2025-01-01,R03,6,2,0,Clear,84
2025-01-01,R03,7,2,0,Cloudy,138
2025-01-01,R03,8,2,0,Clear,216
2025-01-01,R03,9,2,0,Clear,173
2025-01-01,R03,10,2,0,Clear,89
2025-01-01,R03,11,2,0,Cloudy,40
2025-01-01,R03,12,2,0,Cloudy,27
2025-01-01,R03,13,2,0,Clear,32
2025-01-01,R03,14,2,0,Cloudy,45
2025-01-01,R03,15,2,0,Clear,58
2025-01-01,R03,16,2,0,Clear,117
2025-01-01,R03,17,2,0,Clear,192
2025-01-01,R03,18,2,0,Clear,237
2025-01-01,R03,19,2,0,Clear,173
2025-01-01,R03,20,2,0,Clear,97
2025-01-01,R03,21,2,0,Rain,51
2025-01-01,R03,22,2,0,Clear,59
2025-01-01,R04,6,2,0,Cloudy,145
2025-01-01,R04,7,2,0,Clear,266
2025-01-01,R04,8,2,0,Clear,340
2025-01-01,R04,9,2,0,Clear,245
2025-01-01,R04,10,2,0,Clear,147
2025-01-01,R04,11,2,0,Clear,58
2025-01-01,R04,12,2,0,Cloudy,52
2025-01-01,R04,13,2,0,Clear,62
2025-01-01,R04,14,2,0,Clear,63
2025-01-01,R04,15,2,0,Clear,98
2025-01-01,R04,16,2,0,Clear,201
2025-01-01,R04,17,2,0,Clear,323
2025-01-01,R04,18,2,0,Clear,375
2025-01-01,R04,19,2,0,Clear,305
2025-01-01,R04,20,2,0,Clear,163
2025-01-01,R04,21,2,0,Clear,92
2025-01-01,R04,22,2,0,Rain,59
2025-01-01,R05,6,2,0,Cloudy,106
2025-01-01,R05,7,2,0,Clear,230
2025-01-01,R05,8,2,0,Rain,253
2025-01-01,R05,9,2,0,Clear,193
2025-01-01,R05,10,2,0,Clear,95
2025-01-01,R05,11,2,0,Clear,53
2025-01-01,R05,12,2,0,Cloudy,44
2025-01-01,R05,13,2,0,Clear,29
2025-01-01,R05,14,2,0,Clear,40
2025-01-01,R05,15,2,0,Clear,71
2025-01-01,R05,16,2,0,Cloudy,122
2025-01-01,R05,17,2,0,Clear,217
2025-01-01,R05,18,2,0,Clear,262
2025-01-01,R05,19,2,0,Clear,254
2025-01-01,R05,20,2,0,Cloudy,132
2025-01-01,R05,21,2,0,Clear,80
2025-01-01,R05,22,2,0,Clear,45
2025-01-01,R06,6,2,0,Clear,123
2025-01-01,R06,7,2,0,Clear,243
2025-01-01,R06,8,2,0,Clear,301
2025-01-01,R06,9,2,0,Rain,296
2025-01-01,R06,10,2,0,Rain,144
2025-01-01,R06,11,2,0,Clear,91
2025-01-01,R06,12,2,0,Cloudy,49
2025-01-01,R06,13,2,0,Clear,63
2025-01-01,R06,14,2,0,Cloudy,61
2025-01-01,R06,15,2,0,Rain,78
2025-01-01,R06,16,2,0,Clear,193
2025-01-01,R06,17,2,0,Clear,289
2025-01-01,R06,18,2,0,Clear,347
2025-01-01,R06,19,2,0,Clear,304
2025-01-01,R06,20,2,0,Rain,186
2025-01-01,R06,21,2,0,Clear,93
2025-01-01,R06,22,2,0,Clear,63
2025-01-01,R07,6,2,0,Cloudy,43
2025-01-01,R07,7,2,0,Clear,132
2025-01-01,R07,8,2,0,Clear,171
2025-01-01,R07,9,2,0,Cloudy,148
2025-01-01,R07,10,2,0,Cloudy,72
2025-01-01,R07,11,2,0,Clear,49
2025-01-01,R07,12,2,0,Clear,29
2025-01-01,R07,13,2,0,Clear,40
2025-01-01,R07,14,2,0,Rain,37
2025-01-01,R07,15,2,0,Rain,53
2025-01-01,R07,16,2,0,Clear,100
2025-01-01,R07,17,2,0,Clear,171
2025-01-01,R07,18,2,0,Clear,244
2025-01-01,R07,19,2,0,Clear,158
2025-01-01,R07,20,2,0,Cloudy,71
2025-01-01,R07,21,2,0,Cloudy,52
2025-01-01,R07,22,2,0,Clear,25
2025-01-01,R08,6,2,0,Cloudy,80
2025-01-01,R08,7,2,0,Clear,204
2025-01-01,R08,8,2,0,Cloudy,295
2025-01-01,R08,9,2,0,Clear,207
2025-01-01,R08,10,2,0,Cloudy,85
2025-01-01,R08,11,2,0,Clear,94
2025-01-01,R08,12,2,0,Clear,36
2025-01-01,R08,13,2,0,Cloudy,88
2025-01-01,R08,14,2,0,Clear,49
2025-01-01,R08,15,2,0,Clear,102
2025-01-01,R08,16,2,0,Clear,145
2025-01-01,R08,17,2,0,Rain,291
2025-01-01,R08,18,2,0,Clear,317
2025-01-01,R08,19,2,0,Clear,256
2025-01-01,R08,20,2,0,Clear,152
2025-01-01,R08,21,2,0,Clear,85
2025-01-01,R08,22,2,0,Cloudy,53
2025-01-02,R01,6,3,0,Clear,107
2025-01-02,R01,7,3,0,Cloudy,177
2025-01-02,R01,8,3,0,Clear,254
2025-01-02,R01,9,3,0,Clear,221
2025-01-02,R01,10,3,0,Clear,96
2025-01-02,R01,11,3,0,Clear,62
2025-01-02,R01,12,3,0,Clear,63
2025-01-02,R01,13,3,0,Clear,52
2025-01-02,R01,14,3,0,Clear,63
2025-01-02,R01,15,3,0,Rain,62
2025-01-02,R01,16,3,0,Cloudy,131
2025-01-02,R01,17,3,0,Cloudy,218
2025-01-02,R01,18,3,0,Clear,287
2025-01-02,R01,19,3,0,Clear,257
2025-01-02,R01,20,3,0,Clear,132
2025-01-02,R01,21,3,0,Cloudy,71
2025-01-02,R01,22,3,0,Clear,25
2025-01-02,R02,6,3,0,Clear,149
2025-01-02,R02,7,3,0,Clear,247
2025-01-02,R02,8,3,0,Clear,300
2025-01-02,R02,9,3,0,Cloudy,216
2025-01-02,R02,10,3,0,Rain,146
2025-01-02,R02,11,3,0,Clear,85
2025-01-02,R02,12,3,0,Clear,79
2025-01-02,R02,13,3,0,Cloudy,62
2025-01-02,R02,14,3,0,Clear,59
2025-01-02,R02,15,3,0,Clear,97
2025-01-02,R02,16,3,0,Clear,171
2025-01-02,R02,17,3,0,Cloudy,263
2025-01-02,R02,18,3,0,Cloudy,332
2025-01-02,R02,19,3,0,Cloudy,272
2025-01-02,R02,20,3,0,Rain,175
2025-01-02,R02,21,3,0,Rain,85
2025-01-02,R02,22,3,0,Clear,67
2025-01-02,R03,6,3,0,Cloudy,68
2025-01-02,R03,7,3,0,Clear,146
2025-01-02,R03,8,3,0,Clear,214
2025-01-02,R03,9,3,0,Clear,172
2025-01-02,R03,10,3,0,Clear,91
2025-01-02,R03,11,3,0,Cloudy,51
2025-01-02,R03,12,3,0,Clear,10
2025-01-02,R03,13,3,0,Rain,49
2025-01-02,R03,14,3,0,Clear,61
2025-01-02,R03,15,3,0,Cloudy,66
2025-01-02,R03,16,3,0,Cloudy,116
2025-01-02,R03,17,3,0,Clear,197
2025-01-02,R03,18,3,0,Cloudy,227
2025-01-02,R03,19,3,0,Clear,191
2025-01-02,R03,20,3,0,Clear,116
2025-01-02,R03,21,3,0,Rain,49
2025-01-02,R03,22,3,0,Clear,61
2025-01-02,R04,6,3,0,Clear,132
2025-01-02,R04,7,3,0,Cloudy,265
2025-01-02,R04,8,3,0,Clear,363
2025-01-02,R04,9,3,0,Cloudy,265
2025-01-02,R04,10,3,0,Clear,176
2025-01-02,R04,11,3,0,Cloudy,46
2025-01-02,R04,12,3,0,Clear,56
2025-01-02,R04,13,3,0,Clear,80
2025-01-02,R04,14,3,0,Cloudy,45
2025-01-02,R04,15,3,0,Clear,85
2025-01-02,R04,16,3,0,Clear,190
2025-01-02,R04,17,3,0,Cloudy,280
2025-01-02,R04,18,3,0,Rain,432
2025-01-02,R04,19,3,0,Clear,325
2025-01-02,R04,20,3,0,Clear,185
2025-01-02,R04,21,3,0,Clear,99
2025-01-02,R04,22,3,0,Clear,57
2025-01-02,R05,6,3,0,Clear,104
2025-01-02,R05,7,3,0,Clear,184
2025-01-02,R05,8,3,0,Cloudy,224
2025-01-02,R05,9,3,0,Clear,201
2025-01-02,R05,10,3,0,Cloudy,77
2025-01-02,R05,11,3,0,Clear,23
2025-01-02,R05,12,3,0,Clear,55
2025-01-02,R05,13,3,0,Rain,50
2025-01-02,R05,14,3,0,Cloudy,63
2025-01-02,R05,15,3,0,Clear,57
2025-01-02,R05,16,3,0,Clear,127
2025-01-02,R05,17,3,0,Cloudy,212
2025-01-02,R05,18,3,0,Cloudy,251
2025-01-02,R05,19,3,0,Cloudy,198
2025-01-02,R05,20,3,0,Clear,140
2025-01-02,R05,21,3,0,Rain,55
2025-01-02,R05,22,3,0,Clear,32
2025-01-02,R06,6,3,0,Clear,131
2025-01-02,R06,7,3,0,Cloudy,247
2025-01-02,R06,8,3,0,Clear,312
2025-01-02,R06,9,3,0,Rain,265
2025-01-02,R06,10,3,0,Cloudy,122
2025-01-02,R06,11,3,0,Clear,78
2025-01-02,R06,12,3,0,Rain,59
2025-01-02,R06,13,3,0,Clear,72
2025-01-02,R06,14,3,0,Cloudy,74
2025-01-02,R06,15,3,0,Clear,87
2025-01-02,R06,16,3,0,Clear,196
2025-01-02,R06,17,3,0,Clear,296
2025-01-02,R06,18,3,0,Clear,378
2025-01-02,R06,19,3,0,Clear,300
2025-01-02,R06,20,3,0,Cloudy,163
2025-01-02,R06,21,3,0,Clear,66
2025-01-02,R06,22,3,0,Clear,46
2025-01-02,R07,6,3,0,Clear,72
2025-01-02,R07,7,3,0,Clear,159
2025-01-02,R07,8,3,0,Clear,189
2025-01-02,R07,9,3,0,Cloudy,131
2025-01-02,R07,10,3,0,Cloudy,81
2025-01-02,R07,11,3,0,Cloudy,54
2025-01-02,R07,12,3,0,Clear,34
2025-01-02,R07,13,3,0,Clear,36
2025-01-02,R07,14,3,0,Cloudy,35
2025-01-02,R07,15,3,0,Rain,55
2025-01-02,R07,16,3,0,Clear,86
2025-01-02,R07,17,3,0,Clear,158
2025-01-02,R07,18,3,0,Clear,218
2025-01-02,R07,19,3,0,Clear,185
2025-01-02,R07,20,3,0,Clear,93
2025-01-02,R07,21,3,0,Clear,47
2025-01-02,R07,22,3,0,Clear,10
2025-01-02,R08,6,3,0,Clear,89
2025-01-02,R08,7,3,0,Cloudy,225
2025-01-02,R08,8,3,0,Clear,271
2025-01-02,R08,9,3,0,Clear,178
2025-01-02,R08,10,3,0,Rain,162
2025-01-02,R08,11,3,0,Cloudy,52
2025-01-02,R08,12,3,0,Cloudy,26
2025-01-02,R08,13,3,0,Clear,52
2025-01-02,R08,14,3,0,Clear,66
2025-01-02,R08,15,3,0,Clear,87
2025-01-02,R08,16,3,0,Clear,161
2025-01-02,R08,17,3,0,Rain,272
2025-01-02,R08,18,3,0,Cloudy,319
2025-01-02,R08,19,3,0,Clear,279
2025-01-02,R08,20,3,0,Clear,169
2025-01-02,R08,21,3,0,Cloudy,77
2025-01-02,R08,22,3,0,Clear,49
2025-01-03,R01,6,4,0,Clear,100
2025-01-03,R01,7,4,0,Clear,178
2025-01-03,R01,8,4,0,Clear,248
2025-01-03,R01,9,4,0,Clear,166
2025-01-03,R01,10,4,0,Clear,83
2025-01-03,R01,11,4,0,Cloudy,58
2025-01-03,R01,12,4,0,Cloudy,40
2025-01-03,R01,13,4,0,Cloudy,46
2025-01-03,R01,14,4,0,Clear,59
2025-01-03,R01,15,4,0,Clear,76
2025-01-03,R01,16,4,0,Clear,139
2025-01-03,R01,17,4,0,Cloudy,221
2025-01-03,R01,18,4,0,Rain,309
2025-01-03,R01,19,4,0,Cloudy,205
2025-01-03,R01,20,4,0,Clear,128
2025-01-03,R01,21,4,0,Clear,70
2025-01-03,R01,22,4,0,Rain,55
2025-01-03,R02,6,4,0,Clear,138
2025-01-03,R02,7,4,0,Clear,233
2025-01-03,R02,8,4,0,Rain,339
2025-01-03,R02,9,4,0,Clear,215
2025-01-03,R02,10,4,0,Clear,129
2025-01-03,R02,11,4,0,Cloudy,67
2025-01-03,R02,12,4,0,Rain,79
2025-01-03,R02,13,4,0,Clear,50
2025-01-03,R02,14,4,0,Rain,31
2025-01-03,R02,15,4,0,Rain,88
2025-01-03,R02,16,4,0,Cloudy,160
2025-01-03,R02,17,4,0,Cloudy,246
2025-01-03,R02,18,4,0,Clear,346
2025-01-03,R02,19,4,0,Rain,289
2025-01-03,R02,20,4,0,Clear,185
2025-01-03,R02,21,4,0,Cloudy,73
2025-01-03,R02,22,4,0,Clear,41
2025-01-03,R03,6,4,0,Cloudy,75
2025-01-03,R03,7,4,0,Rain,183
2025-01-03,R03,8,4,0,Rain,238
2025-01-03,R03,9,4,0,Cloudy,172
2025-01-03,R03,10,4,0,Clear,78
2025-01-03,R03,11,4,0,Rain,63
2025-01-03,R03,12,4,0,Clear,15
2025-01-03,R03,13,4,0,Clear,23
2025-01-03,R03,14,4,0,Cloudy,18
2025-01-03,R03,15,4,0,Cloudy,43
2025-01-03,R03,16,4,0,Cloudy,114
2025-01-03,R03,17,4,0,Clear,185
2025-01-03,R03,18,4,0,Cloudy,218
2025-01-03,R03,19,4,0,Clear,197
2025-01-03,R03,20,4,0,Cloudy,111
2025-01-03,R03,21,4,0,Clear,52
2025-01-03,R03,22,4,0,Cloudy,24
2025-01-03,R04,6,4,0,Cloudy,157
2025-01-03,R04,7,4,0,Cloudy,248
2025-01-03,R04,8,4,0,Clear,340
2025-01-03,R04,9,4,0,Clear,267
2025-01-03,R04,10,4,0,Clear,152
2025-01-03,R04,11,4,0,Clear,58
2025-01-03,R04,12,4,0,Cloudy,88
2025-01-03,R04,13,4,0,Clear,57
2025-01-03,R04,14,4,0,Clear,76
2025-01-03,R04,15,4,0,Rain,88
2025-01-03,R04,16,4,0,Clear,185
2025-01-03,R04,17,4,0,Rain,377
2025-01-03,R04,18,4,0,Clear,415
2025-01-03,R04,19,4,0,Clear,327
2025-01-03,R04,20,4,0,Clear,171
2025-01-03,R04,21,4,0,Cloudy,107
2025-01-03,R04,22,4,0,Clear,43
2025-01-03,R05,6,4,0,Cloudy,82
2025-01-03,R05,7,4,0,Clear,188
2025-01-03,R05,8,4,0,Clear,220
2025-01-03,R05,9,4,0,Rain,201
2025-01-03,R05,10,4,0,Cloudy,106
2025-01-03,R05,11,4,0,Cloudy,42
2025-01-03,R05,12,4,0,Clear,56
2025-01-03,R05,13,4,0,Clear,77
2025-01-03,R05,14,4,0,Clear,53
2025-01-03,R05,15,4,0,Cloudy,75
2025-01-03,R05,16,4,0,Clear,146
2025-01-03,R05,17,4,0,Cloudy,205
2025-01-03,R05,18,4,0,Clear,287
2025-01-03,R05,19,4,0,Clear,218
2025-01-03,R05,20,4,0,Rain,146
2025-01-03,R05,21,4,0,Clear,81
2025-01-03,R05,22,4,0,Rain,40
2025-01-03,R06,6,4,0,Clear,100
2025-01-03,R06,7,4,0,Clear,237
2025-01-03,R06,8,4,0,Clear,335
2025-01-03,R06,9,4,0,Clear,235
2025-01-03,R06,10,4,0,Clear,148
2025-01-03,R06,11,4,0,Cloudy,56
2025-01-03,R06,12,4,0,Clear,55
2025-01-03,R06,13,4,0,Clear,57
2025-01-03,R06,14,4,0,Clear,47
2025-01-03,R06,15,4,0,Clear,86
2025-01-03,R06,16,4,0,Clear,147
2025-01-03,R06,17,4,0,Clear,290
2025-01-03,R06,18,4,0,Cloudy,340
2025-01-03,R06,19,4,0,Clear,263
2025-01-03,R06,20,4,0,Clear,156
2025-01-03,R06,21,4,0,Clear,93
2025-01-03,R06,22,4,0,Rain,52
2025-01-03,R07,6,4,0,Clear,83
2025-01-03,R07,7,4,0,Clear,151
2025-01-03,R07,8,4,0,Clear,188
2025-01-03,R07,9,4,0,Clear,155
2025-01-03,R07,10,4,0,Clear,54
2025-01-03,R07,11,4,0,Cloudy,53
2025-01-03,R07,12,4,0,Clear,19
2025-01-03,R07,13,4,0,Cloudy,32
2025-01-03,R07,14,4,0,Cloudy,59
2025-01-03,R07,15,4,0,Clear,46
2025-01-03,R07,16,4,0,Cloudy,92
2025-01-03,R07,17,4,0,Rain,173
2025-01-03,R07,18,4,0,Cloudy,222
2025-01-03,R07,19,4,0,Clear,157
2025-01-03,R07,20,4,0,Clear,106
2025-01-03,R07,21,4,0,Cloudy,66
2025-01-03,R07,22,4,0,Clear,46
2025-01-03,R08,6,4,0,Clear,122
2025-01-03,R08,7,4,0,Clear,221
2025-01-03,R08,8,4,0,Clear,263
2025-01-03,R08,9,4,0,Cloudy,231
2025-01-03,R08,10,4,0,Clear,120
2025-01-03,R08,11,4,0,Clear,64
2025-01-03,R08,12,4,0,Clear,36
2025-01-03,R08,13,4,0,Clear,51
2025-01-03,R08,14,4,0,Rain,59
2025-01-03,R08,15,4,0,Clear,103
2025-01-03,R08,16,4,0,Clear,149
2025-01-03,R08,17,4,0,Rain,286
2025-01-03,R08,18,4,0,Clear,304
2025-01-03,R08,19,4,0,Clear,249
2025-01-03,R08,20,4,0,Clear,156
2025-01-03,R08,21,4,0,Cloudy,48
2025-01-03,R08,22,4,0,Clear,68
2025-01-04,R01,6,5,1,Clear,87
2025-01-04,R01,7,5,1,Clear,124
2025-01-04,R01,8,5,1,Clear,179
2025-01-04,R01,9,5,1,Cloudy,146
2025-01-04,R01,10,5,1,Clear,70
2025-01-04,R01,11,5,1,Rain,39
2025-01-04,R01,12,5,1,Clear,29
2025-01-04,R01,13,5,1,Cloudy,33
2025-01-04,R01,14,5,1,Clear,25
2025-01-04,R01,15,5,1,Rain,47
2025-01-04,R01,16,5,1,Cloudy,90
2025-01-04,R01,17,5,1,Rain,170
2025-01-04,R01,18,5,1,Clear,181
2025-01-04,R01,19,5,1,Clear,135
2025-01-04,R01,20,5,1,Cloudy,87
2025-01-04,R01,21,5,1,Clear,65
2025-01-04,R01,22,5,1,Cloudy,37
2025-01-04,R02,6,5,1,Clear,70
2025-01-04,R02,7,5,1,Rain,166
2025-01-04,R02,8,5,1,Cloudy,188
2025-01-04,R02,9,5,1,Clear,186
2025-01-04,R02,10,5,1,Clear,112
2025-01-04,R02,11,5,1,Clear,71
2025-01-04,R02,12,5,1,Rain,43
2025-01-04,R02,13,5,1,Clear,81
2025-01-04,R02,14,5,1,Clear,30
2025-01-04,R02,15,5,1,Cloudy,48
2025-01-04,R02,16,5,1,Clear,121
2025-01-04,R02,17,5,1,Clear,194
2025-01-04,R02,18,5,1,Clear,238
2025-01-04,R02,19,5,1,Cloudy,151
2025-01-04,R02,20,5,1,Rain,106
2025-01-04,R02,21,5,1,Clear,56
2025-01-04,R02,22,5,1,Rain,34
2025-01-04,R03,6,5,1,Clear,41
2025-01-04,R03,7,5,1,Clear,103
2025-01-04,R03,8,5,1,Clear,146
2025-01-04,R03,9,5,1,Clear,121
2025-01-04,R03,10,5,1,Cloudy,29
2025-01-04,R03,11,5,1,Clear,32
2025-01-04,R03,12,5,1,Clear,25
2025-01-04,R03,13,5,1,Cloudy,27
2025-01-04,R03,14,5,1,Rain,15
2025-01-04,R03,15,5,1,Rain,28
2025-01-04,R03,16,5,1,Clear,93
2025-01-04,R03,17,5,1,Clear,97
2025-01-04,R03,18,5,1,Cloudy,141
2025-01-04,R03,19,5,1,Clear,126
2025-01-04,R03,20,5,1,Clear,71
2025-01-04,R03,21,5,1,Cloudy,28
2025-01-04,R03,22,5,1,Cloudy,33
2025-01-04,R04,6,5,1,Clear,103
2025-01-04,R04,7,5,1,Cloudy,170
2025-01-04,R04,8,5,1,Clear,226
2025-01-04,R04,9,5,1,Clear,180
2025-01-04,R04,10,5,1,Clear,99
2025-01-04,R04,11,5,1,Cloudy,40
2025-01-04,R04,12,5,1,Clear,51
2025-01-04,R04,13,5,1,Clear,56
2025-01-04,R04,14,5,1,Cloudy,63
2025-01-04,R04,15,5,1,Clear,84
2025-01-04,R04,16,5,1,Clear,120
2025-01-04,R04,17,5,1,Rain,240
2025-01-04,R04,18,5,1,Cloudy,249
2025-01-04,R04,19,5,1,Clear,215
2025-01-04,R04,20,5,1,Clear,121
2025-01-04,R04,21,5,1,Clear,65
2025-01-04,R04,22,5,1,Rain,66
2025-01-04,R05,6,5,1,Rain,80
2025-01-04,R05,7,5,1,Clear,113
2025-01-04,R05,8,5,1,Clear,178
2025-01-04,R05,9,5,1,Clear,132
2025-01-04,R05,10,5,1,Clear,76
2025-01-04,R05,11,5,1,Clear,42
2025-01-04,R05,12,5,1,Clear,35
2025-01-04,R05,13,5,1,Rain,38
2025-01-04,R05,14,5,1,Cloudy,10
2025-01-04,R05,15,5,1,Clear,53
2025-01-04,R05,16,5,1,Clear,78
2025-01-04,R05,17,5,1,Clear,146
2025-01-04,R05,18,5,1,Cloudy,176
2025-01-04,R05,19,5,1,Cloudy,166
2025-01-04,R05,20,5,1,Rain,82
2025-01-04,R05,21,5,1,Cloudy,43
2025-01-04,R05,22,5,1,Rain,32
2025-01-04,R06,6,5,1,Clear,103
2025-01-04,R06,7,5,1,Clear,166
2025-01-04,R06,8,5,1,Cloudy,207
2025-01-04,R06,9,5,1,Rain,173
2025-01-04,R06,10,5,1,Cloudy,100
2025-01-04,R06,11,5,1,Cloudy,27
2025-01-04,R06,12,5,1,Clear,46
2025-01-04,R06,13,5,1,Clear,42
2025-01-04,R06,14,5,1,Cloudy,45
2025-01-04,R06,15,5,1,Clear,41
2025-01-04,R06,16,5,1,Rain,122
2025-01-04,R06,17,5,1,Cloudy,201
2025-01-04,R06,18,5,1,Rain,297
2025-01-04,R06,19,5,1,Cloudy,187
2025-01-04,R06,20,5,1,Clear,126
2025-01-04,R06,21,5,1,Clear,62
2025-01-04,R06,22,5,1,Clear,41
2025-01-04,R07,6,5,1,Clear,46
2025-01-04,R07,7,5,1,Clear,98
2025-01-04,R07,8,5,1,Clear,135
2025-01-04,R07,9,5,1,Cloudy,102
2025-01-04,R07,10,5,1,Clear,35
2025-01-04,R07,11,5,1,Clear,21
2025-01-04,R07,12,5,1,Cloudy,10
2025-01-04,R07,13,5,1,Cloudy,22
2025-01-04,R07,14,5,1,Clear,20
2025-01-04,R07,15,5,1,Clear,40
2025-01-04,R07,16,5,1,Rain,79
2025-01-04,R07,17,5,1,Clear,86
2025-01-04,R07,18,5,1,Rain,126
2025-01-04,R07,19,5,1,Clear,116
2025-01-04,R07,20,5,1,Clear,83
2025-01-04,R07,21,5,1,Clear,28
2025-01-04,R07,22,5,1,Clear,17
2025-01-04,R08,6,5,1,Cloudy,89
2025-01-04,R08,7,5,1,Clear,161
2025-01-04,R08,8,5,1,Cloudy,166
2025-01-04,R08,9,5,1,Clear,159
2025-01-04,R08,10,5,1,Cloudy,64
2025-01-04,R08,11,5,1,Clear,36
2025-01-04,R08,12,5,1,Rain,25
2025-01-04,R08,13,5,1,Rain,20
2025-01-04,R08,14,5,1,Cloudy,36
2025-01-04,R08,15,5,1,Clear,34
2025-01-04,R08,16,5,1,Clear,103
2025-01-04,R08,17,5,1,Clear,178
2025-01-04,R08,18,5,1,Clear,215
2025-01-04,R08,19,5,1,Clear,170
2025-01-04,R08,20,5,1,Cloudy,86
2025-01-04,R08,21,5,1,Clear,38
2025-01-04,R08,22,5,1,Cloudy,55
2025-01-05,R01,6,6,1,Clear,70
2025-01-05,R01,7,6,1,Clear,133
2025-01-05,R01,8,6,1,Rain,179
2025-01-05,R01,9,6,1,Clear,154
2025-01-05,R01,10,6,1,Cloudy,60
2025-01-05,R01,11,6,1,Rain,47
2025-01-05,R01,12,6,1,Clear,38
2025-01-05,R01,13,6,1,Clear,33
2025-01-05,R01,14,6,1,Cloudy,12
2025-01-05,R01,15,6,1,Cloudy,55
2025-01-05,R01,16,6,1,Clear,84
2025-01-05,R01,17,6,1,Clear,172
2025-01-05,R01,18,6,1,Cloudy,177
2025-01-05,R01,19,6,1,Rain,176
2025-01-05,R01,20,6,1,Clear,99
2025-01-05,R01,21,6,1,Rain,71
2025-01-05,R01,22,6,1,Clear,42
2025-01-05,R02,6,6,1,Clear,93
2025-01-05,R02,7,6,1,Clear,170
2025-01-05,R02,8,6,1,Cloudy,182
2025-01-05,R02,9,6,1,Clear,172
2025-01-05,R02,10,6,1,Cloudy,76
2025-01-05,R02,11,6,1,Clear,43
2025-01-05,R02,12,6,1,Clear,39
2025-01-05,R02,13,6,1,Clear,32
2025-01-05,R02,14,6,1,Clear,26
2025-01-05,R02,15,6,1,Clear,57
2025-01-05,R02,16,6,1,Clear,105
2025-01-05,R02,17,6,1,Clear,186
2025-01-05,R02,18,6,1,Cloudy,218
2025-01-05,R02,19,6,1,Clear,160
2025-01-05,R02,20,6,1,Cloudy,99
2025-01-05,R02,21,6,1,Cloudy,73
2025-01-05,R02,22,6,1,Clear,58
2025-01-05,R03,6,6,1,Clear,60
2025-01-05,R03,7,6,1,Clear,112
2025-01-05,R03,8,6,1,Clear,110
2025-01-05,R03,9,6,1,Clear,104
2025-01-05,R03,10,6,1,Cloudy,65
2025-01-05,R03,11,6,1,Clear,27
2025-01-05,R03,12,6,1,Clear,40
2025-01-05,R03,13,6,1,Clear,39
2025-01-05,R03,14,6,1,Clear,20
2025-01-05,R03,15,6,1,Clear,41
2025-01-05,R03,16,6,1,Cloudy,92
2025-01-05,R03,17,6,1,Cloudy,104
2025-01-05,R03,18,6,1,Clear,157
2025-01-05,R03,19,6,1,Clear,111
2025-01-05,R03,20,6,1,Clear,64
2025-01-05,R03,21,6,1,Cloudy,62
2025-01-05,R03,22,6,1,Clear,23
2025-01-05,R04,6,6,1,Cloudy,65
2025-01-05,R04,7,6,1,Clear,170
2025-01-05,R04,8,6,1,Cloudy,198
2025-01-05,R04,9,6,1,Clear,186
2025-01-05,R04,10,6,1,Clear,104
2025-01-05,R04,11,6,1,Clear,65
2025-01-05,R04,12,6,1,Cloudy,49
2025-01-05,R04,13,6,1,Clear,23
2025-01-05,R04,14,6,1,Rain,55
2025-01-05,R04,15,6,1,Clear,63
2025-01-05,R04,16,6,1,Clear,139
2025-01-05,R04,17,6,1,Rain,249
2025-01-05,R04,18,6,1,Clear,295
2025-01-05,R04,19,6,1,Clear,204
2025-01-05,R04,20,6,1,Clear,110
2025-01-05,R04,21,6,1,Clear,58
2025-01-05,R04,22,6,1,Clear,44
2025-01-05,R05,6,6,1,Cloudy,55
2025-01-05,R05,7,6,1,Clear,117
2025-01-05,R05,8,6,1,Clear,169
2025-01-05,R05,9,6,1,Cloudy,115
2025-01-05,R05,10,6,1,Rain,66
2025-01-05,R05,11,6,1,Clear,18
2025-01-05,R05,12,6,1,Clear,10
2025-01-05,R05,13,6,1,Clear,48
2025-01-05,R05,14,6,1,Cloudy,48
2025-01-05,R05,15,6,1,Clear,57
2025-01-05,R05,16,6,1,Clear,95
2025-01-05,R05,17,6,1,Clear,145
2025-01-05,R05,18,6,1,Clear,196
2025-01-05,R05,19,6,1,Clear,137
2025-01-05,R05,20,6,1,Clear,89
2025-01-05,R05,21,6,1,Clear,35
2025-01-05,R05,22,6,1,Clear,40
2025-01-05,R06,6,6,1,Clear,112
2025-01-05,R06,7,6,1,Cloudy,146
2025-01-05,R06,8,6,1,Clear,210
2025-01-05,R06,9,6,1,Clear,171
2025-01-05,R06,10,6,1,Rain,74
2025-01-05,R06,11,6,1,Clear,28
2025-01-05,R06,12,6,1,Clear,61
2025-01-05,R06,13,6,1,Clear,43
2025-01-05,R06,14,6,1,Clear,33
2025-01-05,R06,15,6,1,Clear,60
2025-01-05,R06,16,6,1,Clear,108
2025-01-05,R06,17,6,1,Cloudy,190
2025-01-05,R06,18,6,1,Clear,241
2025-01-05,R06,19,6,1,Cloudy,187
2025-01-05,R06,20,6,1,Cloudy,118
2025-01-05,R06,21,6,1,Clear,69
2025-01-05,R06,22,6,1,Clear,62
2025-01-05,R07,6,6,1,Clear,57
2025-01-05,R07,7,6,1,Clear,98
2025-01-05,R07,8,6,1,Clear,148
2025-01-05,R07,9,6,1,Clear,95
2025-01-05,R07,10,6,1,Cloudy,19
2025-01-05,R07,11,6,1,Clear,40
2025-01-05,R07,12,6,1,Clear,26
2025-01-05,R07,13,6,1,Clear,22
2025-01-05,R07,14,6,1,Clear,36
2025-01-05,R07,15,6,1,Clear,29
2025-01-05,R07,16,6,1,Cloudy,33
2025-01-05,R07,17,6,1,Clear,128
2025-01-05,R07,18,6,1,Rain,147
2025-01-05,R07,19,6,1,Clear,102
2025-01-05,R07,20,6,1,Cloudy,33
2025-01-05,R07,21,6,1,Cloudy,43
2025-01-05,R07,22,6,1,Clear,10
2025-01-05,R08,6,6,1,Cloudy,92
2025-01-05,R08,7,6,1,Clear,145
2025-01-05,R08,8,6,1,Clear,203
2025-01-05,R08,9,6,1,Cloudy,146
2025-01-05,R08,10,6,1,Clear,105
2025-01-05,R08,11,6,1,Clear,49
2025-01-05,R08,12,6,1,Clear,52
2025-01-05,R08,13,6,1,Clear,26
2025-01-05,R08,14,6,1,Clear,15
2025-01-05,R08,15,6,1,Clear,67
2025-01-05,R08,16,6,1,Clear,79
2025-01-05,R08,17,6,1,Clear,187
2025-01-05,R08,18,6,1,Clear,203
2025-01-05,R08,19,6,1,Rain,198
2025-01-05,R08,20,6,1,Cloudy,121
2025-01-05,R08,21,6,1,Clear,62
2025-01-05,R08,22,6,1,Cloudy,32
2025-01-06,R01,6,0,0,Clear,113
2025-01-06,R01,7,0,0,Clear,193
2025-01-06,R01,8,0,0,Rain,314
2025-01-06,R01,9,0,0,Clear,190
2025-01-06,R01,10,0,0,Clear,105
2025-01-06,R01,11,0,0,Clear,66
2025-01-06,R01,12,0,0,Cloudy,49
2025-01-06,R01,13,0,0,Cloudy,50
2025-01-06,R01,14,0,0,Clear,43
2025-01-06,R01,15,0,0,Clear,68
2025-01-06,R01,16,0,0,Clear,148
2025-01-06,R01,17,0,0,Rain,272
2025-01-06,R01,18,0,0,Clear,296
2025-01-06,R01,19,0,0,Rain,279
2025-01-06,R01,20,0,0,Cloudy,141
2025-01-06,R01,21,0,0,Cloudy,78
2025-01-06,R01,22,0,0,Cloudy,24
2025-01-06,R02,6,0,0,Clear,131
2025-01-06,R02,7,0,0,Clear,239
2025-01-06,R02,8,0,0,Rain,353
2025-01-06,R02,9,0,0,Cloudy,182
2025-01-06,R02,10,0,0,Clear,123
2025-01-06,R02,11,0,0,Clear,70
2025-01-06,R02,12,0,0,Clear,40
2025-01-06,R02,13,0,0,Cloudy,38
2025-01-06,R02,14,0,0,Rain,85
2025-01-06,R02,15,0,0,Clear,90
2025-01-06,R02,16,0,0,Clear,186
2025-01-06,R02,17,0,0,Clear,277
2025-01-06,R02,18,0,0,Rain,358
2025-01-06,R02,19,0,0,Clear,275
2025-01-06,R02,20,0,0,Clear,153
2025-01-06,R02,21,0,0,Clear,94
2025-01-06,R02,22,0,0,Rain,74
2025-01-06,R03,6,0,0,Cloudy,89
2025-01-06,R03,7,0,0,Cloudy,185
2025-01-06,R03,8,0,0,Cloudy,215
2025-01-06,R03,9,0,0,Clear,152
2025-01-06,R03,10,0,0,Clear,101
2025-01-06,R03,11,0,0,Rain,53
2025-01-06,R03,12,0,0,Cloudy,33
2025-01-06,R03,13,0,0,Clear,57
2025-01-06,R03,14,0,0,Cloudy,26
2025-01-06,R03,15,0,0,Clear,71
2025-01-06,R03,16,0,0,Cloudy,115
2025-01-06,R03,17,0,0,Rain,201
2025-01-06,R03,18,0,0,Clear,216
2025-01-06,R03,19,0,0,Clear,193
2025-01-06,R03,20,0,0,Clear,70
2025-01-06,R03,21,0,0,Clear,74
2025-01-06,R03,22,0,0,Clear,46
2025-01-06,R04,6,0,0,Clear,164
2025-01-06,R04,7,0,0,Cloudy,258
2025-01-06,R04,8,0,0,Rain,401
2025-01-06,R04,9,0,0,Rain,289
2025-01-06,R04,10,0,0,Clear,151
2025-01-06,R04,11,0,0,Cloudy,68
2025-01-06,R04,12,0,0,Clear,61
2025-01-06,R04,13,0,0,Cloudy,59
2025-01-06,R04,14,0,0,Clear,72
2025-01-06,R04,15,0,0,Cloudy,80
2025-01-06,R04,16,0,0,Clear,190
2025-01-06,R04,17,0,0,Cloudy,301
2025-01-06,R04,18,0,0,Cloudy,350
2025-01-06,R04,19,0,0,Clear,295
2025-01-06,R04,20,0,0,Clear,199
2025-01-06,R04,21,0,0,Cloudy,59
2025-01-06,R04,22,0,0,Rain,72
2025-01-06,R05,6,0,0,Clear,81
2025-01-06,R05,7,0,0,Clear,214
2025-01-06,R05,8,0,0,Clear,251
2025-01-06,R05,9,0,0,Rain,214
2025-01-06,R05,10,0,0,Cloudy,84
2025-01-06,R05,11,0,0,Clear,36
2025-01-06,R05,12,0,0,Clear,47
2025-01-06,R05,13,0,0,Clear,43
2025-01-06,R05,14,0,0,Clear,32
2025-01-06,R05,15,0,0,Clear,52
2025-01-06,R05,16,0,0,Cloudy,105
2025-01-06,R05,17,0,0,Cloudy,195
2025-01-06,R05,18,0,0,Cloudy,251
2025-01-06,R05,19,0,0,Clear,230
2025-01-06,R05,20,0,0,Clear,136
2025-01-06,R05,21,0,0,Clear,67
2025-01-06,R05,22,0,0,Clear,49
2025-01-06,R06,6,0,0,Clear,141
2025-01-06,R06,7,0,0,Clear,222
2025-01-06,R06,8,0,0,Clear,323
2025-01-06,R06,9,0,0,Rain,293
2025-01-06,R06,10,0,0,Cloudy,98
2025-01-06,R06,11,0,0,Rain,42
2025-01-06,R06,12,0,0,Rain,62
2025-01-06,R06,13,0,0,Cloudy,69
2025-01-06,R06,14,0,0,Clear,60
2025-01-06,R06,15,0,0,Clear,98
2025-01-06,R06,16,0,0,Clear,174
2025-01-06,R06,17,0,0,Clear,280
2025-01-06,R06,18,0,0,Clear,351
2025-01-06,R06,19,0,0,Cloudy,255
2025-01-06,R06,20,0,0,Rain,208
2025-01-06,R06,21,0,0,Rain,110
2025-01-06,R06,22,0,0,Clear,61
2025-01-06,R07,6,0,0,Cloudy,69
2025-01-06,R07,7,0,0,Clear,133
2025-01-06,R07,8,0,0,Clear,190
2025-01-06,R07,9,0,0,Clear,134
2025-01-06,R07,10,0,0,Rain,79
2025-01-06,R07,11,0,0,Cloudy,31
2025-01-06,R07,12,0,0,Clear,44
2025-01-06,R07,13,0,0,Cloudy,29
2025-01-06,R07,14,0,0,Rain,41
2025-01-06,R07,15,0,0,Cloudy,32
2025-01-06,R07,16,0,0,Clear,89
2025-01-06,R07,17,0,0,Rain,190
2025-01-06,R07,18,0,0,Clear,187
2025-01-06,R07,19,0,0,Clear,167
2025-01-06,R07,20,0,0,Cloudy,92
2025-01-06,R07,21,0,0,Cloudy,30
2025-01-06,R07,22,0,0,Clear,50
2025-01-06,R08,6,0,0,Rain,134
2025-01-06,R08,7,0,0,Clear,218
2025-01-06,R08,8,0,0,Cloudy,255
2025-01-06,R08,9,0,0,Clear,197
2025-01-06,R08,10,0,0,Clear,130
2025-01-06,R08,11,0,0,Clear,58
2025-01-06,R08,12,0,0,Clear,32
2025-01-06,R08,13,0,0,Cloudy,37
2025-01-06,R08,14,0,0,Rain,66
2025-01-06,R08,15,0,0,Clear,82
2025-01-06,R08,16,0,0,Clear,134
2025-01-06,R08,17,0,0,Cloudy,261
2025-01-06,R08,18,0,0,Clear,300
2025-01-06,R08,19,0,0,Clear,279
2025-01-06,R08,20,0,0,Clear,152
2025-01-06,R08,21,0,0,Rain,81
2025-01-06,R08,22,0,0,Clear,51
2025-01-07,R01,6,1,0,Clear,108
2025-01-07,R01,7,1,0,Rain,228
2025-01-07,R01,8,1,0,Clear,231
2025-01-07,R01,9,1,0,Clear,190
2025-01-07,R01,10,1,0,Clear,107
2025-01-07,R01,11,1,0,Cloudy,71
2025-01-07,R01,12,1,0,Rain,67
2025-01-07,R01,13,1,0,Cloudy,65
2025-01-07,R01,14,1,0,Clear,65
2025-01-07,R01,15,1,0,Clear,60
2025-01-07,R01,16,1,0,Cloudy,127
2025-01-07,R01,17,1,0,Cloudy,238
2025-01-07,R01,18,1,0,Cloudy,288
2025-01-07,R01,19,1,0,Cloudy,220
2025-01-07,R01,20,1,0,Cloudy,135
2025-01-07,R01,21,1,0,Cloudy,60
2025-01-07,R01,22,1,0,Clear,29
2025-01-07,R02,6,1,0,Clear,124
2025-01-07,R02,7,1,0,Clear,234
2025-01-07,R02,8,1,0,Cloudy,277
2025-01-07,R02,9,1,0,Clear,244
2025-01-07,R02,10,1,0,Cloudy,115
2025-01-07,R02,11,1,0,Clear,74
2025-01-07,R02,12,1,0,Rain,71
2025-01-07,R02,13,1,0,Rain,93
2025-01-07,R02,14,1,0,Clear,57
2025-01-07,R02,15,1,0,Clear,101
2025-01-07,R02,16,1,0,Clear,163
2025-01-07,R02,17,1,0,Cloudy,267
2025-01-07,R02,18,1,0,Cloudy,322
2025-01-07,R02,19,1,0,Rain,309
2025-01-07,R02,20,1,0,Clear,157
2025-01-07,R02,21,1,0,Clear,98
2025-01-07,R02,22,1,0,Cloudy,45
2025-01-07,R03,6,1,0,Clear,66
2025-01-07,R03,7,1,0,Cloudy,147
2025-01-07,R03,8,1,0,Clear,201
2025-01-07,R03,9,1,0,Clear,157
2025-01-07,R03,10,1,0,Clear,85
2025-01-07,R03,11,1,0,Rain,45
2025-01-07,R03,12,1,0,Cloudy,34
2025-01-07,R03,13,1,0,Cloudy,28
2025-01-07,R03,14,1,0,Clear,47
2025-01-07,R03,15,1,0,Cloudy,88
2025-01-07,R03,16,1,0,Clear,114
2025-01-07,R03,17,1,0,Rain,207
2025-01-07,R03,18,1,0,Cloudy,192
2025-01-07,R03,19,1,0,Clear,221
2025-01-07,R03,20,1,0,Clear,115
2025-01-07,R03,21,1,0,Clear,56
2025-01-07,R03,22,1,0,Cloudy,10
2025-01-07,R04,6,1,0,Clear,142
2025-01-07,R04,7,1,0,Rain,299
2025-01-07,R04,8,1,0,Rain,373
2025-01-07,R04,9,1,0,Clear,252
2025-01-07,R04,10,1,0,Clear,124
2025-01-07,R04,11,1,0,Clear,106
2025-01-07,R04,12,1,0,Clear,64
2025-01-07,R04,13,1,0,Cloudy,51
2025-01-07,R04,14,1,0,Cloudy,64
2025-01-07,R04,15,1,0,Rain,105
2025-01-07,R04,16,1,0,Clear,163
2025-01-07,R04,17,1,0,Clear,333
2025-01-07,R04,18,1,0,Clear,391
2025-01-07,R04,19,1,0,Cloudy,302
2025-01-07,R04,20,1,0,Clear,204
2025-01-07,R04,21,1,0,Cloudy,72
2025-01-07,R04,22,1,0,Cloudy,52
2025-01-07,R05,6,1,0,Clear,106
2025-01-07,R05,7,1,0,Clear,203
2025-01-07,R05,8,1,0,Cloudy,220
2025-01-07,R05,9,1,0,Clear,182
2025-01-07,R05,10,1,0,Clear,110
2025-01-07,R05,11,1,0,Cloudy,84
2025-01-07,R05,12,1,0,Cloudy,43
2025-01-07,R05,13,1,0,Cloudy,30
2025-01-07,R05,14,1,0,Cloudy,30
2025-01-07,R05,15,1,0,Clear,66
2025-01-07,R05,16,1,0,Clear,141
2025-01-07,R05,17,1,0,Clear,264
2025-01-07,R05,18,1,0,Clear,272
2025-01-07,R05,19,1,0,Clear,226
2025-01-07,R05,20,1,0,Clear,153
2025-01-07,R05,21,1,0,Cloudy,68
2025-01-07,R05,22,1,0,Clear,50
2025-01-07,R06,6,1,0,Cloudy,146
2025-01-07,R06,7,1,0,Clear,252
2025-01-07,R06,8,1,0,Clear,307
2025-01-07,R06,9,1,0,Clear,267
2025-01-07,R06,10,1,0,Rain,124
2025-01-07,R06,11,1,0,Clear,87
2025-01-07,R06,12,1,0,Clear,58
2025-01-07,R06,13,1,0,Clear,53
2025-01-07,R06,14,1,0,Cloudy,54
2025-01-07,R06,15,1,0,Clear,87
2025-01-07,R06,16,1,0,Rain,180
2025-01-07,R06,17,1,0,Cloudy,285
2025-01-07,R06,18,1,0,Cloudy,337
2025-01-07,R06,19,1,0,Cloudy,252
2025-01-07,R06,20,1,0,Rain,187
2025-01-07,R06,21,1,0,Cloudy,97
2025-01-07,R06,22,1,0,Rain,41
2025-01-07,R07,6,1,0,Clear,77
2025-01-07,R07,7,1,0,Clear,138
2025-01-07,R07,8,1,0,Rain,216
2025-01-07,R07,9,1,0,Clear,140
2025-01-07,R07,10,1,0,Cloudy,83
2025-01-07,R07,11,1,0,Clear,51
2025-01-07,R07,12,1,0,Cloudy,41
2025-01-07,R07,13,1,0,Clear,55
2025-01-07,R07,14,1,0,Rain,36
2025-01-07,R07,15,1,0,Cloudy,49
2025-01-07,R07,16,1,0,Clear,104
2025-01-07,R07,17,1,0,Clear,172
2025-01-07,R07,18,1,0,Cloudy,194
2025-01-07,R07,19,1,0,Cloudy,148
2025-01-07,R07,20,1,0,Clear,98
2025-01-07,R07,21,1,0,Clear,30
2025-01-07,R07,22,1,0,Clear,10
2025-01-07,R08,6,1,0,Cloudy,95
2025-01-07,R08,7,1,0,Clear,229
2025-01-07,R08,8,1,0,Clear,285
2025-01-07,R08,9,1,0,Clear,230
2025-01-07,R08,10,1,0,Clear,108
2025-01-07,R08,11,1,0,Clear,79
2025-01-07,R08,12,1,0,Clear,32
2025-01-07,R08,13,1,0,Clear,35
2025-01-07,R08,14,1,0,Clear,69
2025-01-07,R08,15,1,0,Rain,88
2025-01-07,R08,16,1,0,Clear,159
2025-01-07,R08,17,1,0,Clear,264
2025-01-07,R08,18,1,0,Clear,313
2025-01-07,R08,19,1,0,Cloudy,228
2025-01-07,R08,20,1,0,Rain,139
2025-01-07,R08,21,1,0,Clear,104
2025-01-07,R08,22,1,0,Clear,32
2025-01-08,R01,6,2,0,Clear,127
2025-01-08,R01,7,2,0,Cloudy,190
2025-01-08,R01,8,2,0,Clear,260
2025-01-08,R01,9,2,0,Cloudy,191
2025-01-08,R01,10,2,0,Cloudy,108
2025-01-08,R01,11,2,0,Clear,47
2025-01-08,R01,12,2,0,Cloudy,14
2025-01-08,R01,13,2,0,Clear,38
2025-01-08,R01,14,2,0,Clear,56
2025-01-08,R01,15,2,0,Clear,56
2025-01-08,R01,16,2,0,Rain,164
2025-01-08,R01,17,2,0,Rain,259
2025-01-08,R01,18,2,0,Rain,305
2025-01-08,R01,19,2,0,Clear,239
2025-01-08,R01,20,2,0,Rain,156
2025-01-08,R01,21,2,0,Rain,85
2025-01-08,R01,22,2,0,Clear,10
2025-01-08,R02,6,2,0,Cloudy,76
2025-01-08,R02,7,2,0,Clear,251
2025-01-08,R02,8,2,0,Clear,282
2025-01-08,R02,9,2,0,Clear,251
2025-01-08,R02,10,2,0,Cloudy,134
2025-01-08,R02,11,2,0,Clear,52
2025-01-08,R02,12,2,0,Rain,46
2025-01-08,R02,13,2,0,Clear,64
2025-01-08,R02,14,2,0,Clear,53
2025-01-08,R02,15,2,0,Rain,111
2025-01-08,R02,16,2,0,Clear,183
2025-01-08,R02,17,2,0,Clear,264
2025-01-08,R02,18,2,0,Clear,333
2025-01-08,R02,19,2,0,Rain,309
2025-01-08,R02,20,2,0,Cloudy,120
2025-01-08,R02,21,2,0,Clear,59
2025-01-08,R02,22,2,0,Cloudy,42
2025-01-08,R03,6,2,0,Clear,116
2025-01-08,R03,7,2,0,Cloudy,158
2025-01-08,R03,8,2,0,Clear,201
2025-01-08,R03,9,2,0,Clear,150
2025-01-08,R03,10,2,0,Clear,71
2025-01-08,R03,11,2,0,Cloudy,37
2025-01-08,R03,12,2,0,Rain,33
2025-01-08,R03,13,2,0,Clear,34
2025-01-08,R03,14,2,0,Cloudy,45
2025-01-08,R03,15,2,0,Clear,57
2025-01-08,R03,16,2,0,Clear,123
2025-01-08,R03,17,2,0,Clear,190
2025-01-08,R03,18,2,0,Clear,263
2025-01-08,R03,19,2,0,Clear,205
2025-01-08,R03,20,2,0,Clear,114
2025-01-08,R03,21,2,0,Clear,65
2025-01-08,R03,22,2,0,Clear,33
2025-01-08,R04,6,2,0,Clear,141
2025-01-08,R04,7,2,0,Clear,266
2025-01-08,R04,8,2,0,Clear,335
2025-01-08,R04,9,2,0,Clear,251
2025-01-08,R04,10,2,0,Cloudy,143
2025-01-08,R04,11,2,0,Clear,92
2025-01-08,R04,12,2,0,Cloudy,65
2025-01-08,R04,13,2,0,Cloudy,57
2025-01-08,R04,14,2,0,Rain,105
2025-01-08,R04,15,2,0,Clear,87
2025-01-08,R04,16,2,0,Clear,187
2025-01-08,R04,17,2,0,Clear,336
2025-01-08,R04,18,2,0,Clear,378
2025-01-08,R04,19,2,0,Cloudy,310
2025-01-08,R04,20,2,0,Clear,208
2025-01-08,R04,21,2,0,Clear,96
2025-01-08,R04,22,2,0,Rain,76
2025-01-08,R05,6,2,0,Clear,92
2025-01-08,R05,7,2,0,Clear,197
2025-01-08,R05,8,2,0,Clear,233
2025-01-08,R05,9,2,0,Clear,189
2025-01-08,R05,10,2,0,Cloudy,75
2025-01-08,R05,11,2,0,Clear,19
2025-01-08,R05,12,2,0,Clear,38
2025-01-08,R05,13,2,0,Rain,41
2025-01-08,R05,14,2,0,Clear,42
2025-01-08,R05,15,2,0,Clear,78
2025-01-08,R05,16,2,0,Cloudy,135
2025-01-08,R05,17,2,0,Cloudy,216
2025-01-08,R05,18,2,0,Clear,286
2025-01-08,R05,19,2,0,Cloudy,201
2025-01-08,R05,20,2,0,Clear,115
2025-01-08,R05,21,2,0,Clear,75
2025-01-08,R05,22,2,0,Rain,36
2025-01-08,R06,6,2,0,Clear,116
2025-01-08,R06,7,2,0,Clear,290
2025-01-08,R06,8,2,0,Cloudy,302
2025-01-08,R06,9,2,0,Cloudy,229
2025-01-08,R06,10,2,0,Cloudy,117
2025-01-08,R06,11,2,0,Cloudy,48
2025-01-08,R06,12,2,0,Clear,62
2025-01-08,R06,13,2,0,Clear,53
2025-01-08,R06,14,2,0,Clear,76
2025-01-08,R06,15,2,0,Clear,96
2025-01-08,R06,16,2,0,Clear,165
2025-01-08,R06,17,2,0,Clear,269
2025-01-08,R06,18,2,0,Clear,365
2025-01-08,R06,19,2,0,Clear,296
2025-01-08,R06,20,2,0,Clear,140
2025-01-08,R06,21,2,0,Clear,95
2025-01-08,R06,22,2,0,Clear,46
2025-01-08,R07,6,2,0,Cloudy,87
2025-01-08,R07,7,2,0,Rain,157
2025-01-08,R07,8,2,0,Clear,176
2025-01-08,R07,9,2,0,Cloudy,138
2025-01-08,R07,10,2,0,Cloudy,74
2025-01-08,R07,11,2,0,Clear,43
2025-01-08,R07,12,2,0,Cloudy,44
2025-01-08,R07,13,2,0,Rain,11
2025-01-08,R07,14,2,0,Rain,43
2025-01-08,R07,15,2,0,Clear,41
2025-01-08,R07,16,2,0,Clear,94
2025-01-08,R07,17,2,0,Cloudy,180
2025-01-08,R07,18,2,0,Cloudy,186
2025-01-08,R07,19,2,0,Clear,176
2025-01-08,R07,20,2,0,Clear,111
2025-01-08,R07,21,2,0,Clear,58
2025-01-08,R07,22,2,0,Clear,37
2025-01-08,R08,6,2,0,Clear,120
2025-01-08,R08,7,2,0,Clear,228
2025-01-08,R08,8,2,0,Clear,271
2025-01-08,R08,9,2,0,Clear,220
2025-01-08,R08,10,2,0,Clear,148
2025-01-08,R08,11,2,0,Clear,70
2025-01-08,R08,12,2,0,Cloudy,50
2025-01-08,R08,13,2,0,Rain,50
2025-01-08,R08,14,2,0,Rain,49
2025-01-08,R08,15,2,0,Clear,82
2025-01-08,R08,16,2,0,Clear,154
2025-01-08,R08,17,2,0,Clear,260
2025-01-08,R08,18,2,0,Rain,391
2025-01-08,R08,19,2,0,Clear,251
2025-01-08,R08,20,2,0,Clear,136
2025-01-08,R08,21,2,0,Cloudy,69
2025-01-08,R08,22,2,0,Clear,54
2025-01-09,R01,6,3,0,Cloudy,89
2025-01-09,R01,7,3,0,Rain,224
2025-01-09,R01,8,3,0,Clear,261
2025-01-09,R01,9,3,0,Clear,210
2025-01-09,R01,10,3,0,Clear,99
2025-01-09,R01,11,3,0,Clear,77
2025-01-09,R01,12,3,0,Clear,55
2025-01-09,R01,13,3,0,Clear,85
2025-01-09,R01,14,3,0,Rain,44
2025-01-09,R01,15,3,0,Clear,59
2025-01-09,R01,16,3,0,Clear,132
2025-01-09,R01,17,3,0,Clear,242
2025-01-09,R01,18,3,0,Clear,299
2025-01-09,R01,19,3,0,Clear,246
2025-01-09,R01,20,3,0,Cloudy,158
2025-01-09,R01,21,3,0,Cloudy,41
2025-01-09,R01,22,3,0,Rain,30
2025-01-09,R02,6,3,0,Cloudy,117
2025-01-09,R02,7,3,0,Clear,265
2025-01-09,R02,8,3,0,Clear,313
2025-01-09,R02,9,3,0,Clear,223
2025-01-09,R02,10,3,0,Clear,128
2025-01-09,R02,11,3,0,Clear,66
2025-01-09,R02,12,3,0,Cloudy,49
2025-01-09,R02,13,3,0,Clear,47
2025-01-09,R02,14,3,0,Cloudy,57
2025-01-09,R02,15,3,0,Clear,99
2025-01-09,R02,16,3,0,Clear,154
2025-01-09,R02,17,3,0,Cloudy,272
2025-01-09,R02,18,3,0,Clear,355
2025-01-09,R02,19,3,0,Rain,326
2025-01-09,R02,20,3,0,Clear,148
2025-01-09,R02,21,3,0,Clear,84
2025-01-09,R02,22,3,0,Clear,50
2025-01-09,R03,6,3,0,Cloudy,84
2025-01-09,R03,7,3,0,Cloudy,156
2025-01-09,R03,8,3,0,Cloudy,182
2025-01-09,R03,9,3,0,Clear,167
2025-01-09,R03,10,3,0,Clear,118
2025-01-09,R03,11,3,0,Cloudy,52
2025-01-09,R03,12,3,0,Clear,20
2025-01-09,R03,13,3,0,Cloudy,22
2025-01-09,R03,14,3,0,Clear,40
2025-01-09,R03,15,3,0,Cloudy,42
2025-01-09,R03,16,3,0,Clear,129
2025-01-09,R03,17,3,0,Cloudy,163
2025-01-09,R03,18,3,0,Clear,246
2025-01-09,R03,19,3,0,Clear,172
2025-01-09,R03,20,3,0,Clear,111
2025-01-09,R03,21,3,0,Cloudy,40
2025-01-09,R03,22,3,0,Cloudy,48
2025-01-09,R04,6,3,0,Clear,159
2025-01-09,R04,7,3,0,Clear,275
2025-01-09,R04,8,3,0,Clear,362
2025-01-09,R04,9,3,0,Rain,264
2025-01-09,R04,10,3,0,Clear,146
2025-01-09,R04,11,3,0,Clear,86
2025-01-09,R04,12,3,0,Clear,72
2025-01-09,R04,13,3,0,Cloudy,32
2025-01-09,R04,14,3,0,Rain,80
2025-01-09,R04,15,3,0,Clear,105
2025-01-09,R04,16,3,0,Clear,185
2025-01-09,R04,17,3,0,Rain,335
2025-01-09,R04,18,3,0,Clear,386
2025-01-09,R04,19,3,0,Clear,338
2025-01-09,R04,20,3,0,Clear,199
2025-01-09,R04,21,3,0,Clear,103
2025-01-09,R04,22,3,0,Cloudy,73
2025-01-09,R05,6,3,0,Clear,115
2025-01-09,R05,7,3,0,Clear,197
2025-01-09,R05,8,3,0,Clear,261
2025-01-09,R05,9,3,0,Clear,207
2025-01-09,R05,10,3,0,Clear,137
2025-01-09,R05,11,3,0,Cloudy,45
2025-01-09,R05,12,3,0,Clear,38
2025-01-09,R05,13,3,0,Cloudy,10
2025-01-09,R05,14,3,0,Clear,52
2025-01-09,R05,15,3,0,Cloudy,91
2025-01-09,R05,16,3,0,Clear,147
2025-01-09,R05,17,3,0,Clear,237
2025-01-09,R05,18,3,0,Clear,296
2025-01-09,R05,19,3,0,Rain,255
2025-01-09,R05,20,3,0,Cloudy,117
2025-01-09,R05,21,3,0,Clear,99
2025-01-09,R05,22,3,0,Clear,53
2025-01-09,R06,6,3,0,Clear,149
2025-01-09,R06,7,3,0,Clear,217
2025-01-09,R06,8,3,0,Clear,290
2025-01-09,R06,9,3,0,Cloudy,238
2025-01-09,R06,10,3,0,Cloudy,113
2025-01-09,R06,11,3,0,Clear,77
2025-01-09,R06,12,3,0,Clear,52
2025-01-09,R06,13,3,0,Cloudy,93
2025-01-09,R06,14,3,0,Clear,77
2025-01-09,R06,15,3,0,Clear,110
2025-01-09,R06,16,3,0,Cloudy,131
2025-01-09,R06,17,3,0,Clear,308
2025-01-09,R06,18,3,0,Rain,399
2025-01-09,R06,19,3,0,Clear,318
2025-01-09,R06,20,3,0,Clear,179
2025-01-09,R06,21,3,0,Cloudy,83
2025-01-09,R06,22,3,0,Rain,52
2025-01-09,R07,6,3,0,Clear,79
2025-01-09,R07,7,3,0,Clear,161
2025-01-09,R07,8,3,0,Rain,225
2025-01-09,R07,9,3,0,Rain,154
2025-01-09,R07,10,3,0,Clear,112
2025-01-09,R07,11,3,0,Clear,58
2025-01-09,R07,12,3,0,Clear,21
2025-01-09,R07,13,3,0,Rain,21
2025-01-09,R07,14,3,0,Clear,34
2025-01-09,R07,15,3,0,Clear,46
2025-01-09,R07,16,3,0,Cloudy,99
2025-01-09,R07,17,3,0,Cloudy,161
2025-01-09,R07,18,3,0,Cloudy,194
2025-01-09,R07,19,3,0,Cloudy,139
2025-01-09,R07,20,3,0,Clear,107
2025-01-09,R07,21,3,0,Rain,34
2025-01-09,R07,22,3,0,Cloudy,49
2025-01-09,R08,6,3,0,Cloudy,83
2025-01-09,R08,7,3,0,Clear,197
2025-01-09,R08,8,3,0,Clear,270
2025-01-09,R08,9,3,0,Clear,214
2025-01-09,R08,10,3,0,Clear,108
2025-01-09,R08,11,3,0,Clear,58
2025-01-09,R08,12,3,0,Cloudy,52
2025-01-09,R08,13,3,0,Cloudy,35
2025-01-09,R08,14,3,0,Clear,59
2025-01-09,R08,15,3,0,Clear,45
2025-01-09,R08,16,3,0,Cloudy,128
2025-01-09,R08,17,3,0,Clear,237
2025-01-09,R08,18,3,0,Cloudy,317
2025-01-09,R08,19,3,0,Clear,251
2025-01-09,R08,20,3,0,Clear,158
2025-01-09,R08,21,3,0,Cloudy,48
2025-01-09,R08,22,3,0,Clear,76
2025-01-10,R01,6,4,0,Clear,108
2025-01-10,R01,7,4,0,Clear,230
2025-01-10,R01,8,4,0,Rain,282
2025-01-10,R01,9,4,0,Clear,179
2025-01-10,R01,10,4,0,Clear,93
2025-01-10,R01,11,4,0,Clear,55
2025-01-10,R01,12,4,0,Cloudy,30
2025-01-10,R01,13,4,0,Clear,60
2025-01-10,R01,14,4,0,Rain,56
2025-01-10,R01,15,4,0,Clear,58
2025-01-10,R01,16,4,0,Clear,148
2025-01-10,R01,17,4,0,Clear,232
2025-01-10,R01,18,4,0,Cloudy,285
2025-01-10,R01,19,4,0,Cloudy,216
2025-01-10,R01,20,4,0,Clear,144
2025-01-10,R01,21,4,0,Rain,73
2025-01-10,R01,22,4,0,Cloudy,61
2025-01-10,R02,6,4,0,Clear,100
2025-01-10,R02,7,4,0,Clear,219
2025-01-10,R02,8,4,0,Cloudy,283
2025-01-10,R02,9,4,0,Clear,227
2025-01-10,R02,10,4,0,Clear,120
2025-01-10,R02,11,4,0,Clear,78
2025-01-10,R02,12,4,0,Cloudy,46
2025-01-10,R02,13,4,0,Clear,59
2025-01-10,R02,14,4,0,Rain,52
2025-01-10,R02,15,4,0,Cloudy,51
2025-01-10,R02,16,4,0,Cloudy,162
2025-01-10,R02,17,4,0,Clear,306
2025-01-10,R02,18,4,0,Clear,348
2025-01-10,R02,19,4,0,Clear,279
2025-01-10,R02,20,4,0,Clear,162
2025-01-10,R02,21,4,0,Clear,103
2025-01-10,R02,22,4,0,Clear,62
2025-01-10,R03,6,4,0,Clear,99
2025-01-10,R03,7,4,0,Clear,175
2025-01-10,R03,8,4,0,Clear,226
2025-01-10,R03,9,4,0,Clear,163
2025-01-10,R03,10,4,0,Rain,89
2025-01-10,R03,11,4,0,Cloudy,53
2025-01-10,R03,12,4,0,Clear,53
2025-01-10,R03,13,4,0,Clear,55
2025-01-10,R03,14,4,0,Cloudy,60
2025-01-10,R03,15,4,0,Clear,71
2025-01-10,R03,16,4,0,Clear,103
2025-01-10,R03,17,4,0,Clear,198
2025-01-10,R03,18,4,0,Rain,265
2025-01-10,R03,19,4,0,Clear,195
2025-01-10,R03,20,4,0,Cloudy,113
2025-01-10,R03,21,4,0,Cloudy,52
2025-01-10,R03,22,4,0,Cloudy,35
2025-01-10,R04,6,4,0,Cloudy,162
2025-01-10,R04,7,4,0,Clear,270
2025-01-10,R04,8,4,0,Clear,362
2025-01-10,R04,9,4,0,Clear,287
2025-01-10,R04,10,4,0,Clear,148
2025-01-10,R04,11,4,0,Rain,84
2025-01-10,R04,12,4,0,Clear,51
2025-01-10,R04,13,4,0,Rain,45
2025-01-10,R04,14,4,0,Clear,76
2025-01-10,R04,15,4,0,Rain,112
2025-01-10,R04,16,4,0,Cloudy,184
2025-01-10,R04,17,4,0,Cloudy,295
2025-01-10,R04,18,4,0,Clear,423
2025-01-10,R04,19,4,0,Clear,328
2025-01-10,R04,20,4,0,Clear,182
2025-01-10,R04,21,4,0,Cloudy,61
2025-01-10,R04,22,4,0,Cloudy,58
2025-01-10,R05,6,4,0,Clear,113
2025-01-10,R05,7,4,0,Cloudy,200
2025-01-10,R05,8,4,0,Rain,269
2025-01-10,R05,9,4,0,Rain,233
2025-01-10,R05,10,4,0,Rain,98
2025-01-10,R05,11,4,0,Clear,62
2025-01-10,R05,12,4,0,Clear,51
2025-01-10,R05,13,4,0,Clear,53
2025-01-10,R05,14,4,0,Clear,50
2025-01-10,R05,15,4,0,Cloudy,69
2025-01-10,R05,16,4,0,Clear,116
2025-01-10,R05,17,4,0,Clear,245
2025-01-10,R05,18,4,0,Clear,291
2025-01-10,R05,19,4,0,Cloudy,217
2025-01-10,R05,20,4,0,Cloudy,135
2025-01-10,R05,21,4,0,Rain,94
2025-01-10,R05,22,4,0,Cloudy,53
2025-01-10,R06,6,4,0,Cloudy,156
2025-01-10,R06,7,4,0,Clear,261
2025-01-10,R06,8,4,0,Cloudy,290
2025-01-10,R06,9,4,0,Rain,280
2025-01-10,R06,10,4,0,Clear,148
2025-01-10,R06,11,4,0,Clear,93
2025-01-10,R06,12,4,0,Clear,61
2025-01-10,R06,13,4,0,Clear,45
2025-01-10,R06,14,4,0,Cloudy,56
2025-01-10,R06,15,4,0,Clear,71
2025-01-10,R06,16,4,0,Clear,182
2025-01-10,R06,17,4,0,Clear,291
2025-01-10,R06,18,4,0,Clear,356
2025-01-10,R06,19,4,0,Clear,310
2025-01-10,R06,20,4,0,Cloudy,183
2025-01-10,R06,21,4,0,Clear,80
2025-01-10,R06,22,4,0,Cloudy,62
2025-01-10,R07,6,4,0,Clear,75
2025-01-10,R07,7,4,0,Cloudy,156
2025-01-10,R07,8,4,0,Cloudy,173
2025-01-10,R07,9,4,0,Clear,131
2025-01-10,R07,10,4,0,Clear,77
2025-01-10,R07,11,4,0,Rain,63
2025-01-10,R07,12,4,0,Clear,31
2025-01-10,R07,13,4,0,Cloudy,23
2025-01-10,R07,14,4,0,Clear,35
2025-01-10,R07,15,4,0,Cloudy,35
2025-01-10,R07,16,4,0,Clear,96
2025-01-10,R07,17,4,0,Clear,164
2025-01-10,R07,18,4,0,Cloudy,231
2025-01-10,R07,19,4,0,Clear,144
2025-01-10,R07,20,4,0,Cloudy,81
2025-01-10,R07,21,4,0,Clear,43
2025-01-10,R07,22,4,0,Clear,23
2025-01-10,R08,6,4,0,Clear,124
2025-01-10,R08,7,4,0,Clear,211
2025-01-10,R08,8,4,0,Clear,263
2025-01-10,R08,9,4,0,Cloudy,209
2025-01-10,R08,10,4,0,Clear,114
2025-01-10,R08,11,4,0,Clear,55
2025-01-10,R08,12,4,0,Clear,72
2025-01-10,R08,13,4,0,Clear,57
2025-01-10,R08,14,4,0,Clear,60
2025-01-10,R08,15,4,0,Cloudy,81
2025-01-10,R08,16,4,0,Clear,156
2025-01-10,R08,17,4,0,Clear,258
2025-01-10,R08,18,4,0,Clear,312
2025-01-10,R08,19,4,0,Clear,263
2025-01-10,R08,20,4,0,Clear,146
2025-01-10,R08,21,4,0,Clear,52
2025-01-10,R08,22,4,0,Cloudy,37
2025-01-11,R01,6,5,1,Rain,75
2025-01-11,R01,7,5,1,Cloudy,142
2025-01-11,R01,8,5,1,Cloudy,166
2025-01-11,R01,9,5,1,Cloudy,116
2025-01-11,R01,10,5,1,Clear,57
2025-01-11,R01,11,5,1,Clear,56
2025-01-11,R01,12,5,1,Clear,29
2025-01-11,R01,13,5,1,Cloudy,10
2025-01-11,R01,14,5,1,Clear,32
2025-01-11,R01,15,5,1,Rain,63
2025-01-11,R01,16,5,1,Cloudy,71
2025-01-11,R01,17,5,1,Cloudy,153
2025-01-11,R01,18,5,1,Clear,201
2025-01-11,R01,19,5,1,Clear,146
2025-01-11,R01,20,5,1,Cloudy,105
2025-01-11,R01,21,5,1,Clear,51
2025-01-11,R01,22,5,1,Cloudy,27
2025-01-11,R02,6,5,1,Rain,92
2025-01-11,R02,7,5,1,Cloudy,134
2025-01-11,R02,8,5,1,Cloudy,176
2025-01-11,R02,9,5,1,Cloudy,145
2025-01-11,R02,10,5,1,Cloudy,75
2025-01-11,R02,11,5,1,Cloudy,41
2025-01-11,R02,12,5,1,Rain,61
2025-01-11,R02,13,5,1,Clear,46
2025-01-11,R02,14,5,1,Clear,15
2025-01-11,R02,15,5,1,Clear,74
2025-01-11,R02,16,5,1,Clear,103
2025-01-11,R02,17,5,1,Clear,201
2025-01-11,R02,18,5,1,Clear,229
2025-01-11,R02,19,5,1,Clear,192
2025-01-11,R02,20,5,1,Clear,93
2025-01-11,R02,21,5,1,Rain,68
2025-01-11,R02,22,5,1,Cloudy,50
2025-01-11,R03,6,5,1,Rain,43
2025-01-11,R03,7,5,1,Cloudy,118
2025-01-11,R03,8,5,1,Clear,134
2025-01-11,R03,9,5,1,Cloudy,130
2025-01-11,R03,10,5,1,Clear,70
2025-01-11,R03,11,5,1,Cloudy,39
2025-01-11,R03,12,5,1,Cloudy,22
2025-01-11,R03,13,5,1,Clear,62
2025-01-11,R03,14,5,1,Clear,21
2025-01-11,R03,15,5,1,Clear,26
2025-01-11,R03,16,5,1,Clear,67
2025-01-11,R03,17,5,1,Clear,147
2025-01-11,R03,18,5,1,Clear,164
2025-01-11,R03,19,5,1,Clear,132
2025-01-11,R03,20,5,1,Clear,70
2025-01-11,R03,21,5,1,Clear,38
2025-01-11,R03,22,5,1,Rain,23
2025-01-11,R04,6,5,1,Clear,108
2025-01-11,R04,7,5,1,Clear,181
2025-01-11,R04,8,5,1,Clear,227
2025-01-11,R04,9,5,1,Clear,198
2025-01-11,R04,10,5,1,Clear,84
2025-01-11,R04,11,5,1,Rain,61
2025-01-11,R04,12,5,1,Cloudy,14
2025-01-11,R04,13,5,1,Clear,23
2025-01-11,R04,14,5,1,Clear,41
2025-01-11,R04,15,5,1,Clear,58
2025-01-11,R04,16,5,1,Clear,118
2025-01-11,R04,17,5,1,Clear,229
2025-01-11,R04,18,5,1,Clear,280
2025-01-11,R04,19,5,1,Clear,222
2025-01-11,R04,20,5,1,Rain,123
2025-01-11,R04,21,5,1,Clear,64
2025-01-11,R04,22,5,1,Rain,77
2025-01-11,R05,6,5,1,Cloudy,100
2025-01-11,R05,7,5,1,Clear,143
2025-01-11,R05,8,5,1,Clear,152
2025-01-11,R05,9,5,1,Clear,128
2025-01-11,R05,10,5,1,Rain,79
2025-01-11,R05,11,5,1,Rain,43
2025-01-11,R05,12,5,1,Cloudy,44
2025-01-11,R05,13,5,1,Clear,40
2025-01-11,R05,14,5,1,Clear,18
2025-01-11,R05,15,5,1,Clear,37
2025-01-11,R05,16,5,1,Cloudy,96
2025-01-11,R05,17,5,1,Clear,174
2025-01-11,R05,18,5,1,Cloudy,181
2025-01-11,R05,19,5,1,Cloudy,166
2025-01-11,R05,20,5,1,Clear,90
2025-01-11,R05,21,5,1,Cloudy,31
2025-01-11,R05,22,5,1,Clear,41
2025-01-11,R06,6,5,1,Clear,134
2025-01-11,R06,7,5,1,Cloudy,143
2025-01-11,R06,8,5,1,Clear,240
2025-01-11,R06,9,5,1,Rain,196
2025-01-11,R06,10,5,1,Clear,81
2025-01-11,R06,11,5,1,Clear,23
2025-01-11,R06,12,5,1,Clear,10
2025-01-11,R06,13,5,1,Clear,32
2025-01-11,R06,14,5,1,Clear,48
2025-01-11,R06,15,5,1,Clear,73
2025-01-11,R06,16,5,1,Cloudy,125
2025-01-11,R06,17,5,1,Cloudy,194
2025-01-11,R06,18,5,1,Cloudy,236
2025-01-11,R06,19,5,1,Rain,218
2025-01-11,R06,20,5,1,Clear,122
2025-01-11,R06,21,5,1,Clear,51
2025-01-11,R06,22,5,1,Rain,30
2025-01-11,R07,6,5,1,Clear,53
2025-01-11,R07,7,5,1,Clear,110
2025-01-11,R07,8,5,1,Clear,106
2025-01-11,R07,9,5,1,Clear,91
2025-01-11,R07,10,5,1,Cloudy,50
2025-01-11,R07,11,5,1,Rain,32
2025-01-11,R07,12,5,1,Cloudy,29
2025-01-11,R07,13,5,1,Cloudy,48
2025-01-11,R07,14,5,1,Cloudy,10
2025-01-11,R07,15,5,1,Clear,62
2025-01-11,R07,16,5,1,Cloudy,88
2025-01-11,R07,17,5,1,Clear,129
2025-01-11,R07,18,5,1,Clear,146
2025-01-11,R07,19,5,1,Cloudy,100
2025-01-11,R07,20,5,1,Cloudy,75
2025-01-11,R07,21,5,1,Clear,39
2025-01-11,R07,22,5,1,Clear,20
2025-01-11,R08,6,5,1,Clear,92
2025-01-11,R08,7,5,1,Clear,165
2025-01-11,R08,8,5,1,Clear,154
2025-01-11,R08,9,5,1,Cloudy,161
2025-01-11,R08,10,5,1,Cloudy,65
2025-01-11,R08,11,5,1,Clear,61
2025-01-11,R08,12,5,1,Cloudy,29
2025-01-11,R08,13,5,1,Rain,41
2025-01-11,R08,14,5,1,Cloudy,41
2025-01-11,R08,15,5,1,Cloudy,67
2025-01-11,R08,16,5,1,Clear,112
2025-01-11,R08,17,5,1,Clear,173
2025-01-11,R08,18,5,1,Cloudy,176
2025-01-11,R08,19,5,1,Clear,185
2025-01-11,R08,20,5,1,Clear,104
2025-01-11,R08,21,5,1,Cloudy,32
2025-01-11,R08,22,5,1,Clear,42
2025-01-12,R01,6,6,1,Clear,73
2025-01-12,R01,7,6,1,Clear,156
2025-01-12,R01,8,6,1,Cloudy,193
2025-01-12,R01,9,6,1,Clear,151
2025-01-12,R01,10,6,1,Cloudy,68
2025-01-12,R01,11,6,1,Rain,45
2025-01-12,R01,12,6,1,Clear,21
2025-01-12,R01,13,6,1,Cloudy,21
2025-01-12,R01,14,6,1,Clear,33
2025-01-12,R01,15,6,1,Clear,46
2025-01-12,R01,16,6,1,Cloudy,69
2025-01-12,R01,17,6,1,Clear,182
2025-01-12,R01,18,6,1,Clear,221
2025-01-12,R01,19,6,1,Clear,181
2025-01-12,R01,20,6,1,Clear,115
2025-01-12,R01,21,6,1,Rain,87
2025-01-12,R01,22,6,1,Clear,23
2025-01-12,R02,6,6,1,Clear,119
2025-01-12,R02,7,6,1,Clear,157
2025-01-12,R02,8,6,1,Rain,237
2025-01-12,R02,9,6,1,Cloudy,130
2025-01-12,R02,10,6,1,Rain,88
2025-01-12,R02,11,6,1,Cloudy,59
2025-01-12,R02,12,6,1,Clear,48
2025-01-12,R02,13,6,1,Clear,32
2025-01-12,R02,14,6,1,Cloudy,39
2025-01-12,R02,15,6,1,Clear,49
2025-01-12,R02,16,6,1,Clear,124
2025-01-12,R02,17,6,1,Rain,181
2025-01-12,R02,18,6,1,Rain,279
2025-01-12,R02,19,6,1,Clear,180
2025-01-12,R02,20,6,1,Clear,110
2025-01-12,R02,21,6,1,Rain,44
2025-01-12,R02,22,6,1,Rain,48
2025-01-12,R03,6,6,1,Cloudy,64
2025-01-12,R03,7,6,1,Clear,117
2025-01-12,R03,8,6,1,Clear,150
2025-01-12,R03,9,6,1,Clear,111
2025-01-12,R03,10,6,1,Cloudy,55
2025-01-12,R03,11,6,1,Clear,31
2025-01-12,R03,12,6,1,Clear,19
2025-01-12,R03,13,6,1,Clear,20
2025-01-12,R03,14,6,1,Clear,35
2025-01-12,R03,15,6,1,Clear,60
2025-01-12,R03,16,6,1,Clear,63
2025-01-12,R03,17,6,1,Clear,132
2025-01-12,R03,18,6,1,Cloudy,137
2025-01-12,R03,19,6,1,Clear,126
2025-01-12,R03,20,6,1,Clear,72
2025-01-12,R03,21,6,1,Cloudy,40
2025-01-12,R03,22,6,1,Cloudy,29
2025-01-12,R04,6,6,1,Cloudy,92
2025-01-12,R04,7,6,1,Clear,191
2025-01-12,R04,8,6,1,Rain,248
2025-01-12,R04,9,6,1,Cloudy,176
2025-01-12,R04,10,6,1,Cloudy,103
2025-01-12,R04,11,6,1,Cloudy,39
2025-01-12,R04,12,6,1,Clear,19
2025-01-12,R04,13,6,1,Clear,57
2025-01-12,R04,14,6,1,Clear,30
2025-01-12,R04,15,6,1,Clear,58
2025-01-12,R04,16,6,1,Rain,148
2025-01-12,R04,17,6,1,Rain,228
2025-01-12,R04,18,6,1,Clear,282
2025-01-12,R04,19,6,1,Cloudy,196
2025-01-12,R04,20,6,1,Clear,114
2025-01-12,R04,21,6,1,Clear,50
2025-01-12,R04,22,6,1,Rain,41
2025-01-12,R05,6,6,1,Cloudy,73
2025-01-12,R05,7,6,1,Cloudy,115
2025-01-12,R05,8,6,1,Cloudy,171
2025-01-12,R05,9,6,1,Clear,130
2025-01-12,R05,10,6,1,Rain,78
2025-01-12,R05,11,6,1,Clear,26
2025-01-12,R05,12,6,1,Clear,47
2025-01-12,R05,13,6,1,Cloudy,39
2025-01-12,R05,14,6,1,Clear,43
2025-01-12,R05,15,6,1,Clear,44
2025-01-12,R05,16,6,1,Clear,71
2025-01-12,R05,17,6,1,Cloudy,147
2025-01-12,R05,18,6,1,Clear,197
2025-01-12,R05,19,6,1,Clear,161
2025-01-12,R05,20,6,1,Cloudy,89
2025-01-12,R05,21,6,1,Rain,56
2025-01-12,R05,22,6,1,Rain,26
2025-01-12,R06,6,6,1,Clear,82
2025-01-12,R06,7,6,1,Clear,155
2025-01-12,R06,8,6,1,Clear,234
2025-01-12,R06,9,6,1,Cloudy,188
2025-01-12,R06,10,6,1,Clear,133
2025-01-12,R06,11,6,1,Clear,53
2025-01-12,R06,12,6,1,Clear,45
2025-01-12,R06,13,6,1,Cloudy,35
2025-01-12,R06,14,6,1,Cloudy,43
2025-01-12,R06,15,6,1,Cloudy,44
2025-01-12,R06,16,6,1,Clear,114
2025-01-12,R06,17,6,1,Clear,191
2025-01-12,R06,18,6,1,Clear,245
2025-01-12,R06,19,6,1,Clear,192
2025-01-12,R06,20,6,1,Clear,124
2025-01-12,R06,21,6,1,Clear,70
2025-01-12,R06,22,6,1,Clear,47
2025-01-12,R07,6,6,1,Clear,44
2025-01-12,R07,7,6,1,Clear,82
2025-01-12,R07,8,6,1,Clear,136
2025-01-12,R07,9,6,1,Cloudy,93
2025-01-12,R07,10,6,1,Clear,28
2025-01-12,R07,11,6,1,Clear,31
2025-01-12,R07,12,6,1,Clear,28
2025-01-12,R07,13,6,1,Cloudy,10
2025-01-12,R07,14,6,1,Clear,32
2025-01-12,R07,15,6,1,Clear,16
2025-01-12,R07,16,6,1,Cloudy,53
2025-01-12,R07,17,6,1,Clear,97
2025-01-12,R07,18,6,1,Clear,132
2025-01-12,R07,19,6,1,Cloudy,93
2025-01-12,R07,20,6,1,Clear,82
2025-01-12,R07,21,6,1,Clear,32
2025-01-12,R07,22,6,1,Cloudy,17
2025-01-12,R08,6,6,1,Cloudy,92
2025-01-12,R08,7,6,1,Clear,166
2025-01-12,R08,8,6,1,Clear,188
2025-01-12,R08,9,6,1,Clear,155
2025-01-12,R08,10,6,1,Clear,72
2025-01-12,R08,11,6,1,Cloudy,40
2025-01-12,R08,12,6,1,Clear,21
2025-01-12,R08,13,6,1,Clear,41
2025-01-12,R08,14,6,1,Cloudy,52
2025-01-12,R08,15,6,1,Clear,67
2025-01-12,R08,16,6,1,Rain,113
2025-01-12,R08,17,6,1,Clear,152
2025-01-12,R08,18,6,1,Clear,211
2025-01-12,R08,19,6,1,Clear,177
2025-01-12,R08,20,6,1,Rain,94
2025-01-12,R08,21,6,1,Clear,33
2025-01-12,R08,22,6,1,Clear,58
2025-01-13,R01,6,0,0,Clear,119
2025-01-13,R01,7,0,0,Rain,229
2025-01-13,R01,8,0,0,Cloudy,252
2025-01-13,R01,9,0,0,Clear,185
2025-01-13,R01,10,0,0,Clear,95
2025-01-13,R01,11,0,0,Clear,62
2025-01-13,R01,12,0,0,Clear,52
2025-01-13,R01,13,0,0,Cloudy,24
2025-01-13,R01,14,0,0,Cloudy,50
2025-01-13,R01,15,0,0,Cloudy,67
2025-01-13,R01,16,0,0,Clear,150
2025-01-13,R01,17,0,0,Clear,243
2025-01-13,R01,18,0,0,Clear,316
2025-01-13,R01,19,0,0,Clear,233
2025-01-13,R01,20,0,0,Rain,135
2025-01-13,R01,21,0,0,Clear,94
2025-01-13,R01,22,0,0,Cloudy,52
2025-01-13,R02,6,0,0,Clear,126
2025-01-13,R02,7,0,0,Cloudy,212
2025-01-13,R02,8,0,0,Clear,299
2025-01-13,R02,9,0,0,Clear,232
2025-01-13,R02,10,0,0,Clear,111
2025-01-13,R02,11,0,0,Clear,40
2025-01-13,R02,12,0,0,Clear,50
2025-01-13,R02,13,0,0,Clear,65
2025-01-13,R02,14,0,0,Cloudy,74
2025-01-13,R02,15,0,0,Clear,99
2025-01-13,R02,16,0,0,Clear,176
2025-01-13,R02,17,0,0,Clear,267
2025-01-13,R02,18,0,0,Cloudy,329
2025-01-13,R02,19,0,0,Clear,289
2025-01-13,R02,20,0,0,Clear,170
2025-01-13,R02,21,0,0,Clear,84
2025-01-13,R02,22,0,0,Clear,61
2025-01-13,R03,6,0,0,Rain,125
2025-01-13,R03,7,0,0,Rain,195
2025-01-13,R03,8,0,0,Cloudy,206
2025-01-13,R03,9,0,0,Clear,175
2025-01-13,R03,10,0,0,Cloudy,76
2025-01-13,R03,11,0,0,Rain,62
2025-01-13,R03,12,0,0,Clear,40
2025-01-13,R03,13,0,0,Cloudy,48
2025-01-13,R03,14,0,0,Clear,32
2025-01-13,R03,15,0,0,Rain,75
2025-01-13,R03,16,0,0,Clear,107
2025-01-13,R03,17,0,0,Cloudy,194
2025-01-13,R03,18,0,0,Cloudy,230
2025-01-13,R03,19,0,0,Rain,216
2025-01-13,R03,20,0,0,Cloudy,102
2025-01-13,R03,21,0,0,Clear,58
2025-01-13,R03,22,0,0,Clear,35
2025-01-13,R04,6,0,0,Clear,141
2025-01-13,R04,7,0,0,Clear,278
2025-01-13,R04,8,0,0,Clear,325
2025-01-13,R04,9,0,0,Cloudy,266
2025-01-13,R04,10,0,0,Cloudy,147
2025-01-13,R04,11,0,0,Clear,76
2025-01-13,R04,12,0,0,Clear,66
2025-01-13,R04,13,0,0,Clear,49
2025-01-13,R04,14,0,0,Cloudy,69
2025-01-13,R04,15,0,0,Cloudy,79
2025-01-13,R04,16,0,0,Clear,146
2025-01-13,R04,17,0,0,Clear,339
2025-01-13,R04,18,0,0,Clear,381
2025-01-13,R04,19,0,0,Clear,321
2025-01-13,R04,20,0,0,Clear,187
2025-01-13,R04,21,0,0,Clear,103
2025-01-13,R04,22,0,0,Clear,68
2025-01-13,R05,6,0,0,Clear,106
2025-01-13,R05,7,0,0,Cloudy,176
2025-01-13,R05,8,0,0,Cloudy,209
2025-01-13,R05,9,0,0,Clear,191
2025-01-13,R05,10,0,0,Clear,111
2025-01-13,R05,11,0,0,Cloudy,39
2025-01-13,R05,12,0,0,Rain,52
2025-01-13,R05,13,0,0,Cloudy,67
2025-01-13,R05,14,0,0,Cloudy,44
2025-01-13,R05,15,0,0,Clear,68
2025-01-13,R05,16,0,0,Cloudy,100
2025-01-13,R05,17,0,0,Clear,211
2025-01-13,R05,18,0,0,Rain,295
2025-01-13,R05,19,0,0,Clear,234
2025-01-13,R05,20,0,0,Clear,117
2025-01-13,R05,21,0,0,Clear,42
2025-01-13,R05,22,0,0,Rain,58
2025-01-13,R06,6,0,0,Clear,124
2025-01-13,R06,7,0,0,Cloudy,215
2025-01-13,R06,8,0,0,Clear,332
2025-01-13,R06,9,0,0,Cloudy,231
2025-01-13,R06,10,0,0,Cloudy,133
2025-01-13,R06,11,0,0,Clear,52
2025-01-13,R06,12,0,0,Clear,28
2025-01-13,R06,13,0,0,Cloudy,56
2025-01-13,R06,14,0,0,Cloudy,43
2025-01-13,R06,15,0,0,Cloudy,86
2025-01-13,R06,16,0,0,Cloudy,162
2025-01-13,R06,17,0,0,Clear,298
2025-01-13,R06,18,0,0,Cloudy,359
2025-01-13,R06,19,0,0,Clear,337
2025-01-13,R06,20,0,0,Cloudy,166
2025-01-13,R06,21,0,0,Clear,116
2025-01-13,R06,22,0,0,Cloudy,36
2025-01-13,R07,6,0,0,Rain,80
2025-01-13,R07,7,0,0,Cloudy,118
2025-01-13,R07,8,0,0,Clear,176
2025-01-13,R07,9,0,0,Cloudy,132
2025-01-13,R07,10,0,0,Cloudy,100
2025-01-13,R07,11,0,0,Clear,43
2025-01-13,R07,12,0,0,Clear,49
2025-01-13,R07,13,0,0,Clear,27
2025-01-13,R07,14,0,0,Clear,28
2025-01-13,R07,15,0,0,Clear,29
2025-01-13,R07,16,0,0,Clear,125
2025-01-13,R07,17,0,0,Cloudy,182
2025-01-13,R07,18,0,0,Clear,214
2025-01-13,R07,19,0,0,Clear,168
2025-01-13,R07,20,0,0,Clear,100
2025-01-13,R07,21,0,0,Clear,33
2025-01-13,R07,22,0,0,Clear,43
2025-01-13,R08,6,0,0,Rain,149
2025-01-13,R08,7,0,0,Cloudy,228
2025-01-13,R08,8,0,0,Clear,262
2025-01-13,R08,9,0,0,Clear,237
2025-01-13,R08,10,0,0,Cloudy,92
2025-01-13,R08,11,0,0,Rain,41
2025-01-13,R08,12,0,0,Clear,68
2025-01-13,R08,13,0,0,Clear,44
2025-01-13,R08,14,0,0,Clear,69
2025-01-13,R08,15,0,0,Cloudy,86
2025-01-13,R08,16,0,0,Clear,160
2025-01-13,R08,17,0,0,Clear,263
2025-01-13,R08,18,0,0,Clear,305
2025-01-13,R08,19,0,0,Clear,258
2025-01-13,R08,20,0,0,Clear,170
2025-01-13,R08,21,0,0,Clear,93
2025-01-13,R08,22,0,0,Clear,52
2025-01-14,R01,6,1,0,Cloudy,97
2025-01-14,R01,7,1,0,Cloudy,198
2025-01-14,R01,8,1,0,Cloudy,244
2025-01-14,R01,9,1,0,Clear,199
2025-01-14,R01,10,1,0,Clear,115
2025-01-14,R01,11,1,0,Clear,66
2025-01-14,R01,12,1,0,Clear,38
2025-01-14,R01,13,1,0,Rain,56
2025-01-14,R01,14,1,0,Clear,56
2025-01-14,R01,15,1,0,Clear,72
2025-01-14,R01,16,1,0,Clear,126
2025-01-14,R01,17,1,0,Clear,234
2025-01-14,R01,18,1,0,Clear,280
2025-01-14,R01,19,1,0,Clear,244
2025-01-14,R01,20,1,0,Clear,115
2025-01-14,R01,21,1,0,Rain,101
2025-01-14,R01,22,1,0,Cloudy,65
2025-01-14,R02,6,1,0,Clear,133
2025-01-14,R02,7,1,0,Rain,274
2025-01-14,R02,8,1,0,Clear,316
2025-01-14,R02,9,1,0,Cloudy,226
2025-01-14,R02,10,1,0,Clear,124
2025-01-14,R02,11,1,0,Cloudy,61
2025-01-14,R02,12,1,0,Clear,78
2025-01-14,R02,13,1,0,Rain,49
2025-01-14,R02,14,1,0,Clear,49
2025-01-14,R02,15,1,0,Clear,99
2025-01-14,R02,16,1,0,Clear,174
2025-01-14,R02,17,1,0,Clear,278
2025-01-14,R02,18,1,0,Clear,354
2025-01-14,R02,19,1,0,Clear,291
2025-01-14,R02,20,1,0,Cloudy,134
2025-01-14,R02,21,1,0,Clear,104
2025-01-14,R02,22,1,0,Cloudy,66
2025-01-14,R03,6,1,0,Clear,95
2025-01-14,R03,7,1,0,Clear,175
2025-01-14,R03,8,1,0,Clear,216
2025-01-14,R03,9,1,0,Clear,164
2025-01-14,R03,10,1,0,Clear,61
2025-01-14,R03,11,1,0,Rain,56
2025-01-14,R03,12,1,0,Cloudy,18
2025-01-14,R03,13,1,0,Clear,67
2025-01-14,R03,14,1,0,Clear,40
2025-01-14,R03,15,1,0,Clear,87
2025-01-14,R03,16,1,0,Cloudy,108
2025-01-14,R03,17,1,0,Clear,188
2025-01-14,R03,18,1,0,Cloudy,245
2025-01-14,R03,19,1,0,Clear,202
2025-01-14,R03,20,1,0,Clear,147
2025-01-14,R03,21,1,0,Clear,51
2025-01-14,R03,22,1,0,Clear,61
2025-01-14,R04,6,1,0,Clear,179
2025-01-14,R04,7,1,0,Rain,319
2025-01-14,R04,8,1,0,Clear,359
2025-01-14,R04,9,1,0,Cloudy,276
2025-01-14,R04,10,1,0,Clear,144
2025-01-14,R04,11,1,0,Clear,68
2025-01-14,R04,12,1,0,Clear,57
2025-01-14,R04,13,1,0,Clear,64
2025-01-14,R04,14,1,0,Clear,80
2025-01-14,R04,15,1,0,Cloudy,81
2025-01-14,R04,16,1,0,Clear,181
2025-01-14,R04,17,1,0,Cloudy,294
2025-01-14,R04,18,1,0,Cloudy,387
2025-01-14,R04,19,1,0,Cloudy,331
2025-01-14,R04,20,1,0,Cloudy,160
2025-01-14,R04,21,1,0,Cloudy,100
2025-01-14,R04,22,1,0,Cloudy,80
2025-01-14,R05,6,1,0,Clear,100
2025-01-14,R05,7,1,0,Clear,173
2025-01-14,R05,8,1,0,Clear,263
2025-01-14,R05,9,1,0,Cloudy,161
2025-01-14,R05,10,1,0,Clear,125
2025-01-14,R05,11,1,0,Cloudy,43
2025-01-14,R05,12,1,0,Rain,28
2025-01-14,R05,13,1,0,Clear,38
2025-01-14,R05,14,1,0,Rain,53
2025-01-14,R05,15,1,0,Cloudy,67
2025-01-14,R05,16,1,0,Clear,140
2025-01-14,R05,17,1,0,Clear,231
2025-01-14,R05,18,1,0,Clear,305
2025-01-14,R05,19,1,0,Cloudy,213
2025-01-14,R05,20,1,0,Cloudy,128
2025-01-14,R05,21,1,0,Clear,72
2025-01-14,R05,22,1,0,Clear,25
2025-01-14,R06,6,1,0,Cloudy,111
2025-01-14,R06,7,1,0,Clear,254
2025-01-14,R06,8,1,0,Clear,329
2025-01-14,R06,9,1,0,Clear,225
2025-01-14,R06,10,1,0,Clear,162
2025-01-14,R06,11,1,0,Clear,82
2025-01-14,R06,12,1,0,Cloudy,56
2025-01-14,R06,13,1,0,Clear,65
2025-01-14,R06,14,1,0,Cloudy,52
2025-01-14,R06,15,1,0,Rain,102
2025-01-14,R06,16,1,0,Cloudy,166
2025-01-14,R06,17,1,0,Clear,317
2025-01-14,R06,18,1,0,Clear,365
2025-01-14,R06,19,1,0,Rain,309
2025-01-14,R06,20,1,0,Cloudy,149
2025-01-14,R06,21,1,0,Clear,87
2025-01-14,R06,22,1,0,Rain,52
2025-01-14,R07,6,1,0,Clear,65
2025-01-14,R07,7,1,0,Cloudy,125
2025-01-14,R07,8,1,0,Clear,182
2025-01-14,R07,9,1,0,Clear,153
2025-01-14,R07,10,1,0,Cloudy,69
2025-01-14,R07,11,1,0,Cloudy,49
2025-01-14,R07,12,1,0,Clear,35
2025-01-14,R07,13,1,0,Clear,21
2025-01-14,R07,14,1,0,Clear,42
2025-01-14,R07,15,1,0,Clear,55
2025-01-14,R07,16,1,0,Cloudy,102
2025-01-14,R07,17,1,0,Cloudy,174
2025-01-14,R07,18,1,0,Clear,230
2025-01-14,R07,19,1,0,Clear,180
2025-01-14,R07,20,1,0,Clear,102
2025-01-14,R07,21,1,0,Clear,61
2025-01-14,R07,22,1,0,Cloudy,29
2025-01-14,R08,6,1,0,Cloudy,105
2025-01-14,R08,7,1,0,Clear,243
2025-01-14,R08,8,1,0,Clear,277
2025-01-14,R08,9,1,0,Clear,211
2025-01-14,R08,10,1,0,Cloudy,120
2025-01-14,R08,11,1,0,Cloudy,56
2025-01-14,R08,12,1,0,Clear,64
2025-01-14,R08,13,1,0,Clear,69
2025-01-14,R08,14,1,0,Clear,46
2025-01-14,R08,15,1,0,Clear,89
2025-01-14,R08,16,1,0,Cloudy,134
2025-01-14,R08,17,1,0,Cloudy,244
2025-01-14,R08,18,1,0,Cloudy,309
2025-01-14,R08,19,1,0,Clear,256
2025-01-14,R08,20,1,0,Clear,154
2025-01-14,R08,21,1,0,Clear,78
2025-01-14,R08,22,1,0,Cloudy,65
2025-01-15,R01,6,2,0,Cloudy,114
2025-01-15,R01,7,2,0,Cloudy,183
2025-01-15,R01,8,2,0,Clear,264
2025-01-15,R01,9,2,0,Cloudy,205
2025-01-15,R01,10,2,0,Rain,105
2025-01-15,R01,11,2,0,Clear,58
2025-01-15,R01,12,2,0,Cloudy,49
2025-01-15,R01,13,2,0,Clear,33
2025-01-15,R01,14,2,0,Clear,76
2025-01-15,R01,15,2,0,Rain,74
2025-01-15,R01,16,2,0,Clear,162
2025-01-15,R01,17,2,0,Clear,232
2025-01-15,R01,18,2,0,Cloudy,270
2025-01-15,R01,19,2,0,Cloudy,203
2025-01-15,R01,20,2,0,Rain,159
2025-01-15,R01,21,2,0,Rain,64
2025-01-15,R01,22,2,0,Rain,54
2025-01-15,R02,6,2,0,Clear,116
2025-01-15,R02,7,2,0,Clear,242
2025-01-15,R02,8,2,0,Rain,298
2025-01-15,R02,9,2,0,Clear,240
2025-01-15,R02,10,2,0,Clear,132
2025-01-15,R02,11,2,0,Clear,65
2025-01-15,R02,12,2,0,Cloudy,49
2025-01-15,R02,13,2,0,Clear,48
2025-01-15,R02,14,2,0,Cloudy,55
2025-01-15,R02,15,2,0,Clear,106
2025-01-15,R02,16,2,0,Clear,175
2025-01-15,R02,17,2,0,Cloudy,264
2025-01-15,R02,18,2,0,Clear,341
2025-01-15,R02,19,2,0,Clear,293
2025-01-15,R02,20,2,0,Cloudy,155
2025-01-15,R02,21,2,0,Clear,71
2025-01-15,R02,22,2,0,Clear,57
2025-01-15,R03,6,2,0,Clear,108
2025-01-15,R03,7,2,0,Clear,173
2025-01-15,R03,8,2,0,Clear,207
2025-01-15,R03,9,2,0,Clear,146
2025-01-15,R03,10,2,0,Clear,92
2025-01-15,R03,11,2,0,Clear,49
2025-01-15,R03,12,2,0,Clear,37
2025-01-15,R03,13,2,0,Clear,50
2025-01-15,R03,14,2,0,Clear,49
2025-01-15,R03,15,2,0,Clear,40
2025-01-15,R03,16,2,0,Clear,113
2025-01-15,R03,17,2,0,Clear,179
2025-01-15,R03,18,2,0,Cloudy,220
2025-01-15,R03,19,2,0,Clear,179
2025-01-15,R03,20,2,0,Rain,107
2025-01-15,R03,21,2,0,Clear,35
2025-01-15,R03,22,2,0,Rain,51
2025-01-15,R04,6,2,0,Clear,149
2025-01-15,R04,7,2,0,Clear,272
2025-01-15,R04,8,2,0,Cloudy,320
2025-01-15,R04,9,2,0,Clear,254
2025-01-15,R04,10,2,0,Clear,139
2025-01-15,R04,11,2,0,Clear,84
2025-01-15,R04,12,2,0,Rain,74
2025-01-15,R04,13,2,0,Clear,82
2025-01-15,R04,14,2,0,Clear,85
2025-01-15,R04,15,2,0,Clear,97
2025-01-15,R04,16,2,0,Clear,179
2025-01-15,R04,17,2,0,Clear,312
2025-01-15,R04,18,2,0,Clear,376
2025-01-15,R04,19,2,0,Clear,307
2025-01-15,R04,20,2,0,Clear,162
2025-01-15,R04,21,2,0,Rain,131
2025-01-15,R04,22,2,0,Rain,79
2025-01-15,R05,6,2,0,Clear,111
2025-01-15,R05,7,2,0,Clear,188
2025-01-15,R05,8,2,0,Clear,279
2025-01-15,R05,9,2,0,Clear,177
2025-01-15,R05,10,2,0,Cloudy,75
2025-01-15,R05,11,2,0,Cloudy,86
2025-01-15,R05,12,2,0,Clear,26
2025-01-15,R05,13,2,0,Clear,40
2025-01-15,R05,14,2,0,Clear,38
2025-01-15,R05,15,2,0,Clear,74
2025-01-15,R05,16,2,0,Rain,138
2025-01-15,R05,17,2,0,Clear,236
2025-01-15,R05,18,2,0,Clear,291
2025-01-15,R05,19,2,0,Clear,207
2025-01-15,R05,20,2,0,Clear,119
2025-01-15,R05,21,2,0,Clear,79
2025-01-15,R05,22,2,0,Cloudy,60
2025-01-15,R06,6,2,0,Cloudy,129
2025-01-15,R06,7,2,0,Clear,258
2025-01-15,R06,8,2,0,Clear,343
2025-01-15,R06,9,2,0,Cloudy,232
2025-01-15,R06,10,2,0,Clear,137
2025-01-15,R06,11,2,0,Clear,91
2025-01-15,R06,12,2,0,Clear,77
2025-01-15,R06,13,2,0,Clear,57
2025-01-15,R06,14,2,0,Clear,52
2025-01-15,R06,15,2,0,Clear,89
2025-01-15,R06,16,2,0,Clear,171
2025-01-15,R06,17,2,0,Cloudy,270
2025-01-15,R06,18,2,0,Cloudy,336
2025-01-15,R06,19,2,0,Clear,316
2025-01-15,R06,20,2,0,Cloudy,168
2025-01-15,R06,21,2,0,Rain,95
2025-01-15,R06,22,2,0,Cloudy,45
2025-01-15,R07,6,2,0,Cloudy,64
2025-01-15,R07,7,2,0,Clear,123
2025-01-15,R07,8,2,0,Cloudy,178
2025-01-15,R07,9,2,0,Cloudy,127
2025-01-15,R07,10,2,0,Clear,82
2025-01-15,R07,11,2,0,Cloudy,50
2025-01-15,R07,12,2,0,Clear,38
2025-01-15,R07,13,2,0,Clear,28
2025-01-15,R07,14,2,0,Clear,25
2025-01-15,R07,15,2,0,Clear,36
2025-01-15,R07,16,2,0,Clear,115
2025-01-15,R07,17,2,0,Clear,176
2025-01-15,R07,18,2,0,Rain,228
2025-01-15,R07,19,2,0,Cloudy,170
2025-01-15,R07,20,2,0,Clear,113
2025-01-15,R07,21,2,0,Cloudy,39
2025-01-15,R07,22,2,0,Clear,40
2025-01-15,R08,6,2,0,Clear,122
2025-01-15,R08,7,2,0,Cloudy,228
2025-01-15,R08,8,2,0,Rain,308
2025-01-15,R08,9,2,0,Cloudy,197
2025-01-15,R08,10,2,0,Clear,123
2025-01-15,R08,11,2,0,Clear,74
2025-01-15,R08,12,2,0,Cloudy,51
2025-01-15,R08,13,2,0,Clear,72
2025-01-15,R08,14,2,0,Cloudy,47
2025-01-15,R08,15,2,0,Clear,82
2025-01-15,R08,16,2,0,Clear,131
2025-01-15,R08,17,2,0,Cloudy,234
2025-01-15,R08,18,2,0,Clear,314
2025-01-15,R08,19,2,0,Cloudy,244
2025-01-15,R08,20,2,0,Clear,133
2025-01-15,R08,21,2,0,Clear,87
2025-01-15,R08,22,2,0,Clear,45
2025-01-16,R01,6,3,0,Rain,149
2025-01-16,R01,7,3,0,Cloudy,180
2025-01-16,R01,8,3,0,Clear,259
2025-01-16,R01,9,3,0,Clear,201
2025-01-16,R01,10,3,0,Cloudy,87
2025-01-16,R01,11,3,0,Cloudy,53
2025-01-16,R01,12,3,0,Clear,45
2025-01-16,R01,13,3,0,Clear,59
2025-01-16,R01,14,3,0,Clear,56
2025-01-16,R01,15,3,0,Cloudy,75
2025-01-16,R01,16,3,0,Clear,149
2025-01-16,R01,17,3,0,Clear,247
2025-01-16,R01,18,3,0,Clear,297
2025-01-16,R01,19,3,0,Clear,230
2025-01-16,R01,20,3,0,Clear,139
2025-01-16,R01,21,3,0,Clear,60
2025-01-16,R01,22,3,0,Clear,49
2025-01-16,R02,6,3,0,Clear,124
2025-01-16,R02,7,3,0,Clear,236
2025-01-16,R02,8,3,0,Clear,287
2025-01-16,R02,9,3,0,Cloudy,187
2025-01-16,R02,10,3,0,Clear,121
2025-01-16,R02,11,3,0,Clear,85
2025-01-16,R02,12,3,0,Rain,62
2025-01-16,R02,13,3,0,Rain,74
2025-01-16,R02,14,3,0,Clear,48
2025-01-16,R02,15,3,0,Clear,78
2025-01-16,R02,16,3,0,Cloudy,184
2025-01-16,R02,17,3,0,Clear,271
2025-01-16,R02,18,3,0,Clear,354
2025-01-16,R02,19,3,0,Cloudy,272
2025-01-16,R02,20,3,0,Cloudy,158
2025-01-16,R02,21,3,0,Clear,92
2025-01-16,R02,22,3,0,Rain,54
2025-01-16,R03,6,3,0,Clear,83
2025-01-16,R03,7,3,0,Cloudy,122
2025-01-16,R03,8,3,0,Cloudy,219
2025-01-16,R03,9,3,0,Cloudy,163
2025-01-16,R03,10,3,0,Clear,79
2025-01-16,R03,11,3,0,Clear,37
2025-01-16,R03,12,3,0,Clear,54
2025-01-16,R03,13,3,0,Clear,28
2025-01-16,R03,14,3,0,Clear,32
2025-01-16,R03,15,3,0,Clear,45
2025-01-16,R03,16,3,0,Cloudy,116
2025-01-16,R03,17,3,0,Clear,210
2025-01-16,R03,18,3,0,Clear,238
2025-01-16,R03,19,3,0,Cloudy,198
2025-01-16,R03,20,3,0,Clear,117
2025-01-16,R03,21,3,0,Clear,44
2025-01-16,R03,22,3,0,Clear,60
2025-01-16,R04,6,3,0,Cloudy,122
2025-01-16,R04,7,3,0,Clear,270
2025-01-16,R04,8,3,0,Cloudy,325
2025-01-16,R04,9,3,0,Cloudy,251
2025-01-16,R04,10,3,0,Cloudy,110
2025-01-16,R04,11,3,0,Clear,107
2025-01-16,R04,12,3,0,Clear,39
2025-01-16,R04,13,3,0,Clear,83
2025-01-16,R04,14,3,0,Cloudy,52
2025-01-16,R04,15,3,0,Clear,89
2025-01-16,R04,16,3,0,Clear,203
2025-01-16,R04,17,3,0,Clear,329
2025-01-16,R04,18,3,0,Clear,378
2025-01-16,R04,19,3,0,Clear,303
2025-01-16,R04,20,3,0,Rain,207
2025-01-16,R04,21,3,0,Cloudy,77
2025-01-16,R04,22,3,0,Clear,75
2025-01-16,R05,6,3,0,Cloudy,104
2025-01-16,R05,7,3,0,Cloudy,170
2025-01-16,R05,8,3,0,Cloudy,223
2025-01-16,R05,9,3,0,Clear,196
2025-01-16,R05,10,3,0,Cloudy,85
2025-01-16,R05,11,3,0,Cloudy,54
2025-01-16,R05,12,3,0,Clear,78
2025-01-16,R05,13,3,0,Clear,49
2025-01-16,R05,14,3,0,Clear,42
2025-01-16,R05,15,3,0,Clear,98
2025-01-16,R05,16,3,0,Cloudy,134
2025-01-16,R05,17,3,0,Clear,213
2025-01-16,R05,18,3,0,Clear,267
2025-01-16,R05,19,3,0,Clear,204
2025-01-16,R05,20,3,0,Clear,134
2025-01-16,R05,21,3,0,Cloudy,36
2025-01-16,R05,22,3,0,Cloudy,74
2025-01-16,R06,6,3,0,Clear,131
2025-01-16,R06,7,3,0,Clear,264
2025-01-16,R06,8,3,0,Clear,318
2025-01-16,R06,9,3,0,Cloudy,241
2025-01-16,R06,10,3,0,Cloudy,124
2025-01-16,R06,11,3,0,Cloudy,70
2025-01-16,R06,12,3,0,Cloudy,72
2025-01-16,R06,13,3,0,Cloudy,78
2025-01-16,R06,14,3,0,Clear,85
2025-01-16,R06,15,3,0,Clear,135
2025-01-16,R06,16,3,0,Clear,161
2025-01-16,R06,17,3,0,Clear,304
2025-01-16,R06,18,3,0,Cloudy,335
2025-01-16,R06,19,3,0,Rain,344
2025-01-16,R06,20,3,0,Rain,175
2025-01-16,R06,21,3,0,Clear,107
2025-01-16,R06,22,3,0,Clear,65
2025-01-16,R07,6,3,0,Clear,76
2025-01-16,R07,7,3,0,Cloudy,137
2025-01-16,R07,8,3,0,Clear,170
2025-01-16,R07,9,3,0,Clear,130
2025-01-16,R07,10,3,0,Rain,88
2025-01-16,R07,11,3,0,Cloudy,43
2025-01-16,R07,12,3,0,Cloudy,23
2025-01-16,R07,13,3,0,Clear,29
2025-01-16,R07,14,3,0,Clear,43
2025-01-16,R07,15,3,0,Cloudy,37
2025-01-16,R07,16,3,0,Clear,74
2025-01-16,R07,17,3,0,Cloudy,183
2025-01-16,R07,18,3,0,Clear,215
2025-01-16,R07,19,3,0,Rain,182
2025-01-16,R07,20,3,0,Clear,89
2025-01-16,R07,21,3,0,Clear,40
2025-01-16,R07,22,3,0,Clear,52
2025-01-16,R08,6,3,0,Clear,100
2025-01-16,R08,7,3,0,Clear,227
2025-01-16,R08,8,3,0,Cloudy,272
2025-01-16,R08,9,3,0,Rain,255
2025-01-16,R08,10,3,0,Clear,113
2025-01-16,R08,11,3,0,Clear,84
2025-01-16,R08,12,3,0,Cloudy,60
2025-01-16,R08,13,3,0,Clear,45
2025-01-16,R08,14,3,0,Cloudy,42
2025-01-16,R08,15,3,0,Clear,77
2025-01-16,R08,16,3,0,Clear,144
2025-01-16,R08,17,3,0,Clear,250
2025-01-16,R08,18,3,0,Clear,324
2025-01-16,R08,19,3,0,Clear,259
2025-01-16,R08,20,3,0,Cloudy,165
2025-01-16,R08,21,3,0,Clear,73
2025-01-16,R08,22,3,0,Clear,45
2025-01-17,R01,6,4,0,Rain,118
2025-01-17,R01,7,4,0,Cloudy,193
2025-01-17,R01,8,4,0,Clear,263
2025-01-17,R01,9,4,0,Cloudy,194
2025-01-17,R01,10,4,0,Clear,108
2025-01-17,R01,11,4,0,Clear,58
2025-01-17,R01,12,4,0,Clear,56
2025-01-17,R01,13,4,0,Clear,33
2025-01-17,R01,14,4,0,Clear,40
2025-01-17,R01,15,4,0,Clear,51
2025-01-17,R01,16,4,0,Clear,124
2025-01-17,R01,17,4,0,Clear,253
2025-01-17,R01,18,4,0,Rain,331
2025-01-17,R01,19,4,0,Clear,265
2025-01-17,R01,20,4,0,Clear,158
2025-01-17,R01,21,4,0,Clear,80
2025-01-17,R01,22,4,0,Clear,52
2025-01-17,R02,6,4,0,Clear,127
2025-01-17,R02,7,4,0,Rain,233
2025-01-17,R02,8,4,0,Clear,304
2025-01-17,R02,9,4,0,Clear,230
2025-01-17,R02,10,4,0,Clear,114
2025-01-17,R02,11,4,0,Rain,82
2025-01-17,R02,12,4,0,Cloudy,49
2025-01-17,R02,13,4,0,Clear,56
2025-01-17,R02,14,4,0,Clear,45
2025-01-17,R02,15,4,0,Cloudy,91
2025-01-17,R02,16,4,0,Clear,155
2025-01-17,R02,17,4,0,Rain,315
2025-01-17,R02,18,4,0,Clear,341
2025-01-17,R02,19,4,0,Cloudy,234
2025-01-17,R02,20,4,0,Clear,168
2025-01-17,R02,21,4,0,Clear,83
2025-01-17,R02,22,4,0,Clear,37
2025-01-17,R03,6,4,0,Cloudy,67
2025-01-17,R03,7,4,0,Clear,178
2025-01-17,R03,8,4,0,Rain,212
2025-01-17,R03,9,4,0,Cloudy,149
2025-01-17,R03,10,4,0,Clear,115
2025-01-17,R03,11,4,0,Clear,55
2025-01-17,R03,12,4,0,Clear,49
2025-01-17,R03,13,4,0,Clear,34
2025-01-17,R03,14,4,0,Cloudy,16
2025-01-17,R03,15,4,0,Clear,61
2025-01-17,R03,16,4,0,Clear,97
2025-01-17,R03,17,4,0,Clear,180
2025-01-17,R03,18,4,0,Cloudy,227
2025-01-17,R03,19,4,0,Clear,182
2025-01-17,R03,20,4,0,Clear,112
2025-01-17,R03,21,4,0,Clear,49
2025-01-17,R03,22,4,0,Clear,40
2025-01-17,R04,6,4,0,Clear,138
2025-01-17,R04,7,4,0,Clear,272
2025-01-17,R04,8,4,0,Clear,369
2025-01-17,R04,9,4,0,Clear,283
2025-01-17,R04,10,4,0,Clear,143
2025-01-17,R04,11,4,0,Clear,97
2025-01-17,R04,12,4,0,Clear,69
2025-01-17,R04,13,4,0,Cloudy,75
2025-01-17,R04,14,4,0,Clear,48
2025-01-17,R04,15,4,0,Cloudy,77
2025-01-17,R04,16,4,0,Clear,187
2025-01-17,R04,17,4,0,Clear,320
2025-01-17,R04,18,4,0,Clear,396
2025-01-17,R04,19,4,0,Clear,330
2025-01-17,R04,20,4,0,Cloudy,176
2025-01-17,R04,21,4,0,Clear,109
2025-01-17,R04,22,4,0,Clear,79
2025-01-17,R05,6,4,0,Clear,89
2025-01-17,R05,7,4,0,Clear,161
2025-01-17,R05,8,4,0,Clear,231
2025-01-17,R05,9,4,0,Clear,177
2025-01-17,R05,10,4,0,Cloudy,96
2025-01-17,R05,11,4,0,Cloudy,53
2025-01-17,R05,12,4,0,Cloudy,39
2025-01-17,R05,13,4,0,Cloudy,47
2025-01-17,R05,14,4,0,Cloudy,79
2025-01-17,R05,15,4,0,Clear,64
2025-01-17,R05,16,4,0,Cloudy,125
2025-01-17,R05,17,4,0,Cloudy,213
2025-01-17,R05,18,4,0,Clear,270
2025-01-17,R05,19,4,0,Clear,234
2025-01-17,R05,20,4,0,Cloudy,118
2025-01-17,R05,21,4,0,Clear,57
2025-01-17,R05,22,4,0,Clear,37
2025-01-17,R06,6,4,0,Clear,147
2025-01-17,R06,7,4,0,Clear,259
2025-01-17,R06,8,4,0,Cloudy,296
2025-01-17,R06,9,4,0,Rain,283
2025-01-17,R06,10,4,0,Cloudy,126
2025-01-17,R06,11,4,0,Rain,84
2025-01-17,R06,12,4,0,Rain,56
2025-01-17,R06,13,4,0,Clear,43
2025-01-17,R06,14,4,0,Clear,58
2025-01-17,R06,15,4,0,Rain,86
2025-01-17,R06,16,4,0,Clear,157
2025-01-17,R06,17,4,0,Clear,279
2025-01-17,R06,18,4,0,Rain,374
2025-01-17,R06,19,4,0,Cloudy,274
2025-01-17,R06,20,4,0,Clear,186
2025-01-17,R06,21,4,0,Clear,101
2025-01-17,R06,22,4,0,Rain,91
2025-01-17,R07,6,4,0,Clear,63
2025-01-17,R07,7,4,0,Clear,154
2025-01-17,R07,8,4,0,Clear,184
2025-01-17,R07,9,4,0,Clear,135
2025-01-17,R07,10,4,0,Clear,91
2025-01-17,R07,11,4,0,Rain,44
2025-01-17,R07,12,4,0,Rain,13
2025-01-17,R07,13,4,0,Cloudy,42
2025-01-17,R07,14,4,0,Clear,41
2025-01-17,R07,15,4,0,Clear,53
2025-01-17,R07,16,4,0,Clear,82
2025-01-17,R07,17,4,0,Clear,175
2025-01-17,R07,18,4,0,Clear,232
2025-01-17,R07,19,4,0,Cloudy,166
2025-01-17,R07,20,4,0,Clear,78
2025-01-17,R07,21,4,0,Clear,57
2025-01-17,R07,22,4,0,Clear,40
2025-01-17,R08,6,4,0,Rain,140
2025-01-17,R08,7,4,0,Clear,226
2025-01-17,R08,8,4,0,Clear,271
2025-01-17,R08,9,4,0,Cloudy,209
2025-01-17,R08,10,4,0,Clear,114
2025-01-17,R08,11,4,0,Cloudy,63
2025-01-17,R08,12,4,0,Clear,66
2025-01-17,R08,13,4,0,Clear,41
2025-01-17,R08,14,4,0,Rain,86
2025-01-17,R08,15,4,0,Clear,84
2025-01-17,R08,16,4,0,Clear,162
2025-01-17,R08,17,4,0,Clear,272
2025-01-17,R08,18,4,0,Clear,328
2025-01-17,R08,19,4,0,Clear,270
2025-01-17,R08,20,4,0,Clear,108
2025-01-17,R08,21,4,0,Clear,88
2025-01-17,R08,22,4,0,Cloudy,39
2025-01-18,R01,6,5,1,Clear,72
2025-01-18,R01,7,5,1,Cloudy,133
2025-01-18,R01,8,5,1,Clear,190
2025-01-18,R01,9,5,1,Cloudy,117
2025-01-18,R01,10,5,1,Clear,66
2025-01-18,R01,11,5,1,Cloudy,33
2025-01-18,R01,12,5,1,Cloudy,32
2025-01-18,R01,13,5,1,Clear,27
2025-01-18,R01,14,5,1,Cloudy,39
2025-01-18,R01,15,5,1,Clear,25
2025-01-18,R01,16,5,1,Clear,91
2025-01-18,R01,17,5,1,Clear,184
2025-01-18,R01,18,5,1,Clear,196
2025-01-18,R01,19,5,1,Clear,168
2025-01-18,R01,20,5,1,Clear,105
2025-01-18,R01,21,5,1,Rain,58
2025-01-18,R01,22,5,1,Clear,61
2025-01-18,R02,6,5,1,Clear,87
2025-01-18,R02,7,5,1,Clear,170
2025-01-18,R02,8,5,1,Clear,210
2025-01-18,R02,9,5,1,Cloudy,170
2025-01-18,R02,10,5,1,Clear,80
2025-01-18,R02,11,5,1,Clear,75
2025-01-18,R02,12,5,1,Clear,29
2025-01-18,R02,13,5,1,Rain,64
2025-01-18,R02,14,5,1,Clear,26
2025-01-18,R02,15,5,1,Cloudy,62
2025-01-18,R02,16,5,1,Clear,109
2025-01-18,R02,17,5,1,Cloudy,192
2025-01-18,R02,18,5,1,Clear,241
2025-01-18,R02,19,5,1,Clear,203
2025-01-18,R02,20,5,1,Clear,95
2025-01-18,R02,21,5,1,Cloudy,32
2025-01-18,R02,22,5,1,Clear,24
2025-01-18,R03,6,5,1,Clear,43
2025-01-18,R03,7,5,1,Clear,98
2025-01-18,R03,8,5,1,Clear,136
2025-01-18,R03,9,5,1,Rain,115
2025-01-18,R03,10,5,1,Rain,66
2025-01-18,R03,11,5,1,Clear,21
2025-01-18,R03,12,5,1,Clear,16
2025-01-18,R03,13,5,1,Clear,22
2025-01-18,R03,14,5,1,Clear,42
2025-01-18,R03,15,5,1,Cloudy,31
2025-01-18,R03,16,5,1,Clear,75
2025-01-18,R03,17,5,1,Clear,134
2025-01-18,R03,18,5,1,Clear,151
2025-01-18,R03,19,5,1,Clear,128
2025-01-18,R03,20,5,1,Cloudy,62
2025-01-18,R03,21,5,1,Rain,56
2025-01-18,R03,22,5,1,Clear,39
2025-01-18,R04,6,5,1,Cloudy,82
2025-01-18,R04,7,5,1,Cloudy,173
2025-01-18,R04,8,5,1,Cloudy,231
2025-01-18,R04,9,5,1,Clear,189
2025-01-18,R04,10,5,1,Rain,114
2025-01-18,R04,11,5,1,Clear,41
2025-01-18,R04,12,5,1,Clear,66
2025-01-18,R04,13,5,1,Cloudy,31
2025-01-18,R04,14,5,1,Clear,37
2025-01-18,R04,15,5,1,Clear,48
2025-01-18,R04,16,5,1,Cloudy,115
2025-01-18,R04,17,5,1,Clear,235
2025-01-18,R04,18,5,1,Clear,274
2025-01-18,R04,19,5,1,Cloudy,205
2025-01-18,R04,20,5,1,Rain,148
2025-01-18,R04,21,5,1,Clear,81
2025-01-18,R04,22,5,1,Clear,57
2025-01-18,R05,6,5,1,Clear,44
2025-01-18,R05,7,5,1,Clear,141
2025-01-18,R05,8,5,1,Cloudy,163
2025-01-18,R05,9,5,1,Clear,119
2025-01-18,R05,10,5,1,Clear,75
2025-01-18,R05,11,5,1,Rain,57
2025-01-18,R05,12,5,1,Clear,22
2025-01-18,R05,13,5,1,Cloudy,40
2025-01-18,R05,14,5,1,Cloudy,34
2025-01-18,R05,15,5,1,Clear,10
2025-01-18,R05,16,5,1,Clear,88
2025-01-18,R05,17,5,1,Clear,158
2025-01-18,R05,18,5,1,Clear,185
2025-01-18,R05,19,5,1,Clear,159
2025-01-18,R05,20,5,1,Cloudy,81
2025-01-18,R05,21,5,1,Cloudy,75
2025-01-18,R05,22,5,1,Cloudy,25
2025-01-18,R06,6,5,1,Clear,80
2025-01-18,R06,7,5,1,Rain,200
2025-01-18,R06,8,5,1,Cloudy,203
2025-01-18,R06,9,5,1,Clear,170
2025-01-18,R06,10,5,1,Rain,98
2025-01-18,R06,11,5,1,Cloudy,58
2025-01-18,R06,12,5,1,Clear,25
2025-01-18,R06,13,5,1,Clear,51
2025-01-18,R06,14,5,1,Cloudy,47
2025-01-18,R06,15,5,1,Clear,86
2025-01-18,R06,16,5,1,Clear,119
2025-01-18,R06,17,5,1,Clear,189
2025-01-18,R06,18,5,1,Cloudy,237
2025-01-18,R06,19,5,1,Clear,207
2025-01-18,R06,20,5,1,Clear,133
2025-01-18,R06,21,5,1,Clear,47
2025-01-18,R06,22,5,1,Cloudy,19
2025-01-18,R07,6,5,1,Cloudy,52
2025-01-18,R07,7,5,1,Rain,134
2025-01-18,R07,8,5,1,Clear,136
2025-01-18,R07,9,5,1,Clear,109
2025-01-18,R07,10,5,1,Clear,34
2025-01-18,R07,11,5,1,Clear,29
2025-01-18,R07,12,5,1,Cloudy,39
2025-01-18,R07,13,5,1,Clear,27
2025-01-18,R07,14,5,1,Cloudy,10
2025-01-18,R07,15,5,1,Clear,35
2025-01-18,R07,16,5,1,Clear,75
2025-01-18,R07,17,5,1,Clear,73
2025-01-18,R07,18,5,1,Clear,143
2025-01-18,R07,19,5,1,Rain,116
2025-01-18,R07,20,5,1,Cloudy,75
2025-01-18,R07,21,5,1,Rain,33
2025-01-18,R07,22,5,1,Clear,30
2025-01-18,R08,6,5,1,Clear,80
2025-01-18,R08,7,5,1,Clear,145
2025-01-18,R08,8,5,1,Clear,221
2025-01-18,R08,9,5,1,Cloudy,134
2025-01-18,R08,10,5,1,Cloudy,77
2025-01-18,R08,11,5,1,Cloudy,41
2025-01-18,R08,12,5,1,Cloudy,36
2025-01-18,R08,13,5,1,Clear,61
2025-01-18,R08,14,5,1,Cloudy,43
2025-01-18,R08,15,5,1,Cloudy,44
2025-01-18,R08,16,5,1,Clear,123
2025-01-18,R08,17,5,1,Clear,189
2025-01-18,R08,18,5,1,Clear,214
2025-01-18,R08,19,5,1,Cloudy,186
2025-01-18,R08,20,5,1,Clear,84
2025-01-18,R08,21,5,1,Clear,38
2025-01-18,R08,22,5,1,Clear,15
2025-01-19,R01,6,6,1,Cloudy,41
2025-01-19,R01,7,6,1,Clear,154
2025-01-19,R01,8,6,1,Clear,179
2025-01-19,R01,9,6,1,Clear,116
2025-01-19,R01,10,6,1,Clear,73
2025-01-19,R01,11,6,1,Clear,53
2025-01-19,R01,12,6,1,Clear,22
2025-01-19,R01,13,6,1,Cloudy,25
2025-01-19,R01,14,6,1,Clear,63
2025-01-19,R01,15,6,1,Clear,46
2025-01-19,R01,16,6,1,Clear,73
2025-01-19,R01,17,6,1,Cloudy,145
2025-01-19,R01,18,6,1,Rain,198
2025-01-19,R01,19,6,1,Clear,172
2025-01-19,R01,20,6,1,Clear,81
2025-01-19,R01,21,6,1,Cloudy,33
2025-01-19,R01,22,6,1,Rain,68
2025-01-19,R02,6,6,1,Clear,70
2025-01-19,R02,7,6,1,Cloudy,134
2025-01-19,R02,8,6,1,Clear,193
2025-01-19,R02,9,6,1,Clear,175
2025-01-19,R02,10,6,1,Clear,94
2025-01-19,R02,11,6,1,Clear,40
2025-01-19,R02,12,6,1,Cloudy,27
2025-01-19,R02,13,6,1,Clear,43
2025-01-19,R02,14,6,1,Cloudy,41
2025-01-19,R02,15,6,1,Cloudy,52
2025-01-19,R02,16,6,1,Clear,118
2025-01-19,R02,17,6,1,Clear,177
2025-01-19,R02,18,6,1,Clear,224
2025-01-19,R02,19,6,1,Clear,201
2025-01-19,R02,20,6,1,Cloudy,108
2025-01-19,R02,21,6,1,Rain,34
2025-01-19,R02,22,6,1,Cloudy,38
2025-01-19,R03,6,6,1,Cloudy,86
2025-01-19,R03,7,6,1,Clear,124
2025-01-19,R03,8,6,1,Clear,137
2025-01-19,R03,9,6,1,Clear,102
2025-01-19,R03,10,6,1,Clear,65
2025-01-19,R03,11,6,1,Cloudy,48
2025-01-19,R03,12,6,1,Rain,10
2025-01-19,R03,13,6,1,Rain,32
2025-01-19,R03,14,6,1,Clear,23
2025-01-19,R03,15,6,1,Clear,43
2025-01-19,R03,16,6,1,Clear,57
2025-01-19,R03,17,6,1,Clear,150
2025-01-19,R03,18,6,1,Clear,185
2025-01-19,R03,19,6,1,Clear,143
2025-01-19,R03,20,6,1,Clear,101
2025-01-19,R03,21,6,1,Cloudy,32
2025-01-19,R03,22,6,1,Clear,32
2025-01-19,R04,6,6,1,Cloudy,103
2025-01-19,R04,7,6,1,Clear,191
2025-01-19,R04,8,6,1,Clear,234
2025-01-19,R04,9,6,1,Rain,202
2025-01-19,R04,10,6,1,Cloudy,112
2025-01-19,R04,11,6,1,Clear,54
2025-01-19,R04,12,6,1,Clear,59
2025-01-19,R04,13,6,1,Clear,41
2025-01-19,R04,14,6,1,Rain,66
2025-01-19,R04,15,6,1,Clear,67
2025-01-19,R04,16,6,1,Clear,134
2025-01-19,R04,17,6,1,Clear,210
2025-01-19,R04,18,6,1,Clear,274
2025-01-19,R04,19,6,1,Rain,232
2025-01-19,R04,20,6,1,Cloudy,113
2025-01-19,R04,21,6,1,Rain,68
2025-01-19,R04,22,6,1,Clear,44
2025-01-19,R05,6,6,1,Clear,83
2025-01-19,R05,7,6,1,Rain,137
2025-01-19,R05,8,6,1,Cloudy,159
2025-01-19,R05,9,6,1,Cloudy,138
2025-01-19,R05,10,6,1,Clear,78
2025-01-19,R05,11,6,1,Clear,14
2025-01-19,R05,12,6,1,Cloudy,10
2025-01-19,R05,13,6,1,Clear,35
2025-01-19,R05,14,6,1,Clear,26
2025-01-19,R05,15,6,1,Clear,25
2025-01-19,R05,16,6,1,Cloudy,75
2025-01-19,R05,17,6,1,Clear,161
2025-01-19,R05,18,6,1,Cloudy,174
2025-01-19,R05,19,6,1,Clear,155
2025-01-19,R05,20,6,1,Cloudy,80
2025-01-19,R05,21,6,1,Clear,37
2025-01-19,R05,22,6,1,Clear,36
2025-01-19,R06,6,6,1,Clear,68
2025-01-19,R06,7,6,1,Rain,178
2025-01-19,R06,8,6,1,Clear,231
2025-01-19,R06,9,6,1,Clear,152
2025-01-19,R06,10,6,1,Cloudy,86
2025-01-19,R06,11,6,1,Clear,44
2025-01-19,R06,12,6,1,Clear,33
2025-01-19,R06,13,6,1,Cloudy,49
2025-01-19,R06,14,6,1,Clear,58
2025-01-19,R06,15,6,1,Clear,46
2025-01-19,R06,16,6,1,Rain,91
2025-01-19,R06,17,6,1,Rain,221
2025-01-19,R06,18,6,1,Cloudy,209
2025-01-19,R06,19,6,1,Clear,215
2025-01-19,R06,20,6,1,Clear,116
2025-01-19,R06,21,6,1,Clear,40
2025-01-19,R06,22,6,1,Clear,32
2025-01-19,R07,6,6,1,Rain,42
2025-01-19,R07,7,6,1,Clear,87
2025-01-19,R07,8,6,1,Cloudy,94
2025-01-19,R07,9,6,1,Clear,118
2025-01-19,R07,10,6,1,Clear,39
2025-01-19,R07,11,6,1,Cloudy,27
2025-01-19,R07,12,6,1,Cloudy,28
2025-01-19,R07,13,6,1,Clear,38
2025-01-19,R07,14,6,1,Clear,25
2025-01-19,R07,15,6,1,Clear,31
2025-01-19,R07,16,6,1,Cloudy,64
2025-01-19,R07,17,6,1,Clear,102
2025-01-19,R07,18,6,1,Clear,130
2025-01-19,R07,19,6,1,Clear,113
2025-01-19,R07,20,6,1,Rain,44
2025-01-19,R07,21,6,1,Cloudy,24
2025-01-19,R07,22,6,1,Clear,18
2025-01-19,R08,6,6,1,Rain,115
2025-01-19,R08,7,6,1,Clear,169
2025-01-19,R08,8,6,1,Cloudy,188
2025-01-19,R08,9,6,1,Clear,163
2025-01-19,R08,10,6,1,Clear,67
2025-01-19,R08,11,6,1,Clear,45
2025-01-19,R08,12,6,1,Clear,45
2025-01-19,R08,13,6,1,Clear,21
2025-01-19,R08,14,6,1,Clear,17
2025-01-19,R08,15,6,1,Rain,63
2025-01-19,R08,16,6,1,Clear,84
2025-01-19,R08,17,6,1,Clear,186
2025-01-19,R08,18,6,1,Clear,235
2025-01-19,R08,19,6,1,Clear,166
2025-01-19,R08,20,6,1,Clear,90
2025-01-19,R08,21,6,1,Clear,68
2025-01-19,R08,22,6,1,Clear,38
2025-01-20,R01,6,0,0,Clear,120
2025-01-20,R01,7,0,0,Cloudy,186
2025-01-20,R01,8,0,0,Clear,256
2025-01-20,R01,9,0,0,Cloudy,190
2025-01-20,R01,10,0,0,Clear,131
2025-01-20,R01,11,0,0,Clear,70
2025-01-20,R01,12,0,0,Clear,37
2025-01-20,R01,13,0,0,Clear,49
2025-01-20,R01,14,0,0,Clear,46
2025-01-20,R01,15,0,0,Clear,65
2025-01-20,R01,16,0,0,Clear,144
2025-01-20,R01,17,0,0,Clear,243
2025-01-20,R01,18,0,0,Clear,281
2025-01-20,R01,19,0,0,Cloudy,225
2025-01-20,R01,20,0,0,Cloudy,121
2025-01-20,R01,21,0,0,Clear,78
2025-01-20,R01,22,0,0,Cloudy,39
2025-01-20,R02,6,0,0,Clear,125
2025-01-20,R02,7,0,0,Clear,232
2025-01-20,R02,8,0,0,Clear,282
2025-01-20,R02,9,0,0,Rain,285
2025-01-20,R02,10,0,0,Rain,140
2025-01-20,R02,11,0,0,Cloudy,88
2025-01-20,R02,12,0,0,Clear,56
2025-01-20,R02,13,0,0,Clear,64
2025-01-20,R02,14,0,0,Clear,50
2025-01-20,R02,15,0,0,Rain,85
2025-01-20,R02,16,0,0,Rain,177
2025-01-20,R02,17,0,0,Clear,305
2025-01-20,R02,18,0,0,Cloudy,314
2025-01-20,R02,19,0,0,Clear,256
2025-01-20,R02,20,0,0,Clear,176
2025-01-20,R02,21,0,0,Cloudy,90
2025-01-20,R02,22,0,0,Cloudy,50
2025-01-20,R03,6,0,0,Rain,126
2025-01-20,R03,7,0,0,Clear,195
2025-01-20,R03,8,0,0,Clear,188
2025-01-20,R03,9,0,0,Cloudy,147
2025-01-20,R03,10,0,0,Clear,87
2025-01-20,R03,11,0,0,Rain,59
2025-01-20,R03,12,0,0,Clear,42
2025-01-20,R03,13,0,0,Clear,38
2025-01-20,R03,14,0,0,Cloudy,24
2025-01-20,R03,15,0,0,Clear,66
2025-01-20,R03,16,0,0,Rain,132
2025-01-20,R03,17,0,0,Clear,209
2025-01-20,R03,18,0,0,Cloudy,211
2025-01-20,R03,19,0,0,Clear,193
2025-01-20,R03,20,0,0,Clear,106
2025-01-20,R03,21,0,0,Rain,48
2025-01-20,R03,22,0,0,Clear,38
2025-01-20,R04,6,0,0,Cloudy,123
2025-01-20,R04,7,0,0,Clear,254
2025-01-20,R04,8,0,0,Cloudy,339
2025-01-20,R04,9,0,0,Cloudy,251
2025-01-20,R04,10,0,0,Clear,135
2025-01-20,R04,11,0,0,Clear,96
2025-01-20,R04,12,0,0,Clear,72
2025-01-20,R04,13,0,0,Clear,35
2025-01-20,R04,14,0,0,Cloudy,69
2025-01-20,R04,15,0,0,Clear,102
2025-01-20,R04,16,0,0,Cloudy,170
2025-01-20,R04,17,0,0,Cloudy,299
2025-01-20,R04,18,0,0,Rain,415
2025-01-20,R04,19,0,0,Clear,352
2025-01-20,R04,20,0,0,Cloudy,171
2025-01-20,R04,21,0,0,Clear,102
2025-01-20,R04,22,0,0,Rain,72
2025-01-20,R05,6,0,0,Rain,103
2025-01-20,R05,7,0,0,Cloudy,192
2025-01-20,R05,8,0,0,Clear,248
2025-01-20,R05,9,0,0,Rain,208
2025-01-20,R05,10,0,0,Clear,107
2025-01-20,R05,11,0,0,Cloudy,51
2025-01-20,R05,12,0,0,Cloudy,66
2025-01-20,R05,13,0,0,Cloudy,52
2025-01-20,R05,14,0,0,Cloudy,52
2025-01-20,R05,15,0,0,Clear,47
2025-01-20,R05,16,0,0,Cloudy,130
2025-01-20,R05,17,0,0,Clear,234
2025-01-20,R05,18,0,0,Rain,294
2025-01-20,R05,19,0,0,Clear,206
2025-01-20,R05,20,0,0,Clear,141
2025-01-20,R05,21,0,0,Clear,81
2025-01-20,R05,22,0,0,Clear,39
2025-01-20,R06,6,0,0,Clear,125
2025-01-20,R06,7,0,0,Clear,255
2025-01-20,R06,8,0,0,Clear,317
2025-01-20,R06,9,0,0,Cloudy,216
2025-01-20,R06,10,0,0,Clear,121
2025-01-20,R06,11,0,0,Cloudy,73
2025-01-20,R06,12,0,0,Cloudy,42
2025-01-20,R06,13,0,0,Clear,71
2025-01-20,R06,14,0,0,Clear,70
2025-01-20,R06,15,0,0,Rain,104
2025-01-20,R06,16,0,0,Clear,173
2025-01-20,R06,17,0,0,Clear,289
2025-01-20,R06,18,0,0,Clear,377
2025-01-20,R06,19,0,0,Cloudy,271
2025-01-20,R06,20,0,0,Cloudy,175
2025-01-20,R06,21,0,0,Cloudy,106
2025-01-20,R06,22,0,0,Clear,65
2025-01-20,R07,6,0,0,Clear,96
2025-01-20,R07,7,0,0,Clear,132
2025-01-20,R07,8,0,0,Clear,193
2025-01-20,R07,9,0,0,Clear,145
2025-01-20,R07,10,0,0,Cloudy,84
2025-01-20,R07,11,0,0,Cloudy,13
2025-01-20,R07,12,0,0,Clear,44
2025-01-20,R07,13,0,0,Clear,24
2025-01-20,R07,14,0,0,Clear,36
2025-01-20,R07,15,0,0,Clear,80
2025-01-20,R07,16,0,0,Clear,106
2025-01-20,R07,17,0,0,Clear,178
2025-01-20,R07,18,0,0,Cloudy,204
2025-01-20,R07,19,0,0,Clear,188
2025-01-20,R07,20,0,0,Clear,110
2025-01-20,R07,21,0,0,Cloudy,53
2025-01-20,R07,22,0,0,Cloudy,37
2025-01-20,R08,6,0,0,Clear,120
2025-01-20,R08,7,0,0,Clear,221
2025-01-20,R08,8,0,0,Clear,268
2025-01-20,R08,9,0,0,Clear,230
2025-01-20,R08,10,0,0,Clear,111
2025-01-20,R08,11,0,0,Clear,79
2025-01-20,R08,12,0,0,Rain,54
2025-01-20,R08,13,0,0,Clear,63
2025-01-20,R08,14,0,0,Clear,54
2025-01-20,R08,15,0,0,Rain,85
2025-01-20,R08,16,0,0,Clear,153
2025-01-20,R08,17,0,0,Cloudy,243
2025-01-20,R08,18,0,0,Cloudy,332
2025-01-20,R08,19,0,0,Clear,289
2025-01-20,R08,20,0,0,Clear,176
2025-01-20,R08,21,0,0,Clear,83
2025-01-20,R08,22,0,0,Clear,47
2025-01-21,R01,6,1,0,Clear,120
2025-01-21,R01,7,1,0,Cloudy,186
2025-01-21,R01,8,1,0,Clear,273
2025-01-21,R01,9,1,0,Clear,193
2025-01-21,R01,10,1,0,Clear,113
2025-01-21,R01,11,1,0,Clear,75
2025-01-21,R01,12,1,0,Rain,48
2025-01-21,R01,13,1,0,Clear,43
2025-01-21,R01,14,1,0,Clear,30
2025-01-21,R01,15,1,0,Clear,63
2025-01-21,R01,16,1,0,Cloudy,133
2025-01-21,R01,17,1,0,Rain,270
2025-01-21,R01,18,1,0,Clear,303
2025-01-21,R01,19,1,0,Cloudy,201
2025-01-21,R01,20,1,0,Cloudy,125
2025-01-21,R01,21,1,0,Clear,53
2025-01-21,R01,22,1,0,Cloudy,51
2025-01-21,R02,6,1,0,Cloudy,97
2025-01-21,R02,7,1,0,Clear,224
2025-01-21,R02,8,1,0,Clear,317
2025-01-21,R02,9,1,0,Clear,231
2025-01-21,R02,10,1,0,Clear,146
2025-01-21,R02,11,1,0,Cloudy,74
2025-01-21,R02,12,1,0,Clear,52
2025-01-21,R02,13,1,0,Clear,68
2025-01-21,R02,14,1,0,Clear,57
2025-01-21,R02,15,1,0,Cloudy,90
2025-01-21,R02,16,1,0,Clear,152
2025-01-21,R02,17,1,0,Clear,297
2025-01-21,R02,18,1,0,Clear,327
2025-01-21,R02,19,1,0,Clear,267
2025-01-21,R02,20,1,0,Clear,149
2025-01-21,R02,21,1,0,Clear,77
2025-01-21,R02,22,1,0,Cloudy,60
2025-01-21,R03,6,1,0,Clear,88
2025-01-21,R03,7,1,0,Cloudy,166
2025-01-21,R03,8,1,0,Clear,229
2025-01-21,R03,9,1,0,Cloudy,134
2025-01-21,R03,10,1,0,Cloudy,101
2025-01-21,R03,11,1,0,Clear,46
2025-01-21,R03,12,1,0,Cloudy,61
2025-01-21,R03,13,1,0,Rain,32
2025-01-21,R03,14,1,0,Clear,15
2025-01-21,R03,15,1,0,Cloudy,64
2025-01-21,R03,16,1,0,Cloudy,114
2025-01-21,R03,17,1,0,Clear,182
2025-01-21,R03,18,1,0,Cloudy,213
2025-01-21,R03,19,1,0,Clear,208
2025-01-21,R03,20,1,0,Clear,118
2025-01-21,R03,21,1,0,Clear,55
2025-01-21,R03,22,1,0,Rain,52
2025-01-21,R04,6,1,0,Clear,149
2025-01-21,R04,7,1,0,Clear,261
2025-01-21,R04,8,1,0,Cloudy,341
2025-01-21,R04,9,1,0,Cloudy,266
2025-01-21,R04,10,1,0,Cloudy,137
2025-01-21,R04,11,1,0,Clear,91
2025-01-21,R04,12,1,0,Cloudy,87
2025-01-21,R04,13,1,0,Clear,49
2025-01-21,R04,14,1,0,Clear,64
2025-01-21,R04,15,1,0,Cloudy,88
2025-01-21,R04,16,1,0,Cloudy,185
2025-01-21,R04,17,1,0,Cloudy,296
2025-01-21,R04,18,1,0,Clear,408
2025-01-21,R04,19,1,0,Clear,317
2025-01-21,R04,20,1,0,Clear,170
2025-01-21,R04,21,1,0,Cloudy,92
2025-01-21,R04,22,1,0,Cloudy,57
2025-01-21,R05,6,1,0,Clear,105
2025-01-21,R05,7,1,0,Cloudy,186
2025-01-21,R05,8,1,0,Clear,225
2025-01-21,R05,9,1,0,Clear,187
2025-01-21,R05,10,1,0,Clear,103
2025-01-21,R05,11,1,0,Clear,67
2025-01-21,R05,12,1,0,Clear,54
2025-01-21,R05,13,1,0,Clear,33
2025-01-21,R05,14,1,0,Cloudy,43
2025-01-21,R05,15,1,0,Cloudy,71
2025-01-21,R05,16,1,0,Clear,127
2025-01-21,R05,17,1,0,Clear,218
2025-01-21,R05,18,1,0,Cloudy,263
2025-01-21,R05,19,1,0,Rain,255
2025-01-21,R05,20,1,0,Cloudy,110
2025-01-21,R05,21,1,0,Cloudy,72
2025-01-21,R05,22,1,0,Clear,50
2025-01-21,R06,6,1,0,Rain,157
2025-01-21,R06,7,1,0,Clear,252
2025-01-21,R06,8,1,0,Clear,348
2025-01-21,R06,9,1,0,Clear,258
2025-01-21,R06,10,1,0,Clear,145
2025-01-21,R06,11,1,0,Clear,82
2025-01-21,R06,12,1,0,Clear,57
2025-01-21,R06,13,1,0,Rain,67
2025-01-21,R06,14,1,0,Clear,55
2025-01-21,R06,15,1,0,Cloudy,107
2025-01-21,R06,16,1,0,Clear,178
2025-01-21,R06,17,1,0,Cloudy,271
2025-01-21,R06,18,1,0,Cloudy,365
2025-01-21,R06,19,1,0,Clear,298
2025-01-21,R06,20,1,0,Clear,184
2025-01-21,R06,21,1,0,Rain,77
2025-01-21,R06,22,1,0,Clear,79
2025-01-21,R07,6,1,0,Cloudy,79
2025-01-21,R07,7,1,0,Rain,148
2025-01-21,R07,8,1,0,Clear,192
2025-01-21,R07,9,1,0,Cloudy,158
2025-01-21,R07,10,1,0,Clear,70
2025-01-21,R07,11,1,0,Cloudy,32
2025-01-21,R07,12,1,0,Clear,31
2025-01-21,R07,13,1,0,Cloudy,32
2025-01-21,R07,14,1,0,Cloudy,47
2025-01-21,R07,15,1,0,Rain,63
2025-01-21,R07,16,1,0,Clear,96
2025-01-21,R07,17,1,0,Cloudy,166
2025-01-21,R07,18,1,0,Clear,236
2025-01-21,R07,19,1,0,Cloudy,171
2025-01-21,R07,20,1,0,Rain,108
2025-01-21,R07,21,1,0,Cloudy,46
2025-01-21,R07,22,1,0,Cloudy,37
2025-01-21,R08,6,1,0,Cloudy,124
2025-01-21,R08,7,1,0,Clear,213
2025-01-21,R08,8,1,0,Rain,324
2025-01-21,R08,9,1,0,Clear,221
2025-01-21,R08,10,1,0,Cloudy,112
2025-01-21,R08,11,1,0,Clear,100
2025-01-21,R08,12,1,0,Clear,61
2025-01-21,R08,13,1,0,Clear,44
2025-01-21,R08,14,1,0,Clear,61
2025-01-21,R08,15,1,0,Cloudy,88
2025-01-21,R08,16,1,0,Clear,160
2025-01-21,R08,17,1,0,Clear,236
2025-01-21,R08,18,1,0,Clear,285
2025-01-21,R08,19,1,0,Cloudy,248
2025-01-21,R08,20,1,0,Clear,157
2025-01-21,R08,21,1,0,Clear,84
2025-01-21,R08,22,1,0,Cloudy,46
2025-01-22,R01,6,2,0,Cloudy,111
2025-01-22,R01,7,2,0,Rain,239
2025-01-22,R01,8,2,0,Clear,238
2025-01-22,R01,9,2,0,Clear,180
2025-01-22,R01,10,2,0,Cloudy,107
2025-01-22,R01,11,2,0,Cloudy,66
2025-01-22,R01,12,2,0,Cloudy,37
2025-01-22,R01,13,2,0,Clear,19
2025-01-22,R01,14,2,0,Cloudy,47
2025-01-22,R01,15,2,0,Clear,77
2025-01-22,R01,16,2,0,Cloudy,125
2025-01-22,R01,17,2,0,Clear,254
2025-01-22,R01,18,2,0,Cloudy,282
2025-01-22,R01,19,2,0,Clear,231
2025-01-22,R01,20,2,0,Cloudy,121
2025-01-22,R01,21,2,0,Clear,72
2025-01-22,R01,22,2,0,Clear,46
2025-01-22,R02,6,2,0,Cloudy,97
2025-01-22,R02,7,2,0,Clear,242
2025-01-22,R02,8,2,0,Clear,299
2025-01-22,R02,9,2,0,Clear,234
2025-01-22,R02,10,2,0,Cloudy,106
2025-01-22,R02,11,2,0,Cloudy,87
2025-01-22,R02,12,2,0,Clear,64
2025-01-22,R02,13,2,0,Cloudy,77
2025-01-22,R02,14,2,0,Clear,56
2025-01-22,R02,15,2,0,Cloudy,89
2025-01-22,R02,16,2,0,Clear,166
2025-01-22,R02,17,2,0,Clear,274
2025-01-22,R02,18,2,0,Cloudy,323
2025-01-22,R02,19,2,0,Clear,291
2025-01-22,R02,20,2,0,Clear,148
2025-01-22,R02,21,2,0,Clear,99
2025-01-22,R02,22,2,0,Clear,62
2025-01-22,R03,6,2,0,Rain,109
2025-01-22,R03,7,2,0,Clear,171
2025-01-22,R03,8,2,0,Rain,213
2025-01-22,R03,9,2,0,Clear,166
2025-01-22,R03,10,2,0,Clear,103
2025-01-22,R03,11,2,0,Clear,51
2025-01-22,R03,12,2,0,Clear,39
2025-01-22,R03,13,2,0,Cloudy,38
2025-01-22,R03,14,2,0,Cloudy,15
2025-01-22,R03,15,2,0,Cloudy,72
2025-01-22,R03,16,2,0,Cloudy,76
2025-01-22,R03,17,2,0,Clear,216
2025-01-22,R03,18,2,0,Cloudy,223
2025-01-22,R03,19,2,0,Clear,203
2025-01-22,R03,20,2,0,Clear,88
2025-01-22,R03,21,2,0,Cloudy,66
2025-01-22,R03,22,2,0,Cloudy,47
2025-01-22,R04,6,2,0,Clear,153
2025-01-22,R04,7,2,0,Cloudy,232
2025-01-22,R04,8,2,0,Clear,340
2025-01-22,R04,9,2,0,Clear,279
2025-01-22,R04,10,2,0,Cloudy,153
2025-01-22,R04,11,2,0,Rain,75
2025-01-22,R04,12,2,0,Clear,52
2025-01-22,R04,13,2,0,Clear,67
2025-01-22,R04,14,2,0,Clear,102
2025-01-22,R04,15,2,0,Clear,89
2025-01-22,R04,16,2,0,Cloudy,169
2025-01-22,R04,17,2,0,Clear,317
2025-01-22,R04,18,2,0,Clear,397
2025-01-22,R04,19,2,0,Cloudy,321
2025-01-22,R04,20,2,0,Clear,185
2025-01-22,R04,21,2,0,Rain,142
2025-01-22,R04,22,2,0,Clear,70
2025-01-22,R05,6,2,0,Clear,121
2025-01-22,R05,7,2,0,Cloudy,177
2025-01-22,R05,8,2,0,Cloudy,215
2025-01-22,R05,9,2,0,Clear,192
2025-01-22,R05,10,2,0,Cloudy,104
2025-01-22,R05,11,2,0,Clear,46
2025-01-22,R05,12,2,0,Cloudy,58
2025-01-22,R05,13,2,0,Cloudy,35
2025-01-22,R05,14,2,0,Rain,39
2025-01-22,R05,15,2,0,Clear,100
2025-01-22,R05,16,2,0,Clear,120
2025-01-22,R05,17,2,0,Clear,221
2025-01-22,R05,18,2,0,Cloudy,273
2025-01-22,R05,19,2,0,Clear,223
2025-01-22,R05,20,2,0,Cloudy,109
2025-01-22,R05,21,2,0,Clear,61
2025-01-22,R05,22,2,0,Cloudy,71
2025-01-22,R06,6,2,0,Cloudy,135
2025-01-22,R06,7,2,0,Clear,264
2025-01-22,R06,8,2,0,Clear,328
2025-01-22,R06,9,2,0,Cloudy,244
2025-01-22,R06,10,2,0,Clear,129
2025-01-22,R06,11,2,0,Clear,76
2025-01-22,R06,12,2,0,Clear,33
2025-01-22,R06,13,2,0,Clear,71
2025-01-22,R06,14,2,0,Clear,57
2025-01-22,R06,15,2,0,Clear,74
2025-01-22,R06,16,2,0,Cloudy,164
2025-01-22,R06,17,2,0,Clear,297
2025-01-22,R06,18,2,0,Rain,418
2025-01-22,R06,19,2,0,Clear,299
2025-01-22,R06,20,2,0,Clear,164
2025-01-22,R06,21,2,0,Cloudy,84
2025-01-22,R06,22,2,0,Clear,83
2025-01-22,R07,6,2,0,Clear,91
2025-01-22,R07,7,2,0,Clear,154
2025-01-22,R07,8,2,0,Clear,201
2025-01-22,R07,9,2,0,Clear,155
2025-01-22,R07,10,2,0,Cloudy,61
2025-01-22,R07,11,2,0,Rain,58
2025-01-22,R07,12,2,0,Clear,50
2025-01-22,R07,13,2,0,Cloudy,48
2025-01-22,R07,14,2,0,Cloudy,20
2025-01-22,R07,15,2,0,Clear,45
2025-01-22,R07,16,2,0,Clear,90
2025-01-22,R07,17,2,0,Clear,169
2025-01-22,R07,18,2,0,Cloudy,206
2025-01-22,R07,19,2,0,Cloudy,165
2025-01-22,R07,20,2,0,Cloudy,95
2025-01-22,R07,21,2,0,Cloudy,31
2025-01-22,R07,22,2,0,Clear,29
2025-01-22,R08,6,2,0,Cloudy,129
2025-01-22,R08,7,2,0,Rain,261
2025-01-22,R08,8,2,0,Rain,313
2025-01-22,R08,9,2,0,Cloudy,220
2025-01-22,R08,10,2,0,Cloudy,117
2025-01-22,R08,11,2,0,Clear,77
2025-01-22,R08,12,2,0,Clear,64
2025-01-22,R08,13,2,0,Clear,79
2025-01-22,R08,14,2,0,Rain,61
2025-01-22,R08,15,2,0,Rain,95
2025-01-22,R08,16,2,0,Clear,157
2025-01-22,R08,17,2,0,Clear,264
2025-01-22,R08,18,2,0,Cloudy,303
2025-01-22,R08,19,2,0,Clear,288
2025-01-22,R08,20,2,0,Clear,152
2025-01-22,R08,21,2,0,Clear,89
2025-01-22,R08,22,2,0,Cloudy,75
2025-01-23,R01,6,3,0,Clear,116
2025-01-23,R01,7,3,0,Clear,210
2025-01-23,R01,8,3,0,Cloudy,245
2025-01-23,R01,9,3,0,Cloudy,197
2025-01-23,R01,10,3,0,Clear,105
2025-01-23,R01,11,3,0,Clear,97
2025-01-23,R01,12,3,0,Clear,30
2025-01-23,R01,13,3,0,Clear,45
2025-01-23,R01,14,3,0,Rain,64
2025-01-23,R01,15,3,0,Clear,79
2025-01-23,R01,16,3,0,Cloudy,126
2025-01-23,R01,17,3,0,Cloudy,203
2025-01-23,R01,18,3,0,Clear,279
2025-01-23,R01,19,3,0,Clear,243
2025-01-23,R01,20,3,0,Clear,112
2025-01-23,R01,21,3,0,Clear,81
2025-01-23,R01,22,3,0,Clear,68
2025-01-23,R02,6,3,0,Clear,139
2025-01-23,R02,7,3,0,Clear,254
2025-01-23,R02,8,3,0,Cloudy,256
2025-01-23,R02,9,3,0,Rain,238
2025-01-23,R02,10,3,0,Clear,125
2025-01-23,R02,11,3,0,Clear,57
2025-01-23,R02,12,3,0,Clear,36
2025-01-23,R02,13,3,0,Cloudy,46
2025-01-23,R02,14,3,0,Rain,88
2025-01-23,R02,15,3,0,Clear,112
2025-01-23,R02,16,3,0,Cloudy,141
2025-01-23,R02,17,3,0,Clear,285
2025-01-23,R02,18,3,0,Rain,389
2025-01-23,R02,19,3,0,Cloudy,263
2025-01-23,R02,20,3,0,Clear,181
2025-01-23,R02,21,3,0,Clear,80
2025-01-23,R02,22,3,0,Clear,52
2025-01-23,R03,6,3,0,Clear,78
2025-01-23,R03,7,3,0,Clear,163
2025-01-23,R03,8,3,0,Clear,178
2025-01-23,R03,9,3,0,Clear,164
2025-01-23,R03,10,3,0,Cloudy,86
2025-01-23,R03,11,3,0,Clear,19
2025-01-23,R03,12,3,0,Rain,46
2025-01-23,R03,13,3,0,Clear,24
2025-01-23,R03,14,3,0,Clear,44
2025-01-23,R03,15,3,0,Clear,62
2025-01-23,R03,16,3,0,Cloudy,109
2025-01-23,R03,17,3,0,Cloudy,197
2025-01-23,R03,18,3,0,Rain,224
2025-01-23,R03,19,3,0,Cloudy,171
2025-01-23,R03,20,3,0,Clear,110
2025-01-23,R03,21,3,0,Clear,36
2025-01-23,R03,22,3,0,Clear,52
2025-01-23,R04,6,3,0,Clear,134
2025-01-23,R04,7,3,0,Cloudy,272
2025-01-23,R04,8,3,0,Clear,365
2025-01-23,R04,9,3,0,Rain,300
2025-01-23,R04,10,3,0,Cloudy,135
2025-01-23,R04,11,3,0,Cloudy,56
2025-01-23,R04,12,3,0,Clear,65
2025-01-23,R04,13,3,0,Clear,75
2025-01-23,R04,14,3,0,Rain,80
2025-01-23,R04,15,3,0,Clear,117
2025-01-23,R04,16,3,0,Clear,181
2025-01-23,R04,17,3,0,Clear,320
2025-01-23,R04,18,3,0,Cloudy,363
2025-01-23,R04,19,3,0,Cloudy,334
2025-01-23,R04,20,3,0,Clear,167
2025-01-23,R04,21,3,0,Cloudy,102
2025-01-23,R04,22,3,0,Clear,80
2025-01-23,R05,6,3,0,Clear,114
2025-01-23,R05,7,3,0,Clear,182
2025-01-23,R05,8,3,0,Clear,230
2025-01-23,R05,9,3,0,Rain,211
2025-01-23,R05,10,3,0,Clear,111
2025-01-23,R05,11,3,0,Clear,49
2025-01-23,R05,12,3,0,Cloudy,39
2025-01-23,R05,13,3,0,Clear,37
2025-01-23,R05,14,3,0,Cloudy,47
2025-01-23,R05,15,3,0,Cloudy,66
2025-01-23,R05,16,3,0,Clear,154
2025-01-23,R05,17,3,0,Clear,237
2025-01-23,R05,18,3,0,Cloudy,247
2025-01-23,R05,19,3,0,Clear,213
2025-01-23,R05,20,3,0,Clear,142
2025-01-23,R05,21,3,0,Clear,70
2025-01-23,R05,22,3,0,Clear,77
2025-01-23,R06,6,3,0,Clear,164
2025-01-23,R06,7,3,0,Clear,242
2025-01-23,R06,8,3,0,Clear,329
2025-01-23,R06,9,3,0,Clear,238
2025-01-23,R06,10,3,0,Clear,146
2025-01-23,R06,11,3,0,Cloudy,95
2025-01-23,R06,12,3,0,Clear,62
2025-01-23,R06,13,3,0,Clear,53
2025-01-23,R06,14,3,0,Cloudy,66
2025-01-23,R06,15,3,0,Clear,104
2025-01-23,R06,16,3,0,Rain,203
2025-01-23,R06,17,3,0,Clear,295
2025-01-23,R06,18,3,0,Clear,361
2025-01-23,R06,19,3,0,Clear,304
2025-01-23,R06,20,3,0,Rain,185
2025-01-23,R06,21,3,0,Clear,108
2025-01-23,R06,22,3,0,Clear,59
2025-01-23,R07,6,3,0,Clear,80
2025-01-23,R07,7,3,0,Cloudy,143
2025-01-23,R07,8,3,0,Cloudy,157
2025-01-23,R07,9,3,0,Cloudy,130
2025-01-23,R07,10,3,0,Clear,106
2025-01-23,R07,11,3,0,Clear,56
2025-01-23,R07,12,3,0,Clear,30
2025-01-23,R07,13,3,0,Cloudy,42
2025-01-23,R07,14,3,0,Cloudy,52
2025-01-23,R07,15,3,0,Cloudy,47
2025-01-23,R07,16,3,0,Clear,111
2025-01-23,R07,17,3,0,Cloudy,173
2025-01-23,R07,18,3,0,Clear,198
2025-01-23,R07,19,3,0,Clear,171
2025-01-23,R07,20,3,0,Cloudy,117
2025-01-23,R07,21,3,0,Rain,85
2025-01-23,R07,22,3,0,Clear,50
2025-01-23,R08,6,3,0,Cloudy,104
2025-01-23,R08,7,3,0,Clear,194
2025-01-23,R08,8,3,0,Clear,276
2025-01-23,R08,9,3,0,Cloudy,193
2025-01-23,R08,10,3,0,Cloudy,136
2025-01-23,R08,11,3,0,Clear,42
2025-01-23,R08,12,3,0,Clear,38
2025-01-23,R08,13,3,0,Rain,60
2025-01-23,R08,14,3,0,Cloudy,53
2025-01-23,R08,15,3,0,Clear,102
2025-01-23,R08,16,3,0,Clear,161
2025-01-23,R08,17,3,0,Clear,263
2025-01-23,R08,18,3,0,Cloudy,324
2025-01-23,R08,19,3,0,Clear,260
2025-01-23,R08,20,3,0,Cloudy,166
2025-01-23,R08,21,3,0,Clear,69
2025-01-23,R08,22,3,0,Clear,19
2025-01-24,R01,6,4,0,Cloudy,102
2025-01-24,R01,7,4,0,Clear,176
2025-01-24,R01,8,4,0,Clear,274
2025-01-24,R01,9,4,0,Cloudy,194
2025-01-24,R01,10,4,0,Rain,143
2025-01-24,R01,11,4,0,Clear,57
2025-01-24,R01,12,4,0,Rain,34
2025-01-24,R01,13,4,0,Clear,54
2025-01-24,R01,14,4,0,Cloudy,41
2025-01-24,R01,15,4,0,Cloudy,80
2025-01-24,R01,16,4,0,Clear,127
2025-01-24,R01,17,4,0,Clear,261
2025-01-24,R01,18,4,0,Clear,297
2025-01-24,R01,19,4,0,Clear,239
2025-01-24,R01,20,4,0,Cloudy,149
2025-01-24,R01,21,4,0,Clear,86
2025-01-24,R01,22,4,0,Clear,42
2025-01-24,R02,6,4,0,Rain,154
2025-01-24,R02,7,4,0,Clear,250
2025-01-24,R02,8,4,0,Clear,306
2025-01-24,R02,9,4,0,Clear,252
2025-01-24,R02,10,4,0,Cloudy,141
2025-01-24,R02,11,4,0,Cloudy,66
2025-01-24,R02,12,4,0,Clear,56
2025-01-24,R02,13,4,0,Clear,54
2025-01-24,R02,14,4,0,Rain,56
2025-01-24,R02,15,4,0,Clear,85
2025-01-24,R02,16,4,0,Clear,161
2025-01-24,R02,17,4,0,Cloudy,264
2025-01-24,R02,18,4,0,Cloudy,325
2025-01-24,R02,19,4,0,Clear,269
2025-01-24,R02,20,4,0,Clear,178
2025-01-24,R02,21,4,0,Clear,78
2025-01-24,R02,22,4,0,Clear,81
2025-01-24,R03,6,4,0,Rain,86
2025-01-24,R03,7,4,0,Cloudy,182
2025-01-24,R03,8,4,0,Clear,209
2025-01-24,R03,9,4,0,Clear,180
2025-01-24,R03,10,4,0,Clear,92
2025-01-24,R03,11,4,0,Clear,32
2025-01-24,R03,12,4,0,Cloudy,21
2025-01-24,R03,13,4,0,Clear,30
2025-01-24,R03,14,4,0,Cloudy,34
2025-01-24,R03,15,4,0,Clear,60
2025-01-24,R03,16,4,0,Clear,119
2025-01-24,R03,17,4,0,Clear,196
2025-01-24,R03,18,4,0,Clear,247
2025-01-24,R03,19,4,0,Clear,204
2025-01-24,R03,20,4,0,Clear,111
2025-01-24,R03,21,4,0,Clear,70
2025-01-24,R03,22,4,0,Cloudy,52
2025-01-24,R04,6,4,0,Clear,154
2025-01-24,R04,7,4,0,Cloudy,266
2025-01-24,R04,8,4,0,Clear,355
2025-01-24,R04,9,4,0,Cloudy,275
2025-01-24,R04,10,4,0,Cloudy,138
2025-01-24,R04,11,4,0,Clear,72
2025-01-24,R04,12,4,0,Clear,65
2025-01-24,R04,13,4,0,Cloudy,43
2025-01-24,R04,14,4,0,Clear,51
2025-01-24,R04,15,4,0,Clear,111
2025-01-24,R04,16,4,0,Clear,208
2025-01-24,R04,17,4,0,Cloudy,301
2025-01-24,R04,18,4,0,Clear,413
2025-01-24,R04,19,4,0,Clear,302
2025-01-24,R04,20,4,0,Rain,180
2025-01-24,R04,21,4,0,Clear,115
2025-01-24,R04,22,4,0,Rain,83
2025-01-24,R05,6,4,0,Clear,104
2025-01-24,R05,7,4,0,Clear,217
2025-01-24,R05,8,4,0,Clear,246
2025-01-24,R05,9,4,0,Clear,180
2025-01-24,R05,10,4,0,Cloudy,77
2025-01-24,R05,11,4,0,Rain,63
2025-01-24,R05,12,4,0,Cloudy,46
2025-01-24,R05,13,4,0,Rain,47
2025-01-24,R05,14,4,0,Cloudy,59
2025-01-24,R05,15,4,0,Clear,89
2025-01-24,R05,16,4,0,Clear,127
2025-01-24,R05,17,4,0,Clear,205
2025-01-24,R05,18,4,0,Clear,286
2025-01-24,R05,19,4,0,Clear,246
2025-01-24,R05,20,4,0,Cloudy,119
2025-01-24,R05,21,4,0,Clear,77
2025-01-24,R05,22,4,0,Clear,34
2025-01-24,R06,6,4,0,Clear,140
2025-01-24,R06,7,4,0,Clear,263
2025-01-24,R06,8,4,0,Cloudy,311
2025-01-24,R06,9,4,0,Clear,283
2025-01-24,R06,10,4,0,Cloudy,149
2025-01-24,R06,11,4,0,Clear,85
2025-01-24,R06,12,4,0,Clear,75
2025-01-24,R06,13,4,0,Clear,73
2025-01-24,R06,14,4,0,Rain,74
2025-01-24,R06,15,4,0,Clear,91
2025-01-24,R06,16,4,0,Clear,167
2025-01-24,R06,17,4,0,Rain,316
2025-01-24,R06,18,4,0,Clear,392
2025-01-24,R06,19,4,0,Clear,330
2025-01-24,R06,20,4,0,Clear,174
2025-01-24,R06,21,4,0,Cloudy,87
2025-01-24,R06,22,4,0,Clear,73
2025-01-24,R07,6,4,0,Clear,77
2025-01-24,R07,7,4,0,Cloudy,125
2025-01-24,R07,8,4,0,Clear,171
2025-01-24,R07,9,4,0,Clear,175
2025-01-24,R07,10,4,0,Clear,57
2025-01-24,R07,11,4,0,Clear,48
2025-01-24,R07,12,4,0,Clear,15
2025-01-24,R07,13,4,0,Clear,33
2025-01-24,R07,14,4,0,Clear,33
2025-01-24,R07,15,4,0,Clear,34
2025-01-24,R07,16,4,0,Rain,119
2025-01-24,R07,17,4,0,Cloudy,149
2025-01-24,R07,18,4,0,Clear,193
2025-01-24,R07,19,4,0,Rain,202
2025-01-24,R07,20,4,0,Clear,96
2025-01-24,R07,21,4,0,Cloudy,40
2025-01-24,R07,22,4,0,Cloudy,47
2025-01-24,R08,6,4,0,Cloudy,98
2025-01-24,R08,7,4,0,Rain,223
2025-01-24,R08,8,4,0,Cloudy,288
2025-01-24,R08,9,4,0,Clear,250
2025-01-24,R08,10,4,0,Clear,118
2025-01-24,R08,11,4,0,Rain,34
2025-01-24,R08,12,4,0,Clear,51
2025-01-24,R08,13,4,0,Cloudy,61
2025-01-24,R08,14,4,0,Cloudy,70
2025-01-24,R08,15,4,0,Clear,67
2025-01-24,R08,16,4,0,Clear,149
2025-01-24,R08,17,4,0,Clear,269
2025-01-24,R08,18,4,0,Clear,337
2025-01-24,R08,19,4,0,Clear,275
2025-01-24,R08,20,4,0,Clear,160
2025-01-24,R08,21,4,0,Clear,97
2025-01-24,R08,22,4,0,Clear,56
2025-01-25,R01,6,5,1,Clear,96
2025-01-25,R01,7,5,1,Clear,132
2025-01-25,R01,8,5,1,Cloudy,177
2025-01-25,R01,9,5,1,Clear,134
2025-01-25,R01,10,5,1,Clear,73
2025-01-25,R01,11,5,1,Clear,42
2025-01-25,R01,12,5,1,Rain,30
2025-01-25,R01,13,5,1,Clear,50
2025-01-25,R01,14,5,1,Cloudy,28
2025-01-25,R01,15,5,1,Clear,50
2025-01-25,R01,16,5,1,Clear,103
2025-01-25,R01,17,5,1,Clear,200
2025-01-25,R01,18,5,1,Cloudy,199
2025-01-25,R01,19,5,1,Clear,166
2025-01-25,R01,20,5,1,Cloudy,64
2025-01-25,R01,21,5,1,Clear,48
2025-01-25,R01,22,5,1,Clear,27
2025-01-25,R02,6,5,1,Clear,84
2025-01-25,R02,7,5,1,Clear,158
2025-01-25,R02,8,5,1,Rain,239
2025-01-25,R02,9,5,1,Clear,162
2025-01-25,R02,10,5,1,Clear,76
2025-01-25,R02,11,5,1,Rain,66
2025-01-25,R02,12,5,1,Clear,23
2025-01-25,R02,13,5,1,Rain,43
2025-01-25,R02,14,5,1,Cloudy,37
2025-01-25,R02,15,5,1,Cloudy,61
2025-01-25,R02,16,5,1,Clear,128
2025-01-25,R02,17,5,1,Cloudy,220
2025-01-25,R02,18,5,1,Clear,239
2025-01-25,R02,19,5,1,Clear,185
2025-01-25,R02,20,5,1,Clear,101
2025-01-25,R02,21,5,1,Rain,55
2025-01-25,R02,22,5,1,Clear,46
2025-01-25,R03,6,5,1,Rain,39
2025-01-25,R03,7,5,1,Cloudy,90
2025-01-25,R03,8,5,1,Clear,151
2025-01-25,R03,9,5,1,Rain,139
2025-01-25,R03,10,5,1,Clear,75
2025-01-25,R03,11,5,1,Clear,36
2025-01-25,R03,12,5,1,Cloudy,38
2025-01-25,R03,13,5,1,Clear,44
2025-01-25,R03,14,5,1,Clear,24
2025-01-25,R03,15,5,1,Clear,56
2025-01-25,R03,16,5,1,Cloudy,52
2025-01-25,R03,17,5,1,Clear,118
2025-01-25,R03,18,5,1,Clear,162
2025-01-25,R03,19,5,1,Clear,112
2025-01-25,R03,20,5,1,Clear,86
2025-01-25,R03,21,5,1,Cloudy,32
2025-01-25,R03,22,5,1,Cloudy,26
2025-01-25,R04,6,5,1,Cloudy,54
2025-01-25,R04,7,5,1,Cloudy,175
2025-01-25,R04,8,5,1,Clear,235
2025-01-25,R04,9,5,1,Clear,177
2025-01-25,R04,10,5,1,Clear,108
2025-01-25,R04,11,5,1,Clear,48
2025-01-25,R04,12,5,1,Clear,43
2025-01-25,R04,13,5,1,Clear,49
2025-01-25,R04,14,5,1,Clear,64
2025-01-25,R04,15,5,1,Cloudy,79
2025-01-25,R04,16,5,1,Rain,134
2025-01-25,R04,17,5,1,Clear,211
2025-01-25,R04,18,5,1,Clear,292
2025-01-25,R04,19,5,1,Clear,214
2025-01-25,R04,20,5,1,Clear,135
2025-01-25,R04,21,5,1,Clear,44
2025-01-25,R04,22,5,1,Clear,19
2025-01-25,R05,6,5,1,Cloudy,68
2025-01-25,R05,7,5,1,Clear,129
2025-01-25,R05,8,5,1,Rain,197
2025-01-25,R05,9,5,1,Clear,122
2025-01-25,R05,10,5,1,Rain,82
2025-01-25,R05,11,5,1,Clear,49
2025-01-25,R05,12,5,1,Clear,22
2025-01-25,R05,13,5,1,Cloudy,25
2025-01-25,R05,14,5,1,Cloudy,17
2025-01-25,R05,15,5,1,Clear,59
2025-01-25,R05,16,5,1,Clear,98
2025-01-25,R05,17,5,1,Clear,165
2025-01-25,R05,18,5,1,Rain,208
2025-01-25,R05,19,5,1,Clear,164
2025-01-25,R05,20,5,1,Clear,54
2025-01-25,R05,21,5,1,Cloudy,43
2025-01-25,R05,22,5,1,Clear,56
2025-01-25,R06,6,5,1,Clear,93
2025-01-25,R06,7,5,1,Clear,188
2025-01-25,R06,8,5,1,Cloudy,206
2025-01-25,R06,9,5,1,Cloudy,182
2025-01-25,R06,10,5,1,Cloudy,76
2025-01-25,R06,11,5,1,Cloudy,54
2025-01-25,R06,12,5,1,Cloudy,30
2025-01-25,R06,13,5,1,Clear,44
2025-01-25,R06,14,5,1,Clear,37
2025-01-25,R06,15,5,1,Clear,62
2025-01-25,R06,16,5,1,Rain,124
2025-01-25,R06,17,5,1,Clear,215
2025-01-25,R06,18,5,1,Clear,259
2025-01-25,R06,19,5,1,Clear,196
2025-01-25,R06,20,5,1,Clear,109
2025-01-25,R06,21,5,1,Clear,50
2025-01-25,R06,22,5,1,Cloudy,27
2025-01-25,R07,6,5,1,Clear,64
2025-01-25,R07,7,5,1,Cloudy,82
2025-01-25,R07,8,5,1,Clear,133
2025-01-25,R07,9,5,1,Clear,94
2025-01-25,R07,10,5,1,Clear,68
2025-01-25,R07,11,5,1,Cloudy,55
2025-01-25,R07,12,5,1,Clear,10
2025-01-25,R07,13,5,1,Clear,13
2025-01-25,R07,14,5,1,Clear,19
2025-01-25,R07,15,5,1,Clear,34
2025-01-25,R07,16,5,1,Rain,72
2025-01-25,R07,17,5,1,Cloudy,94
2025-01-25,R07,18,5,1,Cloudy,164
2025-01-25,R07,19,5,1,Cloudy,109
2025-01-25,R07,20,5,1,Clear,75
2025-01-25,R07,21,5,1,Rain,47
2025-01-25,R07,22,5,1,Clear,10
2025-01-25,R08,6,5,1,Clear,77
2025-01-25,R08,7,5,1,Clear,163
2025-01-25,R08,8,5,1,Clear,215
2025-01-25,R08,9,5,1,Clear,148
2025-01-25,R08,10,5,1,Rain,72
2025-01-25,R08,11,5,1,Clear,37
2025-01-25,R08,12,5,1,Clear,31
2025-01-25,R08,13,5,1,Clear,30
2025-01-25,R08,14,5,1,Clear,27
2025-01-25,R08,15,5,1,Clear,35
2025-01-25,R08,16,5,1,Clear,89
2025-01-25,R08,17,5,1,Clear,173
2025-01-25,R08,18,5,1,Clear,232
2025-01-25,R08,19,5,1,Clear,196
2025-01-25,R08,20,5,1,Cloudy,99
2025-01-25,R08,21,5,1,Cloudy,37
2025-01-25,R08,22,5,1,Rain,35
2025-01-26,R01,6,6,1,Clear,47
2025-01-26,R01,7,6,1,Cloudy,151
2025-01-26,R01,8,6,1,Clear,169
2025-01-26,R01,9,6,1,Clear,145
2025-01-26,R01,10,6,1,Clear,89
2025-01-26,R01,11,6,1,Clear,66
2025-01-26,R01,12,6,1,Rain,48
2025-01-26,R01,13,6,1,Clear,27
2025-01-26,R01,14,6,1,Clear,43
2025-01-26,R01,15,6,1,Cloudy,71
2025-01-26,R01,16,6,1,Cloudy,80
2025-01-26,R01,17,6,1,Clear,144
2025-01-26,R01,18,6,1,Cloudy,178
2025-01-26,R01,19,6,1,Cloudy,161
2025-01-26,R01,20,6,1,Cloudy,84
2025-01-26,R01,21,6,1,Clear,49
2025-01-26,R01,22,6,1,Cloudy,42
2025-01-26,R02,6,6,1,Clear,76
2025-01-26,R02,7,6,1,Clear,162
2025-01-26,R02,8,6,1,Rain,223
2025-01-26,R02,9,6,1,Rain,204
2025-01-26,R02,10,6,1,Cloudy,94
2025-01-26,R02,11,6,1,Cloudy,40
2025-01-26,R02,12,6,1,Cloudy,31
2025-01-26,R02,13,6,1,Clear,64
2025-01-26,R02,14,6,1,Clear,65
2025-01-26,R02,15,6,1,Clear,65
2025-01-26,R02,16,6,1,Clear,111
2025-01-26,R02,17,6,1,Cloudy,165
2025-01-26,R02,18,6,1,Cloudy,212
2025-01-26,R02,19,6,1,Rain,195
2025-01-26,R02,20,6,1,Rain,138
2025-01-26,R02,21,6,1,Cloudy,38
2025-01-26,R02,22,6,1,Clear,35
2025-01-26,R03,6,6,1,Clear,36
2025-01-26,R03,7,6,1,Rain,104
2025-01-26,R03,8,6,1,Clear,155
2025-01-26,R03,9,6,1,Clear,118
2025-01-26,R03,10,6,1,Clear,61
2025-01-26,R03,11,6,1,Clear,28
2025-01-26,R03,12,6,1,Cloudy,10
2025-01-26,R03,13,6,1,Clear,19
2025-01-26,R03,14,6,1,Clear,26
2025-01-26,R03,15,6,1,Cloudy,47
2025-01-26,R03,16,6,1,Cloudy,88
2025-01-26,R03,17,6,1,Rain,158
2025-01-26,R03,18,6,1,Clear,170
2025-01-26,R03,19,6,1,Clear,135
2025-01-26,R03,20,6,1,Clear,80
2025-01-26,R03,21,6,1,Clear,33
2025-01-26,R03,22,6,1,Clear,30
2025-01-26,R04,6,6,1,Rain,107
2025-01-26,R04,7,6,1,Cloudy,208
2025-01-26,R04,8,6,1,Cloudy,228
2025-01-26,R04,9,6,1,Cloudy,148
2025-01-26,R04,10,6,1,Cloudy,88
2025-01-26,R04,11,6,1,Clear,51
2025-01-26,R04,12,6,1,Rain,61
2025-01-26,R04,13,6,1,Cloudy,46
2025-01-26,R04,14,6,1,Clear,51
2025-01-26,R04,15,6,1,Clear,86
2025-01-26,R04,16,6,1,Clear,151
2025-01-26,R04,17,6,1,Clear,231
2025-01-26,R04,18,6,1,Clear,267
2025-01-26,R04,19,6,1,Clear,217
2025-01-26,R04,20,6,1,Rain,96
2025-01-26,R04,21,6,1,Clear,84
2025-01-26,R04,22,6,1,Clear,42
2025-01-26,R05,6,6,1,Clear,70
2025-01-26,R05,7,6,1,Cloudy,118
2025-01-26,R05,8,6,1,Clear,154
2025-01-26,R05,9,6,1,Clear,163
2025-01-26,R05,10,6,1,Clear,70
2025-01-26,R05,11,6,1,Clear,60
2025-01-26,R05,12,6,1,Rain,30
2025-01-26,R05,13,6,1,Cloudy,20
2025-01-26,R05,14,6,1,Clear,42
2025-01-26,R05,15,6,1,Rain,67
2025-01-26,R05,16,6,1,Clear,105
2025-01-26,R05,17,6,1,Clear,153
2025-01-26,R05,18,6,1,Rain,221
2025-01-26,R05,19,6,1,Clear,149
2025-01-26,R05,20,6,1,Clear,91
2025-01-26,R05,21,6,1,Cloudy,41
2025-01-26,R05,22,6,1,Clear,27
2025-01-26,R06,6,6,1,Clear,94
2025-01-26,R06,7,6,1,Clear,158
2025-01-26,R06,8,6,1,Clear,235
2025-01-26,R06,9,6,1,Cloudy,157
2025-01-26,R06,10,6,1,Clear,105
2025-01-26,R06,11,6,1,Cloudy,35
2025-01-26,R06,12,6,1,Clear,35
2025-01-26,R06,13,6,1,Cloudy,23
2025-01-26,R06,14,6,1,Clear,28
2025-01-26,R06,15,6,1,Clear,51
2025-01-26,R06,16,6,1,Cloudy,98
2025-01-26,R06,17,6,1,Cloudy,178
2025-01-26,R06,18,6,1,Cloudy,237
2025-01-26,R06,19,6,1,Cloudy,201
2025-01-26,R06,20,6,1,Clear,127
2025-01-26,R06,21,6,1,Clear,39
2025-01-26,R06,22,6,1,Cloudy,37
2025-01-26,R07,6,6,1,Cloudy,45
2025-01-26,R07,7,6,1,Clear,119
2025-01-26,R07,8,6,1,Clear,125
2025-01-26,R07,9,6,1,Clear,99
2025-01-26,R07,10,6,1,Clear,34
2025-01-26,R07,11,6,1,Clear,18
2025-01-26,R07,12,6,1,Cloudy,10
2025-01-26,R07,13,6,1,Clear,24
2025-01-26,R07,14,6,1,Rain,47
2025-01-26,R07,15,6,1,Cloudy,23
2025-01-26,R07,16,6,1,Cloudy,61
2025-01-26,R07,17,6,1,Clear,106
2025-01-26,R07,18,6,1,Clear,137
2025-01-26,R07,19,6,1,Clear,120
2025-01-26,R07,20,6,1,Rain,102
2025-01-26,R07,21,6,1,Clear,55
2025-01-26,R07,22,6,1,Clear,49
2025-01-26,R08,6,6,1,Cloudy,89
2025-01-26,R08,7,6,1,Clear,149
2025-01-26,R08,8,6,1,Clear,190
2025-01-26,R08,9,6,1,Clear,142
2025-01-26,R08,10,6,1,Clear,48
2025-01-26,R08,11,6,1,Cloudy,39
2025-01-26,R08,12,6,1,Clear,56
2025-01-26,R08,13,6,1,Cloudy,53
2025-01-26,R08,14,6,1,Cloudy,69
2025-01-26,R08,15,6,1,Clear,57
2025-01-26,R08,16,6,1,Cloudy,81
2025-01-26,R08,17,6,1,Clear,200
2025-01-26,R08,18,6,1,Rain,251
2025-01-26,R08,19,6,1,Cloudy,197
2025-01-26,R08,20,6,1,Cloudy,119
2025-01-26,R08,21,6,1,Clear,48
2025-01-26,R08,22,6,1,Clear,23
2025-01-27,R01,6,0,0,Clear,93
2025-01-27,R01,7,0,0,Rain,214
2025-01-27,R01,8,0,0,Cloudy,237
2025-01-27,R01,9,0,0,Clear,199
2025-01-27,R01,10,0,0,Clear,118
2025-01-27,R01,11,0,0,Cloudy,51
2025-01-27,R01,12,0,0,Clear,49
2025-01-27,R01,13,0,0,Clear,26
2025-01-27,R01,14,0,0,Rain,46
2025-01-27,R01,15,0,0,Clear,62
2025-01-27,R01,16,0,0,Cloudy,107
2025-01-27,R01,17,0,0,Clear,236
2025-01-27,R01,18,0,0,Clear,276
2025-01-27,R01,19,0,0,Clear,235
2025-01-27,R01,20,0,0,Clear,140
2025-01-27,R01,21,0,0,Clear,93
2025-01-27,R01,22,0,0,Cloudy,36
2025-01-27,R02,6,0,0,Clear,130
2025-01-27,R02,7,0,0,Cloudy,217
2025-01-27,R02,8,0,0,Clear,286
2025-01-27,R02,9,0,0,Clear,261
2025-01-27,R02,10,0,0,Cloudy,123
2025-01-27,R02,11,0,0,Clear,77
2025-01-27,R02,12,0,0,Clear,80
2025-01-27,R02,13,0,0,Clear,49
2025-01-27,R02,14,0,0,Cloudy,39
2025-01-27,R02,15,0,0,Cloudy,69
2025-01-27,R02,16,0,0,Cloudy,135
2025-01-27,R02,17,0,0,Clear,300
2025-01-27,R02,18,0,0,Clear,378
2025-01-27,R02,19,0,0,Clear,286
2025-01-27,R02,20,0,0,Cloudy,163
2025-01-27,R02,21,0,0,Clear,99
2025-01-27,R02,22,0,0,Clear,84
2025-01-27,R03,6,0,0,Clear,116
2025-01-27,R03,7,0,0,Clear,141
2025-01-27,R03,8,0,0,Cloudy,193
2025-01-27,R03,9,0,0,Clear,167
2025-01-27,R03,10,0,0,Clear,79
2025-01-27,R03,11,0,0,Clear,45
2025-01-27,R03,12,0,0,Cloudy,43
2025-01-27,R03,13,0,0,Clear,10
2025-01-27,R03,14,0,0,Cloudy,45
2025-01-27,R03,15,0,0,Cloudy,69
2025-01-27,R03,16,0,0,Clear,114
2025-01-27,R03,17,0,0,Cloudy,154
2025-01-27,R03,18,0,0,Clear,238
2025-01-27,R03,19,0,0,Clear,202
2025-01-27,R03,20,0,0,Cloudy,121
2025-01-27,R03,21,0,0,Rain,77
2025-01-27,R03,22,0,0,Clear,40
2025-01-27,R04,6,0,0,Clear,137
2025-01-27,R04,7,0,0,Clear,274
2025-01-27,R04,8,0,0,Rain,363
2025-01-27,R04,9,0,0,Cloudy,250
2025-01-27,R04,10,0,0,Clear,164
2025-01-27,R04,11,0,0,Cloudy,75
2025-01-27,R04,12,0,0,Clear,69
2025-01-27,R04,13,0,0,Cloudy,40
2025-01-27,R04,14,0,0,Cloudy,79
2025-01-27,R04,15,0,0,Clear,96
2025-01-27,R04,16,0,0,Rain,210
2025-01-27,R04,17,0,0,Cloudy,313
2025-01-27,R04,18,0,0,Clear,414
2025-01-27,R04,19,0,0,Clear,328
2025-01-27,R04,20,0,0,Cloudy,173
2025-01-27,R04,21,0,0,Cloudy,76
2025-01-27,R04,22,0,0,Cloudy,44
2025-01-27,R05,6,0,0,Rain,116
2025-01-27,R05,7,0,0,Clear,198
2025-01-27,R05,8,0,0,Cloudy,240
2025-01-27,R05,9,0,0,Clear,182
2025-01-27,R05,10,0,0,Clear,95
2025-01-27,R05,11,0,0,Clear,58
2025-01-27,R05,12,0,0,Clear,39
2025-01-27,R05,13,0,0,Clear,79
2025-01-27,R05,14,0,0,Clear,40
2025-01-27,R05,15,0,0,Cloudy,70
2025-01-27,R05,16,0,0,Clear,143
2025-01-27,R05,17,0,0,Clear,241
2025-01-27,R05,18,0,0,Clear,275
2025-01-27,R05,19,0,0,Cloudy,223
2025-01-27,R05,20,0,0,Rain,150
2025-01-27,R05,21,0,0,Clear,77
2025-01-27,R05,22,0,0,Clear,50
2025-01-27,R06,6,0,0,Clear,147
2025-01-27,R06,7,0,0,Clear,258
2025-01-27,R06,8,0,0,Cloudy,288
2025-01-27,R06,9,0,0,Clear,257
2025-01-27,R06,10,0,0,Clear,140
2025-01-27,R06,11,0,0,Cloudy,80
2025-01-27,R06,12,0,0,Clear,62
2025-01-27,R06,13,0,0,Clear,83
2025-01-27,R06,14,0,0,Clear,62
2025-01-27,R06,15,0,0,Clear,84
2025-01-27,R06,16,0,0,Rain,209
2025-01-27,R06,17,0,0,Clear,299
2025-01-27,R06,18,0,0,Cloudy,349
2025-01-27,R06,19,0,0,Clear,306
2025-01-27,R06,20,0,0,Clear,176
2025-01-27,R06,21,0,0,Rain,108
2025-01-27,R06,22,0,0,Clear,73
2025-01-27,R07,6,0,0,Clear,70
2025-01-27,R07,7,0,0,Rain,146
2025-01-27,R07,8,0,0,Clear,174
2025-01-27,R07,9,0,0,Clear,164
2025-01-27,R07,10,0,0,Clear,75
2025-01-27,R07,11,0,0,Clear,54
2025-01-27,R07,12,0,0,Clear,45
2025-01-27,R07,13,0,0,Clear,35
2025-01-27,R07,14,0,0,Rain,29
2025-01-27,R07,15,0,0,Clear,63
2025-01-27,R07,16,0,0,Clear,100
2025-01-27,R07,17,0,0,Clear,158
2025-01-27,R07,18,0,0,Clear,207
2025-01-27,R07,19,0,0,Clear,153
2025-01-27,R07,20,0,0,Cloudy,88
2025-01-27,R07,21,0,0,Clear,40
2025-01-27,R07,22,0,0,Rain,42
2025-01-27,R08,6,0,0,Clear,118
2025-01-27,R08,7,0,0,Clear,221
2025-01-27,R08,8,0,0,Clear,288
2025-01-27,R08,9,0,0,Rain,254
2025-01-27,R08,10,0,0,Clear,132
2025-01-27,R08,11,0,0,Cloudy,76
2025-01-27,R08,12,0,0,Clear,43
2025-01-27,R08,13,0,0,Cloudy,64
2025-01-27,R08,14,0,0,Clear,56
2025-01-27,R08,15,0,0,Clear,75
2025-01-27,R08,16,0,0,Clear,139
2025-01-27,R08,17,0,0,Clear,232
2025-01-27,R08,18,0,0,Cloudy,313
2025-01-27,R08,19,0,0,Rain,297
2025-01-27,R08,20,0,0,Clear,145
2025-01-27,R08,21,0,0,Cloudy,68
2025-01-27,R08,22,0,0,Cloudy,51
2025-01-28,R01,6,1,0,Clear,104
2025-01-28,R01,7,1,0,Clear,193
2025-01-28,R01,8,1,0,Clear,246
2025-01-28,R01,9,1,0,Rain,240
2025-01-28,R01,10,1,0,Cloudy,96
2025-01-28,R01,11,1,0,Clear,65
2025-01-28,R01,12,1,0,Cloudy,53
2025-01-28,R01,13,1,0,Clear,53
2025-01-28,R01,14,1,0,Clear,60
2025-01-28,R01,15,1,0,Rain,86
2025-01-28,R01,16,1,0,Cloudy,122
2025-01-28,R01,17,1,0,Clear,237
2025-01-28,R01,18,1,0,Clear,312
2025-01-28,R01,19,1,0,Clear,235
2025-01-28,R01,20,1,0,Rain,152
2025-01-28,R01,21,1,0,Clear,80
2025-01-28,R01,22,1,0,Cloudy,69
2025-01-28,R02,6,1,0,Clear,143
2025-01-28,R02,7,1,0,Clear,228
2025-01-28,R02,8,1,0,Clear,313
2025-01-28,R02,9,1,0,Clear,244
2025-01-28,R02,10,1,0,Clear,124
2025-01-28,R02,11,1,0,Clear,71
2025-01-28,R02,12,1,0,Cloudy,44
2025-01-28,R02,13,1,0,Cloudy,50
2025-01-28,R02,14,1,0,Clear,54
2025-01-28,R02,15,1,0,Clear,60
2025-01-28,R02,16,1,0,Rain,181
2025-01-28,R02,17,1,0,Clear,280
2025-01-28,R02,18,1,0,Cloudy,351
2025-01-28,R02,19,1,0,Clear,287
2025-01-28,R02,20,1,0,Clear,163
2025-01-28,R02,21,1,0,Cloudy,78
2025-01-28,R02,22,1,0,Clear,56
2025-01-28,R03,6,1,0,Cloudy,68
2025-01-28,R03,7,1,0,Cloudy,169
2025-01-28,R03,8,1,0,Clear,233
2025-01-28,R03,9,1,0,Clear,161
2025-01-28,R03,10,1,0,Cloudy,100
2025-01-28,R03,11,1,0,Clear,84
2025-01-28,R03,12,1,0,Cloudy,64
2025-01-28,R03,13,1,0,Clear,57
2025-01-28,R03,14,1,0,Clear,27
2025-01-28,R03,15,1,0,Clear,45
2025-01-28,R03,16,1,0,Clear,123
2025-01-28,R03,17,1,0,Cloudy,186
2025-01-28,R03,18,1,0,Clear,217
2025-01-28,R03,19,1,0,Clear,193
2025-01-28,R03,20,1,0,Clear,122
2025-01-28,R03,21,1,0,Rain,64
2025-01-28,R03,22,1,0,Cloudy,40
2025-01-28,R04,6,1,0,Clear,132
2025-01-28,R04,7,1,0,Clear,270
2025-01-28,R04,8,1,0,Rain,396
2025-01-28,R04,9,1,0,Clear,269
2025-01-28,R04,10,1,0,Clear,164
2025-01-28,R04,11,1,0,Clear,81
2025-01-28,R04,12,1,0,Cloudy,67
2025-01-28,R04,13,1,0,Clear,72
2025-01-28,R04,14,1,0,Rain,84
2025-01-28,R04,15,1,0,Clear,85
2025-01-28,R04,16,1,0,Rain,195
2025-01-28,R04,17,1,0,Clear,299
2025-01-28,R04,18,1,0,Clear,396
2025-01-28,R04,19,1,0,Rain,347
2025-01-28,R04,20,1,0,Cloudy,169
2025-01-28,R04,21,1,0,Rain,105
2025-01-28,R04,22,1,0,Rain,78
2025-01-28,R05,6,1,0,Clear,102
2025-01-28,R05,7,1,0,Rain,211
2025-01-28,R05,8,1,0,Clear,253
2025-01-28,R05,9,1,0,Clear,194
2025-01-28,R05,10,1,0,Clear,116
2025-01-28,R05,11,1,0,Clear,57
2025-01-28,R05,12,1,0,Clear,67
2025-01-28,R05,13,1,0,Cloudy,29
2025-01-28,R05,14,1,0,Clear,44
2025-01-28,R05,15,1,0,Cloudy,56
2025-01-28,R05,16,1,0,Cloudy,127
2025-01-28,R05,17,1,0,Clear,216
2025-01-28,R05,18,1,0,Clear,294
2025-01-28,R05,19,1,0,Rain,233
2025-01-28,R05,20,1,0,Clear,121
2025-01-28,R05,21,1,0,Rain,58
2025-01-28,R05,22,1,0,Cloudy,43
2025-01-28,R06,6,1,0,Clear,138
2025-01-28,R06,7,1,0,Cloudy,219
2025-01-28,R06,8,1,0,Cloudy,301
2025-01-28,R06,9,1,0,Clear,269
2025-01-28,R06,10,1,0,Clear,154
2025-01-28,R06,11,1,0,Cloudy,80
2025-01-28,R06,12,1,0,Clear,29
2025-01-28,R06,13,1,0,Clear,60
2025-01-28,R06,14,1,0,Clear,80
2025-01-28,R06,15,1,0,Rain,94
2025-01-28,R06,16,1,0,Clear,157
2025-01-28,R06,17,1,0,Clear,316
2025-01-28,R06,18,1,0,Rain,425
2025-01-28,R06,19,1,0,Clear,301
2025-01-28,R06,20,1,0,Clear,157
2025-01-28,R06,21,1,0,Clear,69
2025-01-28,R06,22,1,0,Clear,68
2025-01-28,R07,6,1,0,Clear,70
2025-01-28,R07,7,1,0,Cloudy,137
2025-01-28,R07,8,1,0,Clear,185
2025-01-28,R07,9,1,0,Clear,135
2025-01-28,R07,10,1,0,Cloudy,51
2025-01-28,R07,11,1,0,Clear,37
2025-01-28,R07,12,1,0,Clear,36
2025-01-28,R07,13,1,0,Cloudy,34
2025-01-28,R07,14,1,0,Clear,28
2025-01-28,R07,15,1,0,Clear,69
2025-01-28,R07,16,1,0,Cloudy,79
2025-01-28,R07,17,1,0,Clear,140
2025-01-28,R07,18,1,0,Cloudy,214
2025-01-28,R07,19,1,0,Cloudy,165
2025-01-28,R07,20,1,0,Rain,104
2025-01-28,R07,21,1,0,Rain,64
2025-01-28,R07,22,1,0,Clear,33
2025-01-28,R08,6,1,0,Clear,101
2025-01-28,R08,7,1,0,Rain,229
2025-01-28,R08,8,1,0,Rain,300
2025-01-28,R08,9,1,0,Clear,220
2025-01-28,R08,10,1,0,Clear,112
2025-01-28,R08,11,1,0,Clear,78
2025-01-28,R08,12,1,0,Clear,45
2025-01-28,R08,13,1,0,Clear,43
2025-01-28,R08,14,1,0,Clear,45
2025-01-28,R08,15,1,0,Clear,68
2025-01-28,R08,16,1,0,Clear,141
2025-01-28,R08,17,1,0,Clear,248
2025-01-28,R08,18,1,0,Clear,328
2025-01-28,R08,19,1,0,Clear,263
2025-01-28,R08,20,1,0,Clear,149
2025-01-28,R08,21,1,0,Clear,59
2025-01-28,R08,22,1,0,Clear,61
2025-01-29,R01,6,2,0,Clear,115
2025-01-29,R01,7,2,0,Clear,225
2025-01-29,R01,8,2,0,Clear,267
2025-01-29,R01,9,2,0,Clear,228
2025-01-29,R01,10,2,0,Cloudy,93
2025-01-29,R01,11,2,0,Clear,81
2025-01-29,R01,12,2,0,Clear,54
2025-01-29,R01,13,2,0,Cloudy,48
2025-01-29,R01,14,2,0,Clear,48
2025-01-29,R01,15,2,0,Cloudy,63
2025-01-29,R01,16,2,0,Cloudy,122
2025-01-29,R01,17,2,0,Clear,263
2025-01-29,R01,18,2,0,Cloudy,276
2025-01-29,R01,19,2,0,Cloudy,233
2025-01-29,R01,20,2,0,Clear,148
2025-01-29,R01,21,2,0,Clear,82
2025-01-29,R01,22,2,0,Cloudy,50
2025-01-29,R02,6,2,0,Cloudy,142
2025-01-29,R02,7,2,0,Clear,246
2025-01-29,R02,8,2,0,Clear,299
2025-01-29,R02,9,2,0,Cloudy,221
2025-01-29,R02,10,2,0,Rain,120
2025-01-29,R02,11,2,0,Clear,74
2025-01-29,R02,12,2,0,Clear,64
2025-01-29,R02,13,2,0,Clear,64
2025-01-29,R02,14,2,0,Clear,66
2025-01-29,R02,15,2,0,Clear,83
2025-01-29,R02,16,2,0,Cloudy,153
2025-01-29,R02,17,2,0,Cloudy,267
2025-01-29,R02,18,2,0,Rain,398
2025-01-29,R02,19,2,0,Clear,259
2025-01-29,R02,20,2,0,Clear,157
2025-01-29,R02,21,2,0,Cloudy,67
2025-01-29,R02,22,2,0,Clear,87
2025-01-29,R03,6,2,0,Clear,105
2025-01-29,R03,7,2,0,Cloudy,151
2025-01-29,R03,8,2,0,Clear,196
2025-01-29,R03,9,2,0,Clear,152
2025-01-29,R03,10,2,0,Cloudy,97
2025-01-29,R03,11,2,0,Clear,28
2025-01-29,R03,12,2,0,Cloudy,37
2025-01-29,R03,13,2,0,Clear,49
2025-01-29,R03,14,2,0,Cloudy,23
2025-01-29,R03,15,2,0,Clear,59
2025-01-29,R03,16,2,0,Clear,108
2025-01-29,R03,17,2,0,Clear,190
2025-01-29,R03,18,2,0,Clear,234
2025-01-29,R03,19,2,0,Clear,209
2025-01-29,R03,20,2,0,Cloudy,126
2025-01-29,R03,21,2,0,Rain,62
2025-01-29,R03,22,2,0,Clear,46
2025-01-29,R04,6,2,0,Cloudy,138
2025-01-29,R04,7,2,0,Clear,251
2025-01-29,R04,8,2,0,Clear,348
2025-01-29,R04,9,2,0,Rain,277
2025-01-29,R04,10,2,0,Cloudy,131
2025-01-29,R04,11,2,0,Clear,80
2025-01-29,R04,12,2,0,Rain,80
2025-01-29,R04,13,2,0,Cloudy,62
2025-01-29,R04,14,2,0,Cloudy,76
2025-01-29,R04,15,2,0,Rain,96
2025-01-29,R04,16,2,0,Clear,204
2025-01-29,R04,17,2,0,Cloudy,325
2025-01-29,R04,18,2,0,Clear,374
2025-01-29,R04,19,2,0,Cloudy,285
2025-01-29,R04,20,2,0,Cloudy,174
2025-01-29,R04,21,2,0,Clear,90
2025-01-29,R04,22,2,0,Clear,63
2025-01-29,R05,6,2,0,Clear,106
2025-01-29,R05,7,2,0,Clear,206
2025-01-29,R05,8,2,0,Clear,236
2025-01-29,R05,9,2,0,Clear,209
2025-01-29,R05,10,2,0,Clear,93
2025-01-29,R05,11,2,0,Clear,86
2025-01-29,R05,12,2,0,Cloudy,60
2025-01-29,R05,13,2,0,Cloudy,33
2025-01-29,R05,14,2,0,Clear,30
2025-01-29,R05,15,2,0,Clear,60
2025-01-29,R05,16,2,0,Clear,121
2025-01-29,R05,17,2,0,Clear,236
2025-01-29,R05,18,2,0,Clear,256
2025-01-29,R05,19,2,0,Clear,208
2025-01-29,R05,20,2,0,Cloudy,130
2025-01-29,R05,21,2,0,Rain,65
2025-01-29,R05,22,2,0,Clear,41
2025-01-29,R06,6,2,0,Clear,146
2025-01-29,R06,7,2,0,Clear,268
2025-01-29,R06,8,2,0,Clear,342
2025-01-29,R06,9,2,0,Cloudy,248
2025-01-29,R06,10,2,0,Clear,132
2025-01-29,R06,11,2,0,Clear,70
2025-01-29,R06,12,2,0,Clear,54
2025-01-29,R06,13,2,0,Clear,42
2025-01-29,R06,14,2,0,Rain,57
2025-01-29,R06,15,2,0,Clear,105
2025-01-29,R06,16,2,0,Rain,180
2025-01-29,R06,17,2,0,Rain,315
2025-01-29,R06,18,2,0,Cloudy,364
2025-01-29,R06,19,2,0,Clear,282
2025-01-29,R06,20,2,0,Rain,192
2025-01-29,R06,21,2,0,Clear,62
2025-01-29,R06,22,2,0,Rain,92
2025-01-29,R07,6,2,0,Rain,107
2025-01-29,R07,7,2,0,Rain,146
2025-01-29,R07,8,2,0,Cloudy,175
2025-01-29,R07,9,2,0,Cloudy,124
2025-01-29,R07,10,2,0,Cloudy,60
2025-01-29,R07,11,2,0,Clear,37
2025-01-29,R07,12,2,0,Clear,42
2025-01-29,R07,13,2,0,Clear,41
2025-01-29,R07,14,2,0,Clear,43
2025-01-29,R07,15,2,0,Cloudy,46
2025-01-29,R07,16,2,0,Clear,108
2025-01-29,R07,17,2,0,Clear,157
2025-01-29,R07,18,2,0,Clear,216
2025-01-29,R07,19,2,0,Clear,173
2025-01-29,R07,20,2,0,Rain,105
2025-01-29,R07,21,2,0,Clear,55
2025-01-29,R07,22,2,0,Cloudy,10
2025-01-29,R08,6,2,0,Rain,118
2025-01-29,R08,7,2,0,Cloudy,217
2025-01-29,R08,8,2,0,Clear,286
2025-01-29,R08,9,2,0,Clear,204
2025-01-29,R08,10,2,0,Clear,118
2025-01-29,R08,11,2,0,Cloudy,54
2025-01-29,R08,12,2,0,Clear,67
2025-01-29,R08,13,2,0,Clear,36
2025-01-29,R08,14,2,0,Clear,41
2025-01-29,R08,15,2,0,Cloudy,80
2025-01-29,R08,16,2,0,Clear,149
2025-01-29,R08,17,2,0,Cloudy,246
2025-01-29,R08,18,2,0,Cloudy,337
2025-01-29,R08,19,2,0,Rain,300
2025-01-29,R08,20,2,0,Clear,147
2025-01-29,R08,21,2,0,Rain,66
2025-01-29,R08,22,2,0,Cloudy,47
2025-01-30,R01,6,3,0,Rain,103
2025-01-30,R01,7,3,0,Cloudy,179
2025-01-30,R01,8,3,0,Clear,249
2025-01-30,R01,9,3,0,Clear,217
2025-01-30,R01,10,3,0,Clear,89
2025-01-30,R01,11,3,0,Clear,71
2025-01-30,R01,12,3,0,Clear,53
2025-01-30,R01,13,3,0,Clear,52
2025-01-30,R01,14,3,0,Cloudy,35
2025-01-30,R01,15,3,0,Clear,82
2025-01-30,R01,16,3,0,Cloudy,91
2025-01-30,R01,17,3,0,Rain,251
2025-01-30,R01,18,3,0,Cloudy,298
2025-01-30,R01,19,3,0,Clear,255
2025-01-30,R01,20,3,0,Cloudy,152
2025-01-30,R01,21,3,0,Clear,72
2025-01-30,R01,22,3,0,Clear,48
2025-01-30,R02,6,3,0,Rain,135
2025-01-30,R02,7,3,0,Clear,270
2025-01-30,R02,8,3,0,Clear,316
2025-01-30,R02,9,3,0,Rain,248
2025-01-30,R02,10,3,0,Clear,146
2025-01-30,R02,11,3,0,Clear,67
2025-01-30,R02,12,3,0,Clear,23
2025-01-30,R02,13,3,0,Clear,44
2025-01-30,R02,14,3,0,Clear,74
2025-01-30,R02,15,3,0,Clear,91
2025-01-30,R02,16,3,0,Cloudy,162
2025-01-30,R02,17,3,0,Rain,331
2025-01-30,R02,18,3,0,Cloudy,305
2025-01-30,R02,19,3,0,Clear,274
2025-01-30,R02,20,3,0,Clear,163
2025-01-30,R02,21,3,0,Rain,108
2025-01-30,R02,22,3,0,Rain,51
2025-01-30,R03,6,3,0,Clear,84
2025-01-30,R03,7,3,0,Cloudy,156
2025-01-30,R03,8,3,0,Cloudy,190
2025-01-30,R03,9,3,0,Clear,166
2025-01-30,R03,10,3,0,Rain,95
2025-01-30,R03,11,3,0,Clear,41
2025-01-30,R03,12,3,0,Clear,49
2025-01-30,R03,13,3,0,Clear,45
2025-01-30,R03,14,3,0,Clear,52
2025-01-30,R03,15,3,0,Rain,77
2025-01-30,R03,16,3,0,Clear,135
2025-01-30,R03,17,3,0,Rain,197
2025-01-30,R03,18,3,0,Clear,224
2025-01-30,R03,19,3,0,Clear,207
2025-01-30,R03,20,3,0,Clear,107
2025-01-30,R03,21,3,0,Rain,57
2025-01-30,R03,22,3,0,Clear,31
2025-01-30,R04,6,3,0,Clear,158
2025-01-30,R04,7,3,0,Clear,304
2025-01-30,R04,8,3,0,Clear,364
2025-01-30,R04,9,3,0,Clear,268
2025-01-30,R04,10,3,0,Clear,157
2025-01-30,R04,11,3,0,Clear,60
2025-01-30,R04,12,3,0,Cloudy,25
2025-01-30,R04,13,3,0,Cloudy,55
2025-01-30,R04,14,3,0,Clear,45
2025-01-30,R04,15,3,0,Cloudy,85
2025-01-30,R04,16,3,0,Clear,188
2025-01-30,R04,17,3,0,Rain,390
2025-01-30,R04,18,3,0,Clear,416
2025-01-30,R04,19,3,0,Clear,302
2025-01-30,R04,20,3,0,Clear,164
2025-01-30,R04,21,3,0,Clear,87
2025-01-30,R04,22,3,0,Cloudy,89
2025-01-30,R05,6,3,0,Rain,91
2025-01-30,R05,7,3,0,Clear,183
2025-01-30,R05,8,3,0,Cloudy,223
2025-01-30,R05,9,3,0,Cloudy,187
2025-01-30,R05,10,3,0,Cloudy,108
2025-01-30,R05,11,3,0,Clear,64
2025-01-30,R05,12,3,0,Clear,48
2025-01-30,R05,13,3,0,Cloudy,21
2025-01-30,R05,14,3,0,Clear,49
2025-01-30,R05,15,3,0,Clear,87
2025-01-30,R05,16,3,0,Cloudy,146
2025-01-30,R05,17,3,0,Clear,234
2025-01-30,R05,18,3,0,Cloudy,242
2025-01-30,R05,19,3,0,Clear,234
2025-01-30,R05,20,3,0,Clear,129
2025-01-30,R05,21,3,0,Cloudy,43
2025-01-30,R05,22,3,0,Cloudy,30
2025-01-30,R06,6,3,0,Clear,123
2025-01-30,R06,7,3,0,Clear,264
2025-01-30,R06,8,3,0,Clear,348
2025-01-30,R06,9,3,0,Clear,261
2025-01-30,R06,10,3,0,Cloudy,137
2025-01-30,R06,11,3,0,Clear,72
2025-01-30,R06,12,3,0,Rain,57
2025-01-30,R06,13,3,0,Clear,65
2025-01-30,R06,14,3,0,Clear,66
2025-01-30,R06,15,3,0,Cloudy,73
2025-01-30,R06,16,3,0,Clear,175
2025-01-30,R06,17,3,0,Clear,301
2025-01-30,R06,18,3,0,Clear,366
2025-01-30,R06,19,3,0,Clear,293
2025-01-30,R06,20,3,0,Clear,177
2025-01-30,R06,21,3,0,Cloudy,77
2025-01-30,R06,22,3,0,Cloudy,88
2025-01-30,R07,6,3,0,Clear,84
2025-01-30,R07,7,3,0,Rain,166
2025-01-30,R07,8,3,0,Cloudy,173
2025-01-30,R07,9,3,0,Clear,140
2025-01-30,R07,10,3,0,Clear,52
2025-01-30,R07,11,3,0,Clear,32
2025-01-30,R07,12,3,0,Clear,11
2025-01-30,R07,13,3,0,Clear,10
2025-01-30,R07,14,3,0,Cloudy,17
2025-01-30,R07,15,3,0,Clear,68
2025-01-30,R07,16,3,0,Cloudy,110
2025-01-30,R07,17,3,0,Clear,163
2025-01-30,R07,18,3,0,Cloudy,180
2025-01-30,R07,19,3,0,Clear,167
2025-01-30,R07,20,3,0,Clear,108
2025-01-30,R07,21,3,0,Clear,65
2025-01-30,R07,22,3,0,Clear,38
2025-01-30,R08,6,3,0,Cloudy,117
2025-01-30,R08,7,3,0,Rain,250
2025-01-30,R08,8,3,0,Clear,264
2025-01-30,R08,9,3,0,Rain,227
2025-01-30,R08,10,3,0,Rain,154
2025-01-30,R08,11,3,0,Rain,74
2025-01-30,R08,12,3,0,Cloudy,20
2025-01-30,R08,13,3,0,Clear,56
2025-01-30,R08,14,3,0,Rain,48
2025-01-30,R08,15,3,0,Rain,102
2025-01-30,R08,16,3,0,Clear,164
2025-01-30,R08,17,3,0,Clear,273
2025-01-30,R08,18,3,0,Clear,328
2025-01-30,R08,19,3,0,Cloudy,267
2025-01-30,R08,20,3,0,Cloudy,162
2025-01-30,R08,21,3,0,Cloudy,62
2025-01-30,R08,22,3,0,Clear,63
2025-01-31,R01,6,4,0,Cloudy,93
2025-01-31,R01,7,4,0,Cloudy,177
2025-01-31,R01,8,4,0,Rain,307
2025-01-31,R01,9,4,0,Cloudy,202
2025-01-31,R01,10,4,0,Clear,111
2025-01-31,R01,11,4,0,Rain,53
2025-01-31,R01,12,4,0,Clear,67
2025-01-31,R01,13,4,0,Clear,81
2025-01-31,R01,14,4,0,Rain,42
2025-01-31,R01,15,4,0,Clear,56
2025-01-31,R01,16,4,0,Clear,137
2025-01-31,R01,17,4,0,Clear,250
2025-01-31,R01,18,4,0,Clear,291
2025-01-31,R01,19,4,0,Clear,298
2025-01-31,R01,20,4,0,Clear,140
2025-01-31,R01,21,4,0,Cloudy,59
2025-01-31,R01,22,4,0,Cloudy,40
2025-01-31,R02,6,4,0,Clear,153
2025-01-31,R02,7,4,0,Cloudy,224
2025-01-31,R02,8,4,0,Clear,327
2025-01-31,R02,9,4,0,Cloudy,202
2025-01-31,R02,10,4,0,Cloudy,135
2025-01-31,R02,11,4,0,Clear,59
2025-01-31,R02,12,4,0,Rain,72
2025-01-31,R02,13,4,0,Clear,43
2025-01-31,R02,14,4,0,Clear,53
2025-01-31,R02,15,4,0,Rain,79
2025-01-31,R02,16,4,0,Clear,174
2025-01-31,R02,17,4,0,Clear,298
2025-01-31,R02,18,4,0,Clear,339
2025-01-31,R02,19,4,0,Cloudy,247
2025-01-31,R02,20,4,0,Cloudy,172
2025-01-31,R02,21,4,0,Cloudy,71
2025-01-31,R02,22,4,0,Clear,57
2025-01-31,R03,6,4,0,Clear,76
2025-01-31,R03,7,4,0,Clear,176
2025-01-31,R03,8,4,0,Cloudy,211
2025-01-31,R03,9,4,0,Clear,188
2025-01-31,R03,10,4,0,Clear,104
2025-01-31,R03,11,4,0,Cloudy,60
2025-01-31,R03,12,4,0,Cloudy,35
2025-01-31,R03,13,4,0,Cloudy,33
2025-01-31,R03,14,4,0,Clear,50
2025-01-31,R03,15,4,0,Rain,63
2025-01-31,R03,16,4,0,Cloudy,122
2025-01-31,R03,17,4,0,Clear,184
2025-01-31,R03,18,4,0,Cloudy,204
2025-01-31,R03,19,4,0,Rain,225
2025-01-31,R03,20,4,0,Clear,105
2025-01-31,R03,21,4,0,Clear,43
2025-01-31,R03,22,4,0,Clear,72
2025-01-31,R04,6,4,0,Clear,146
2025-01-31,R04,7,4,0,Clear,256
2025-01-31,R04,8,4,0,Clear,343
2025-01-31,R04,9,4,0,Clear,271
2025-01-31,R04,10,4,0,Cloudy,145
2025-01-31,R04,11,4,0,Cloudy,66
2025-01-31,R04,12,4,0,Clear,62
2025-01-31,R04,13,4,0,Clear,66
2025-01-31,R04,14,4,0,Clear,74
2025-01-31,R04,15,4,0,Clear,96
2025-01-31,R04,16,4,0,Rain,230
2025-01-31,R04,17,4,0,Clear,335
2025-01-31,R04,18,4,0,Cloudy,385
2025-01-31,R04,19,4,0,Clear,334
2025-01-31,R04,20,4,0,Clear,202
2025-01-31,R04,21,4,0,Clear,100
2025-01-31,R04,22,4,0,Rain,61
2025-01-31,R05,6,4,0,Clear,108
2025-01-31,R05,7,4,0,Clear,201
2025-01-31,R05,8,4,0,Rain,291
2025-01-31,R05,9,4,0,Clear,178
2025-01-31,R05,10,4,0,Rain,101
2025-01-31,R05,11,4,0,Cloudy,53
2025-01-31,R05,12,4,0,Cloudy,51
2025-01-31,R05,13,4,0,Clear,26
2025-01-31,R05,14,4,0,Rain,38
2025-01-31,R05,15,4,0,Clear,81
2025-01-31,R05,16,4,0,Clear,114
2025-01-31,R05,17,4,0,Cloudy,203
2025-01-31,R05,18,4,0,Clear,295
2025-01-31,R05,19,4,0,Cloudy,224
2025-01-31,R05,20,4,0,Rain,135
2025-01-31,R05,21,4,0,Clear,75
2025-01-31,R05,22,4,0,Rain,56
2025-01-31,R06,6,4,0,Cloudy,125
2025-01-31,R06,7,4,0,Clear,249
2025-01-31,R06,8,4,0,Rain,365
2025-01-31,R06,9,4,0,Cloudy,223
2025-01-31,R06,10,4,0,Clear,141
2025-01-31,R06,11,4,0,Cloudy,72
2025-01-31,R06,12,4,0,Clear,63
2025-01-31,R06,13,4,0,Clear,45
2025-01-31,R06,14,4,0,Rain,88
2025-01-31,R06,15,4,0,Clear,81
2025-01-31,R06,16,4,0,Clear,166
2025-01-31,R06,17,4,0,Rain,329
2025-01-31,R06,18,4,0,Cloudy,357
2025-01-31,R06,19,4,0,Rain,335
2025-01-31,R06,20,4,0,Cloudy,141
2025-01-31,R06,21,4,0,Cloudy,85
2025-01-31,R06,22,4,0,Clear,64
2025-01-31,R07,6,4,0,Clear,97
2025-01-31,R07,7,4,0,Clear,142
2025-01-31,R07,8,4,0,Clear,195
2025-01-31,R07,9,4,0,Clear,185
2025-01-31,R07,10,4,0,Cloudy,89
2025-01-31,R07,11,4,0,Clear,29
2025-01-31,R07,12,4,0,Clear,44
2025-01-31,R07,13,4,0,Cloudy,37
2025-01-31,R07,14,4,0,Cloudy,29
2025-01-31,R07,15,4,0,Rain,68
2025-01-31,R07,16,4,0,Cloudy,80
2025-01-31,R07,17,4,0,Clear,165
2025-01-31,R07,18,4,0,Clear,211
2025-01-31,R07,19,4,0,Cloudy,158
2025-01-31,R07,20,4,0,Clear,108
2025-01-31,R07,21,4,0,Clear,51
2025-01-31,R07,22,4,0,Clear,29
2025-01-31,R08,6,4,0,Clear,135
2025-01-31,R08,7,4,0,Cloudy,219
2025-01-31,R08,8,4,0,Clear,268
2025-01-31,R08,9,4,0,Rain,227
2025-01-31,R08,10,4,0,Clear,112
2025-01-31,R08,11,4,0,Clear,47
2025-01-31,R08,12,4,0,Clear,65
2025-01-31,R08,13,4,0,Rain,48
2025-01-31,R08,14,4,0,Clear,62
2025-01-31,R08,15,4,0,Cloudy,103
2025-01-31,R08,16,4,0,Rain,177
2025-01-31,R08,17,4,0,Clear,240
2025-01-31,R08,18,4,0,Cloudy,299
2025-01-31,R08,19,4,0,Cloudy,246
2025-01-31,R08,20,4,0,Cloudy,146
2025-01-31,R08,21,4,0,Clear,92
2025-01-31,R08,22,4,0,Cloudy,84
2025-02-01,R01,6,5,1,Clear,97
2025-02-01,R01,7,5,1,Clear,138
2025-02-01,R01,8,5,1,Clear,176
2025-02-01,R01,9,5,1,Clear,160
2025-02-01,R01,10,5,1,Clear,73
2025-02-01,R01,11,5,1,Cloudy,30
2025-02-01,R01,12,5,1,Cloudy,44
2025-02-01,R01,13,5,1,Cloudy,34
2025-02-01,R01,14,5,1,Cloudy,12
2025-02-01,R01,15,5,1,Cloudy,42
2025-02-01,R01,16,5,1,Cloudy,71
2025-02-01,R01,17,5,1,Clear,131
2025-02-01,R01,18,5,1,Clear,227
2025-02-01,R01,19,5,1,Clear,166
2025-02-01,R01,20,5,1,Clear,90
2025-02-01,R01,21,5,1,Clear,42
2025-02-01,R01,22,5,1,Cloudy,32
2025-02-01,R02,6,5,1,Rain,89
2025-02-01,R02,7,5,1,Clear,150
2025-02-01,R02,8,5,1,Clear,203
2025-02-01,R02,9,5,1,Clear,183
2025-02-01,R02,10,5,1,Clear,100
2025-02-01,R02,11,5,1,Clear,41
2025-02-01,R02,12,5,1,Clear,65
2025-02-01,R02,13,5,1,Clear,36
2025-02-01,R02,14,5,1,Clear,30
2025-02-01,R02,15,5,1,Cloudy,59
2025-02-01,R02,16,5,1,Clear,133
2025-02-01,R02,17,5,1,Clear,212
2025-02-01,R02,18,5,1,Cloudy,214
2025-02-01,R02,19,5,1,Cloudy,166
2025-02-01,R02,20,5,1,Clear,106
2025-02-01,R02,21,5,1,Clear,65
2025-02-01,R02,22,5,1,Rain,56
2025-02-01,R03,6,5,1,Clear,77
2025-02-01,R03,7,5,1,Cloudy,109
2025-02-01,R03,8,5,1,Clear,148
2025-02-01,R03,9,5,1,Cloudy,109
2025-02-01,R03,10,5,1,Clear,75
2025-02-01,R03,11,5,1,Cloudy,42
2025-02-01,R03,12,5,1,Cloudy,14
2025-02-01,R03,13,5,1,Cloudy,34
2025-02-01,R03,14,5,1,Cloudy,40
2025-02-01,R03,15,5,1,Cloudy,52
2025-02-01,R03,16,5,1,Clear,81
2025-02-01,R03,17,5,1,Rain,151
2025-02-01,R03,18,5,1,Cloudy,155
2025-02-01,R03,19,5,1,Clear,135
2025-02-01,R03,20,5,1,Cloudy,97
2025-02-01,R03,21,5,1,Clear,42
2025-02-01,R03,22,5,1,Clear,18
2025-02-01,R04,6,5,1,Clear,104
2025-02-01,R04,7,5,1,Rain,217
2025-02-01,R04,8,5,1,Clear,254
2025-02-01,R04,9,5,1,Clear,174
2025-02-01,R04,10,5,1,Clear,120
2025-02-01,R04,11,5,1,Cloudy,61
2025-02-01,R04,12,5,1,Rain,68
2025-02-01,R04,13,5,1,Clear,24
2025-02-01,R04,14,5,1,Clear,61
2025-02-01,R04,15,5,1,Clear,52
2025-02-01,R04,16,5,1,Clear,123
2025-02-01,R04,17,5,1,Clear,232
2025-02-01,R04,18,5,1,Rain,284
2025-02-01,R04,19,5,1,Cloudy,201
2025-02-01,R04,20,5,1,Cloudy,101
2025-02-01,R04,21,5,1,Rain,83
2025-02-01,R04,22,5,1,Clear,36
2025-02-01,R05,6,5,1,Clear,70
2025-02-01,R05,7,5,1,Cloudy,130
2025-02-01,R05,8,5,1,Cloudy,163
2025-02-01,R05,9,5,1,Cloudy,127
2025-02-01,R05,10,5,1,Cloudy,69
2025-02-01,R05,11,5,1,Cloudy,18
2025-02-01,R05,12,5,1,Clear,28
2025-02-01,R05,13,5,1,Clear,33
2025-02-01,R05,14,5,1,Cloudy,32
2025-02-01,R05,15,5,1,Clear,45
2025-02-01,R05,16,5,1,Clear,80
2025-02-01,R05,17,5,1,Clear,160
2025-02-01,R05,18,5,1,Clear,198
2025-02-01,R05,19,5,1,Clear,150
2025-02-01,R05,20,5,1,Clear,103
2025-02-01,R05,21,5,1,Clear,68
2025-02-01,R05,22,5,1,Clear,33
2025-02-01,R06,6,5,1,Clear,82
2025-02-01,R06,7,5,1,Clear,158
2025-02-01,R06,8,5,1,Clear,218
2025-02-01,R06,9,5,1,Cloudy,163
2025-02-01,R06,10,5,1,Clear,76
2025-02-01,R06,11,5,1,Clear,46
2025-02-01,R06,12,5,1,Clear,54
2025-02-01,R06,13,5,1,Clear,12
2025-02-01,R06,14,5,1,Cloudy,42
2025-02-01,R06,15,5,1,Rain,60
2025-02-01,R06,16,5,1,Clear,118
2025-02-01,R06,17,5,1,Clear,227
2025-02-01,R06,18,5,1,Clear,252
2025-02-01,R06,19,5,1,Clear,203
2025-02-01,R06,20,5,1,Clear,127
2025-02-01,R06,21,5,1,Clear,66
2025-02-01,R06,22,5,1,Cloudy,42
2025-02-01,R07,6,5,1,Cloudy,55
2025-02-01,R07,7,5,1,Cloudy,111
2025-02-01,R07,8,5,1,Clear,140
2025-02-01,R07,9,5,1,Cloudy,90
2025-02-01,R07,10,5,1,Clear,74
2025-02-01,R07,11,5,1,Clear,22
2025-02-01,R07,12,5,1,Cloudy,23
2025-02-01,R07,13,5,1,Clear,26
2025-02-01,R07,14,5,1,Clear,21
2025-02-01,R07,15,5,1,Clear,55
2025-02-01,R07,16,5,1,Clear,63
2025-02-01,R07,17,5,1,Cloudy,109
2025-02-01,R07,18,5,1,Clear,160
2025-02-01,R07,19,5,1,Rain,124
2025-02-01,R07,20,5,1,Clear,51
2025-02-01,R07,21,5,1,Rain,41
2025-02-01,R07,22,5,1,Cloudy,10
2025-02-01,R08,6,5,1,Clear,66
2025-02-01,R08,7,5,1,Cloudy,116
2025-02-01,R08,8,5,1,Clear,169
2025-02-01,R08,9,5,1,Clear,127
2025-02-01,R08,10,5,1,Clear,104
2025-02-01,R08,11,5,1,Clear,19
2025-02-01,R08,12,5,1,Cloudy,20
2025-02-01,R08,13,5,1,Cloudy,31
2025-02-01,R08,14,5,1,Cloudy,44
2025-02-01,R08,15,5,1,Cloudy,61
2025-02-01,R08,16,5,1,Clear,93
2025-02-01,R08,17,5,1,Cloudy,171
2025-02-01,R08,18,5,1,Clear,220
2025-02-01,R08,19,5,1,Clear,181
2025-02-01,R08,20,5,1,Clear,106
2025-02-01,R08,21,5,1,Clear,60
2025-02-01,R08,22,5,1,Cloudy,28
2025-02-02,R01,6,6,1,Rain,98
2025-02-02,R01,7,6,1,Rain,178
2025-02-02,R01,8,6,1,Rain,191
2025-02-02,R01,9,6,1,Clear,170
2025-02-02,R01,10,6,1,Cloudy,63
2025-02-02,R01,11,6,1,Rain,46
2025-02-02,R01,12,6,1,Clear,31
2025-02-02,R01,13,6,1,Cloudy,31
2025-02-02,R01,14,6,1,Cloudy,47
2025-02-02,R01,15,6,1,Rain,52
2025-02-02,R01,16,6,1,Rain,88
2025-02-02,R01,17,6,1,Clear,156
2025-02-02,R01,18,6,1,Clear,200
2025-02-02,R01,19,6,1,Clear,167
2025-02-02,R01,20,6,1,Cloudy,78
2025-02-02,R01,21,6,1,Cloudy,37
2025-02-02,R01,22,6,1,Clear,38
2025-02-02,R02,6,6,1,Clear,91
2025-02-02,R02,7,6,1,Clear,176
2025-02-02,R02,8,6,1,Clear,202
2025-02-02,R02,9,6,1,Rain,187
2025-02-02,R02,10,6,1,Clear,85
2025-02-02,R02,11,6,1,Clear,41
2025-02-02,R02,12,6,1,Clear,37
2025-02-02,R02,13,6,1,Rain,42
2025-02-02,R02,14,6,1,Clear,24
2025-02-02,R02,15,6,1,Clear,42
2025-02-02,R02,16,6,1,Clear,120
2025-02-02,R02,17,6,1,Clear,189
2025-02-02,R02,18,6,1,Clear,241
2025-02-02,R02,19,6,1,Cloudy,191
2025-02-02,R02,20,6,1,Cloudy,103
2025-02-02,R02,21,6,1,Cloudy,62
2025-02-02,R02,22,6,1,Clear,41
2025-02-02,R03,6,6,1,Cloudy,58
2025-02-02,R03,7,6,1,Cloudy,123
2025-02-02,R03,8,6,1,Cloudy,134
2025-02-02,R03,9,6,1,Clear,123
2025-02-02,R03,10,6,1,Clear,42
2025-02-02,R03,11,6,1,Cloudy,33
2025-02-02,R03,12,6,1,Cloudy,45
2025-02-02,R03,13,6,1,Cloudy,56
2025-02-02,R03,14,6,1,Clear,10
2025-02-02,R03,15,6,1,Clear,35
2025-02-02,R03,16,6,1,Clear,64
2025-02-02,R03,17,6,1,Clear,133
2025-02-02,R03,18,6,1,Cloudy,167
2025-02-02,R03,19,6,1,Rain,165
2025-02-02,R03,20,6,1,Clear,94
2025-02-02,R03,21,6,1,Clear,21
2025-02-02,R03,22,6,1,Clear,28
2025-02-02,R04,6,6,1,Cloudy,85
2025-02-02,R04,7,6,1,Clear,185
2025-02-02,R04,8,6,1,Clear,233
2025-02-02,R04,9,6,1,Cloudy,157
2025-02-02,R04,10,6,1,Clear,116
2025-02-02,R04,11,6,1,Clear,44
2025-02-02,R04,12,6,1,Clear,36
2025-02-02,R04,13,6,1,Cloudy,60
2025-02-02,R04,14,6,1,Clear,26
2025-02-02,R04,15,6,1,Cloudy,68
2025-02-02,R04,16,6,1,Clear,141
2025-02-02,R04,17,6,1,Cloudy,227
2025-02-02,R04,18,6,1,Clear,277
2025-02-02,R04,19,6,1,Clear,231
2025-02-02,R04,20,6,1,Clear,141
2025-02-02,R04,21,6,1,Clear,65
2025-02-02,R04,22,6,1,Cloudy,32
2025-02-02,R05,6,6,1,Clear,91
2025-02-02,R05,7,6,1,Clear,140
2025-02-02,R05,8,6,1,Clear,169
2025-02-02,R05,9,6,1,Clear,114
2025-02-02,R05,10,6,1,Clear,40
2025-02-02,R05,11,6,1,Cloudy,41
2025-02-02,R05,12,6,1,Clear,10
2025-02-02,R05,13,6,1,Clear,30
2025-02-02,R05,14,6,1,Cloudy,21
2025-02-02,R05,15,6,1,Clear,40
2025-02-02,R05,16,6,1,Clear,107
2025-02-02,R05,17,6,1,Rain,162
2025-02-02,R05,18,6,1,Cloudy,181
2025-02-02,R05,19,6,1,Cloudy,137
2025-02-02,R05,20,6,1,Clear,93
2025-02-02,R05,21,6,1,Clear,49
2025-02-02,R05,22,6,1,Cloudy,31
2025-02-02,R06,6,6,1,Clear,106
2025-02-02,R06,7,6,1,Cloudy,142
2025-02-02,R06,8,6,1,Clear,198
2025-02-02,R06,9,6,1,Clear,158
2025-02-02,R06,10,6,1,Clear,94
2025-02-02,R06,11,6,1,Rain,62
2025-02-02,R06,12,6,1,Clear,10
2025-02-02,R06,13,6,1,Clear,46
2025-02-02,R06,14,6,1,Cloudy,64
2025-02-02,R06,15,6,1,Rain,63
2025-02-02,R06,16,6,1,Cloudy,132
2025-02-02,R06,17,6,1,Clear,210
2025-02-02,R06,18,6,1,Clear,272
2025-02-02,R06,19,6,1,Clear,222
2025-02-02,R06,20,6,1,Cloudy,106
2025-02-02,R06,21,6,1,Clear,73
2025-02-02,R06,22,6,1,Rain,43
2025-02-02,R07,6,6,1,Rain,82
2025-02-02,R07,7,6,1,Cloudy,90
2025-02-02,R07,8,6,1,Cloudy,127
2025-02-02,R07,9,6,1,Clear,126
2025-02-02,R07,10,6,1,Rain,66
2025-02-02,R07,11,6,1,Cloudy,21
2025-02-02,R07,12,6,1,Cloudy,10
2025-02-02,R07,13,6,1,Clear,10
2025-02-02,R07,14,6,1,Clear,31
2025-02-02,R07,15,6,1,Clear,34
2025-02-02,R07,16,6,1,Clear,52
2025-02-02,R07,17,6,1,Rain,140
2025-02-02,R07,18,6,1,Clear,155
2025-02-02,R07,19,6,1,Clear,117
2025-02-02,R07,20,6,1,Clear,88
2025-02-02,R07,21,6,1,Clear,12
2025-02-02,R07,22,6,1,Clear,19
2025-02-02,R08,6,6,1,Rain,97
2025-02-02,R08,7,6,1,Clear,138
2025-02-02,R08,8,6,1,Rain,226
2025-02-02,R08,9,6,1,Cloudy,159
2025-02-02,R08,10,6,1,Cloudy,43
2025-02-02,R08,11,6,1,Clear,65
2025-02-02,R08,12,6,1,Cloudy,40
2025-02-02,R08,13,6,1,Clear,28
2025-02-02,R08,14,6,1,Clear,18
2025-02-02,R08,15,6,1,Clear,68
2025-02-02,R08,16,6,1,Cloudy,81
2025-02-02,R08,17,6,1,Clear,187
2025-02-02,R08,18,6,1,Cloudy,193
2025-02-02,R08,19,6,1,Cloudy,170
2025-02-02,R08,20,6,1,Cloudy,110
2025-02-02,R08,21,6,1,Clear,47
2025-02-02,R08,22,6,1,Clear,58
2025-02-03,R01,6,0,0,Clear,117
2025-02-03,R01,7,0,0,Clear,190
2025-02-03,R01,8,0,0,Clear,243
2025-02-03,R01,9,0,0,Clear,193
2025-02-03,R01,10,0,0,Cloudy,101
2025-02-03,R01,11,0,0,Clear,82
2025-02-03,R01,12,0,0,Clear,73
2025-02-03,R01,13,0,0,Clear,39
2025-02-03,R01,14,0,0,Rain,48
2025-02-03,R01,15,0,0,Clear,83
2025-02-03,R01,16,0,0,Cloudy,140
2025-02-03,R01,17,0,0,Cloudy,245
2025-02-03,R01,18,0,0,Clear,316
2025-02-03,R01,19,0,0,Clear,230
2025-02-03,R01,20,0,0,Clear,117
2025-02-03,R01,21,0,0,Clear,81
2025-02-03,R01,22,0,0,Cloudy,50
2025-02-03,R02,6,0,0,Clear,101
2025-02-03,R02,7,0,0,Cloudy,201
2025-02-03,R02,8,0,0,Rain,318
2025-02-03,R02,9,0,0,Clear,248
2025-02-03,R02,10,0,0,Rain,139
2025-02-03,R02,11,0,0,Cloudy,74
2025-02-03,R02,12,0,0,Cloudy,38
2025-02-03,R02,13,0,0,Cloudy,60
2025-02-03,R02,14,0,0,Clear,64
2025-02-03,R02,15,0,0,Cloudy,90
2025-02-03,R02,16,0,0,Cloudy,147
2025-02-03,R02,17,0,0,Clear,276
2025-02-03,R02,18,0,0,Rain,367
2025-02-03,R02,19,0,0,Cloudy,264
2025-02-03,R02,20,0,0,Cloudy,169
2025-02-03,R02,21,0,0,Clear,105
2025-02-03,R02,22,0,0,Clear,44
2025-02-03,R03,6,0,0,Clear,88
2025-02-03,R03,7,0,0,Rain,207
2025-02-03,R03,8,0,0,Rain,261
2025-02-03,R03,9,0,0,Clear,163
2025-02-03,R03,10,0,0,Clear,105
2025-02-03,R03,11,0,0,Cloudy,59
2025-02-03,R03,12,0,0,Clear,51
2025-02-03,R03,13,0,0,Clear,15
2025-02-03,R03,14,0,0,Clear,33
2025-02-03,R03,15,0,0,Clear,57
2025-02-03,R03,16,0,0,Cloudy,104
2025-02-03,R03,17,0,0,Clear,197
2025-02-03,R03,18,0,0,Rain,295
2025-02-03,R03,19,0,0,Clear,194
2025-02-03,R03,20,0,0,Clear,119
2025-02-03,R03,21,0,0,Clear,64
2025-02-03,R03,22,0,0,Rain,45
2025-02-03,R04,6,0,0,Rain,146
2025-02-03,R04,7,0,0,Cloudy,260
2025-02-03,R04,8,0,0,Cloudy,304
2025-02-03,R04,9,0,0,Clear,283
2025-02-03,R04,10,0,0,Clear,117
2025-02-03,R04,11,0,0,Clear,86
2025-02-03,R04,12,0,0,Clear,55
2025-02-03,R04,13,0,0,Clear,49
2025-02-03,R04,14,0,0,Rain,86
2025-02-03,R04,15,0,0,Clear,92
2025-02-03,R04,16,0,0,Cloudy,176
2025-02-03,R04,17,0,0,Clear,304
2025-02-03,R04,18,0,0,Cloudy,398
2025-02-03,R04,19,0,0,Clear,328
2025-02-03,R04,20,0,0,Clear,189
2025-02-03,R04,21,0,0,Cloudy,109
2025-02-03,R04,22,0,0,Rain,82
2025-02-03,R05,6,0,0,Clear,68
2025-02-03,R05,7,0,0,Clear,216
2025-02-03,R05,8,0,0,Cloudy,229
2025-02-03,R05,9,0,0,Cloudy,203
2025-02-03,R05,10,0,0,Cloudy,92
2025-02-03,R05,11,0,0,Clear,48
2025-02-03,R05,12,0,0,Cloudy,48
2025-02-03,R05,13,0,0,Rain,79
2025-02-03,R05,14,0,0,Clear,64
2025-02-03,R05,15,0,0,Cloudy,72
2025-02-03,R05,16,0,0,Rain,150
2025-02-03,R05,17,0,0,Clear,231
2025-02-03,R05,18,0,0,Clear,303
2025-02-03,R05,19,0,0,Clear,241
2025-02-03,R05,20,0,0,Cloudy,104
2025-02-03,R05,21,0,0,Clear,55
2025-02-03,R05,22,0,0,Cloudy,53
2025-02-03,R06,6,0,0,Cloudy,112
2025-02-03,R06,7,0,0,Clear,257
2025-02-03,R06,8,0,0,Clear,339
2025-02-03,R06,9,0,0,Rain,287
2025-02-03,R06,10,0,0,Cloudy,110
2025-02-03,R06,11,0,0,Clear,61
2025-02-03,R06,12,0,0,Clear,66
2025-02-03,R06,13,0,0,Rain,92
2025-02-03,R06,14,0,0,Clear,62
2025-02-03,R06,15,0,0,Rain,112
2025-02-03,R06,16,0,0,Cloudy,169
2025-02-03,R06,17,0,0,Cloudy,275
2025-02-03,R06,18,0,0,Clear,385
2025-02-03,R06,19,0,0,Rain,309
2025-02-03,R06,20,0,0,Clear,185
2025-02-03,R06,21,0,0,Clear,98
2025-02-03,R06,22,0,0,Cloudy,52
2025-02-03,R07,6,0,0,Clear,63
2025-02-03,R07,7,0,0,Clear,140
2025-02-03,R07,8,0,0,Cloudy,167
2025-02-03,R07,9,0,0,Clear,143
2025-02-03,R07,10,0,0,Clear,73
2025-02-03,R07,11,0,0,Cloudy,32
2025-02-03,R07,12,0,0,Cloudy,10
2025-02-03,R07,13,0,0,Clear,17
2025-02-03,R07,14,0,0,Clear,52
2025-02-03,R07,15,0,0,Cloudy,42
2025-02-03,R07,16,0,0,Clear,96
2025-02-03,R07,17,0,0,Clear,168
2025-02-03,R07,18,0,0,Clear,235
2025-02-03,R07,19,0,0,Clear,164
2025-02-03,R07,20,0,0,Rain,98
2025-02-03,R07,21,0,0,Cloudy,56
2025-02-03,R07,22,0,0,Cloudy,37
2025-02-03,R08,6,0,0,Clear,127
2025-02-03,R08,7,0,0,Clear,232
2025-02-03,R08,8,0,0,Clear,301
2025-02-03,R08,9,0,0,Clear,206
2025-02-03,R08,10,0,0,Cloudy,118
2025-02-03,R08,11,0,0,Clear,54
2025-02-03,R08,12,0,0,Cloudy,22
2025-02-03,R08,13,0,0,Clear,58
2025-02-03,R08,14,0,0,Clear,62
2025-02-03,R08,15,0,0,Clear,80
2025-02-03,R08,16,0,0,Cloudy,157
2025-02-03,R08,17,0,0,Cloudy,239
2025-02-03,R08,18,0,0,Clear,336
2025-02-03,R08,19,0,0,Cloudy,248
2025-02-03,R08,20,0,0,Cloudy,142
2025-02-03,R08,21,0,0,Clear,54
2025-02-03,R08,22,0,0,Cloudy,66
2025-02-04,R01,6,1,0,Rain,125
2025-02-04,R01,7,1,0,Cloudy,201
2025-02-04,R01,8,1,0,Clear,249
2025-02-04,R01,9,1,0,Cloudy,196
2025-02-04,R01,10,1,0,Cloudy,100
2025-02-04,R01,11,1,0,Cloudy,62
2025-02-04,R01,12,1,0,Cloudy,48
2025-02-04,R01,13,1,0,Rain,75
2025-02-04,R01,14,1,0,Cloudy,66
2025-02-04,R01,15,1,0,Clear,88
2025-02-04,R01,16,1,0,Rain,149
2025-02-04,R01,17,1,0,Clear,249
2025-02-04,R01,18,1,0,Clear,293
2025-02-04,R01,19,1,0,Clear,255
2025-02-04,R01,20,1,0,Clear,137
2025-02-04,R01,21,1,0,Rain,73
2025-02-04,R01,22,1,0,Clear,54
2025-02-04,R02,6,1,0,Cloudy,138
2025-02-04,R02,7,1,0,Clear,256
2025-02-04,R02,8,1,0,Cloudy,284
2025-02-04,R02,9,1,0,Clear,263
2025-02-04,R02,10,1,0,Cloudy,108
2025-02-04,R02,11,1,0,Cloudy,57
2025-02-04,R02,12,1,0,Clear,69
2025-02-04,R02,13,1,0,Cloudy,24
2025-02-04,R02,14,1,0,Clear,60
2025-02-04,R02,15,1,0,Cloudy,77
2025-02-04,R02,16,1,0,Clear,187
2025-02-04,R02,17,1,0,Clear,271
2025-02-04,R02,18,1,0,Clear,338
2025-02-04,R02,19,1,0,Clear,311
2025-02-04,R02,20,1,0,Clear,160
2025-02-04,R02,21,1,0,Clear,102
2025-02-04,R02,22,1,0,Cloudy,50
2025-02-04,R03,6,1,0,Clear,80
2025-02-04,R03,7,1,0,Cloudy,175
2025-02-04,R03,8,1,0,Clear,244
2025-02-04,R03,9,1,0,Clear,186
2025-02-04,R03,10,1,0,Cloudy,77
2025-02-04,R03,11,1,0,Clear,48
2025-02-04,R03,12,1,0,Clear,26
2025-02-04,R03,13,1,0,Clear,28
2025-02-04,R03,14,1,0,Cloudy,28
2025-02-04,R03,15,1,0,Cloudy,50
2025-02-04,R03,16,1,0,Clear,116
2025-02-04,R03,17,1,0,Clear,168
2025-02-04,R03,18,1,0,Rain,269
2025-02-04,R03,19,1,0,Cloudy,197
2025-02-04,R03,20,1,0,Clear,116
2025-02-04,R03,21,1,0,Clear,68
2025-02-04,R03,22,1,0,Clear,53
2025-02-04,R04,6,1,0,Cloudy,131
2025-02-04,R04,7,1,0,Clear,274
2025-02-04,R04,8,1,0,Rain,434
2025-02-04,R04,9,1,0,Clear,268
2025-02-04,R04,10,1,0,Clear,157
2025-02-04,R04,11,1,0,Cloudy,58
2025-02-04,R04,12,1,0,Clear,76
2025-02-04,R04,13,1,0,Clear,53
2025-02-04,R04,14,1,0,Clear,69
2025-02-04,R04,15,1,0,Clear,78
2025-02-04,R04,16,1,0,Rain,185
2025-02-04,R04,17,1,0,Rain,359
2025-02-04,R04,18,1,0,Cloudy,377
2025-02-04,R04,19,1,0,Cloudy,305
2025-02-04,R04,20,1,0,Rain,212
2025-02-04,R04,21,1,0,Clear,114
2025-02-04,R04,22,1,0,Rain,62
2025-02-04,R05,6,1,0,Clear,101
2025-02-04,R05,7,1,0,Clear,176
2025-02-04,R05,8,1,0,Rain,249
2025-02-04,R05,9,1,0,Cloudy,185
2025-02-04,R05,10,1,0,Cloudy,83
2025-02-04,R05,11,1,0,Clear,57
2025-02-04,R05,12,1,0,Clear,48
2025-02-04,R05,13,1,0,Cloudy,19
2025-02-04,R05,14,1,0,Clear,53
2025-02-04,R05,15,1,0,Clear,84
2025-02-04,R05,16,1,0,Clear,140
2025-02-04,R05,17,1,0,Rain,240
2025-02-04,R05,18,1,0,Clear,282
2025-02-04,R05,19,1,0,Rain,254
2025-02-04,R05,20,1,0,Clear,130
2025-02-04,R05,21,1,0,Clear,51
2025-02-04,R05,22,1,0,Clear,37
2025-02-04,R06,6,1,0,Cloudy,125
2025-02-04,R06,7,1,0,Clear,258
2025-02-04,R06,8,1,0,Rain,352
2025-02-04,R06,9,1,0,Rain,248
2025-02-04,R06,10,1,0,Cloudy,102
2025-02-04,R06,11,1,0,Cloudy,63
2025-02-04,R06,12,1,0,Rain,89
2025-02-04,R06,13,1,0,Clear,63
2025-02-04,R06,14,1,0,Clear,66
2025-02-04,R06,15,1,0,Cloudy,74
2025-02-04,R06,16,1,0,Clear,167
2025-02-04,R06,17,1,0,Rain,306
2025-02-04,R06,18,1,0,Cloudy,338
2025-02-04,R06,19,1,0,Clear,307
2025-02-04,R06,20,1,0,Clear,176
2025-02-04,R06,21,1,0,Clear,82
2025-02-04,R06,22,1,0,Cloudy,58
2025-02-04,R07,6,1,0,Clear,79
2025-02-04,R07,7,1,0,Cloudy,130
2025-02-04,R07,8,1,0,Clear,194
2025-02-04,R07,9,1,0,Clear,149
2025-02-04,R07,10,1,0,Clear,72
2025-02-04,R07,11,1,0,Clear,25
2025-02-04,R07,12,1,0,Clear,27
2025-02-04,R07,13,1,0,Clear,26
2025-02-04,R07,14,1,0,Clear,27
2025-02-04,R07,15,1,0,Cloudy,27
2025-02-04,R07,16,1,0,Clear,119
2025-02-04,R07,17,1,0,Cloudy,182
2025-02-04,R07,18,1,0,Clear,212
2025-02-04,R07,19,1,0,Cloudy,166
2025-02-04,R07,20,1,0,Cloudy,100
2025-02-04,R07,21,1,0,Rain,55
2025-02-04,R07,22,1,0,Clear,40
2025-02-04,R08,6,1,0,Clear,127
2025-02-04,R08,7,1,0,Clear,227
2025-02-04,R08,8,1,0,Clear,298
2025-02-04,R08,9,1,0,Clear,215
2025-02-04,R08,10,1,0,Rain,131
2025-02-04,R08,11,1,0,Clear,103
2025-02-04,R08,12,1,0,Clear,66
2025-02-04,R08,13,1,0,Cloudy,50
2025-02-04,R08,14,1,0,Clear,42
2025-02-04,R08,15,1,0,Clear,80
2025-02-04,R08,16,1,0,Clear,165
2025-02-04,R08,17,1,0,Clear,276
2025-02-04,R08,18,1,0,Rain,335
2025-02-04,R08,19,1,0,Cloudy,228
2025-02-04,R08,20,1,0,Clear,131
2025-02-04,R08,21,1,0,Rain,94
2025-02-04,R08,22,1,0,Cloudy,31
2025-02-05,R01,6,2,0,Clear,95
2025-02-05,R01,7,2,0,Cloudy,190
2025-02-05,R01,8,2,0,Clear,277
2025-02-05,R01,9,2,0,Cloudy,199
2025-02-05,R01,10,2,0,Cloudy,98
2025-02-05,R01,11,2,0,Rain,76
2025-02-05,R01,12,2,0,Cloudy,73
2025-02-05,R01,13,2,0,Clear,47
2025-02-05,R01,14,2,0,Clear,33
2025-02-05,R01,15,2,0,Cloudy,55
2025-02-05,R01,16,2,0,Clear,125
2025-02-05,R01,17,2,0,Clear,231
2025-02-05,R01,18,2,0,Rain,322
2025-02-05,R01,19,2,0,Clear,245
2025-02-05,R01,20,2,0,Clear,119
2025-02-05,R01,21,2,0,Clear,55
2025-02-05,R01,22,2,0,Rain,63
2025-02-05,R02,6,2,0,Cloudy,113
2025-02-05,R02,7,2,0,Rain,253
2025-02-05,R02,8,2,0,Clear,305
2025-02-05,R02,9,2,0,Clear,259
2025-02-05,R02,10,2,0,Cloudy,130
2025-02-05,R02,11,2,0,Clear,79
2025-02-05,R02,12,2,0,Clear,79
2025-02-05,R02,13,2,0,Clear,59
2025-02-05,R02,14,2,0,Clear,84
2025-02-05,R02,15,2,0,Cloudy,106
2025-02-05,R02,16,2,0,Clear,144
2025-02-05,R02,17,2,0,Clear,263
2025-02-05,R02,18,2,0,Clear,337
2025-02-05,R02,19,2,0,Clear,302
2025-02-05,R02,20,2,0,Clear,160
2025-02-05,R02,21,2,0,Clear,80
2025-02-05,R02,22,2,0,Clear,71
2025-02-05,R03,6,2,0,Clear,81
2025-02-05,R03,7,2,0,Clear,170
2025-02-05,R03,8,2,0,Rain,244
2025-02-05,R03,9,2,0,Cloudy,144
2025-02-05,R03,10,2,0,Clear,73
2025-02-05,R03,11,2,0,Cloudy,46
2025-02-05,R03,12,2,0,Clear,41
2025-02-05,R03,13,2,0,Clear,48
2025-02-05,R03,14,2,0,Clear,68
2025-02-05,R03,15,2,0,Rain,51
2025-02-05,R03,16,2,0,Clear,103
2025-02-05,R03,17,2,0,Cloudy,212
2025-02-05,R03,18,2,0,Clear,258
2025-02-05,R03,19,2,0,Rain,216
2025-02-05,R03,20,2,0,Clear,129
2025-02-05,R03,21,2,0,Clear,45
2025-02-05,R03,22,2,0,Clear,38
2025-02-05,R04,6,2,0,Clear,108
2025-02-05,R04,7,2,0,Cloudy,261
2025-02-05,R04,8,2,0,Clear,348
2025-02-05,R04,9,2,0,Cloudy,255
2025-02-05,R04,10,2,0,Cloudy,147
2025-02-05,R04,11,2,0,Rain,102
2025-02-05,R04,12,2,0,Clear,58
2025-02-05,R04,13,2,0,Rain,51
2025-02-05,R04,14,2,0,Clear,47
2025-02-05,R04,15,2,0,Clear,70
2025-02-05,R04,16,2,0,Clear,210
2025-02-05,R04,17,2,0,Rain,369
2025-02-05,R04,18,2,0,Cloudy,384
2025-02-05,R04,19,2,0,Clear,318
2025-02-05,R04,20,2,0,Clear,179
2025-02-05,R04,21,2,0,Cloudy,106
2025-02-05,R04,22,2,0,Clear,46
2025-02-05,R05,6,2,0,Cloudy,91
2025-02-05,R05,7,2,0,Cloudy,199
2025-02-05,R05,8,2,0,Clear,243
2025-02-05,R05,9,2,0,Cloudy,191
2025-02-05,R05,10,2,0,Clear,102
2025-02-05,R05,11,2,0,Cloudy,17
2025-02-05,R05,12,2,0,Clear,43
2025-02-05,R05,13,2,0,Clear,45
2025-02-05,R05,14,2,0,Clear,45
2025-02-05,R05,15,2,0,Clear,52
2025-02-05,R05,16,2,0,Clear,129
2025-02-05,R05,17,2,0,Clear,203
2025-02-05,R05,18,2,0,Clear,277
2025-02-05,R05,19,2,0,Clear,240
2025-02-05,R05,20,2,0,Clear,154
2025-02-05,R05,21,2,0,Cloudy,84
2025-02-05,R05,22,2,0,Clear,33
2025-02-05,R06,6,2,0,Cloudy,107
2025-02-05,R06,7,2,0,Clear,257
2025-02-05,R06,8,2,0,Clear,327
2025-02-05,R06,9,2,0,Cloudy,248
2025-02-05,R06,10,2,0,Rain,140
2025-02-05,R06,11,2,0,Clear,74
2025-02-05,R06,12,2,0,Clear,59
2025-02-05,R06,13,2,0,Cloudy,49
2025-02-05,R06,14,2,0,Clear,40
2025-02-05,R06,15,2,0,Clear,100
2025-02-05,R06,16,2,0,Rain,193
2025-02-05,R06,17,2,0,Cloudy,295
2025-02-05,R06,18,2,0,Cloudy,364
2025-02-05,R06,19,2,0,Cloudy,282
2025-02-05,R06,20,2,0,Clear,183
2025-02-05,R06,21,2,0,Cloudy,108
2025-02-05,R06,22,2,0,Clear,91
2025-02-05,R07,6,2,0,Clear,82
2025-02-05,R07,7,2,0,Clear,152
2025-02-05,R07,8,2,0,Cloudy,180
2025-02-05,R07,9,2,0,Clear,154
2025-02-05,R07,10,2,0,Clear,92
2025-02-05,R07,11,2,0,Clear,46
2025-02-05,R07,12,2,0,Clear,61
2025-02-05,R07,13,2,0,Cloudy,55
2025-02-05,R07,14,2,0,Clear,37
2025-02-05,R07,15,2,0,Clear,52
2025-02-05,R07,16,2,0,Clear,93
2025-02-05,R07,17,2,0,Clear,182
2025-02-05,R07,18,2,0,Clear,210
2025-02-05,R07,19,2,0,Clear,167
2025-02-05,R07,20,2,0,Clear,107
2025-02-05,R07,21,2,0,Cloudy,33
2025-02-05,R07,22,2,0,Clear,50
2025-02-05,R08,6,2,0,Cloudy,120
2025-02-05,R08,7,2,0,Clear,248
2025-02-05,R08,8,2,0,Clear,292
2025-02-05,R08,9,2,0,Clear,235
2025-02-05,R08,10,2,0,Cloudy,80
2025-02-05,R08,11,2,0,Cloudy,74
2025-02-05,R08,12,2,0,Rain,75
2025-02-05,R08,13,2,0,Clear,53
2025-02-05,R08,14,2,0,Rain,54
2025-02-05,R08,15,2,0,Cloudy,79
2025-02-05,R08,16,2,0,Cloudy,157
2025-02-05,R08,17,2,0,Rain,309
2025-02-05,R08,18,2,0,Clear,304
2025-02-05,R08,19,2,0,Clear,307
2025-02-05,R08,20,2,0,Cloudy,136
2025-02-05,R08,21,2,0,Cloudy,85
2025-02-05,R08,22,2,0,Cloudy,72
2025-02-06,R01,6,3,0,Cloudy,101
2025-02-06,R01,7,3,0,Clear,221
2025-02-06,R01,8,3,0,Clear,238
2025-02-06,R01,9,3,0,Clear,176
2025-02-06,R01,10,3,0,Rain,137
2025-02-06,R01,11,3,0,Clear,74
2025-02-06,R01,12,3,0,Clear,82
2025-02-06,R01,13,3,0,Rain,57
2025-02-06,R01,14,3,0,Clear,64
2025-02-06,R01,15,3,0,Clear,97
2025-02-06,R01,16,3,0,Cloudy,150
2025-02-06,R01,17,3,0,Clear,242
2025-02-06,R01,18,3,0,Clear,302
2025-02-06,R01,19,3,0,Clear,240
2025-02-06,R01,20,3,0,Cloudy,126
2025-02-06,R01,21,3,0,Clear,85
2025-02-06,R01,22,3,0,Clear,48
2025-02-06,R02,6,3,0,Clear,141
2025-02-06,R02,7,3,0,Clear,241
2025-02-06,R02,8,3,0,Clear,310
2025-02-06,R02,9,3,0,Rain,255
2025-02-06,R02,10,3,0,Clear,140
2025-02-06,R02,11,3,0,Clear,46
2025-02-06,R02,12,3,0,Clear,74
2025-02-06,R02,13,3,0,Clear,88
2025-02-06,R02,14,3,0,Clear,61
2025-02-06,R02,15,3,0,Rain,95
2025-02-06,R02,16,3,0,Clear,143
2025-02-06,R02,17,3,0,Cloudy,262
2025-02-06,R02,18,3,0,Clear,366
2025-02-06,R02,19,3,0,Clear,302
2025-02-06,R02,20,3,0,Clear,167
2025-02-06,R02,21,3,0,Clear,99
2025-02-06,R02,22,3,0,Cloudy,45
2025-02-06,R03,6,3,0,Clear,96
2025-02-06,R03,7,3,0,Clear,189
2025-02-06,R03,8,3,0,Clear,224
2025-02-06,R03,9,3,0,Rain,209
2025-02-06,R03,10,3,0,Cloudy,108
2025-02-06,R03,11,3,0,Clear,56
2025-02-06,R03,12,3,0,Clear,10
2025-02-06,R03,13,3,0,Clear,54
2025-02-06,R03,14,3,0,Clear,25
2025-02-06,R03,15,3,0,Clear,24
2025-02-06,R03,16,3,0,Clear,88
2025-02-06,R03,17,3,0,Cloudy,204
2025-02-06,R03,18,3,0,Clear,252
2025-02-06,R03,19,3,0,Clear,202
2025-02-06,R03,20,3,0,Rain,134
2025-02-06,R03,21,3,0,Clear,34
2025-02-06,R03,22,3,0,Clear,39
2025-02-06,R04,6,3,0,Clear,138
2025-02-06,R04,7,3,0,Clear,279
2025-02-06,R04,8,3,0,Cloudy,336
2025-02-06,R04,9,3,0,Cloudy,268
2025-02-06,R04,10,3,0,Clear,158
2025-02-06,R04,11,3,0,Rain,64
2025-02-06,R04,12,3,0,Clear,62
2025-02-06,R04,13,3,0,Clear,64
2025-02-06,R04,14,3,0,Cloudy,47
2025-02-06,R04,15,3,0,Cloudy,74
2025-02-06,R04,16,3,0,Clear,161
2025-02-06,R04,17,3,0,Rain,340
2025-02-06,R04,18,3,0,Clear,415
2025-02-06,R04,19,3,0,Clear,304
2025-02-06,R04,20,3,0,Cloudy,155
2025-02-06,R04,21,3,0,Clear,100
2025-02-06,R04,22,3,0,Clear,75
2025-02-06,R05,6,3,0,Cloudy,97
2025-02-06,R05,7,3,0,Clear,180
2025-02-06,R05,8,3,0,Clear,231
2025-02-06,R05,9,3,0,Clear,196
2025-02-06,R05,10,3,0,Clear,147
2025-02-06,R05,11,3,0,Rain,61
2025-02-06,R05,12,3,0,Clear,40
2025-02-06,R05,13,3,0,Clear,56
2025-02-06,R05,14,3,0,Rain,51
2025-02-06,R05,15,3,0,Rain,57
2025-02-06,R05,16,3,0,Clear,127
2025-02-06,R05,17,3,0,Rain,261
2025-02-06,R05,18,3,0,Cloudy,263
2025-02-06,R05,19,3,0,Cloudy,224
2025-02-06,R05,20,3,0,Clear,143
2025-02-06,R05,21,3,0,Cloudy,62
2025-02-06,R05,22,3,0,Clear,48
2025-02-06,R06,6,3,0,Rain,146
2025-02-06,R06,7,3,0,Cloudy,249
2025-02-06,R06,8,3,0,Cloudy,303
2025-02-06,R06,9,3,0,Clear,263
2025-02-06,R06,10,3,0,Clear,139
2025-02-06,R06,11,3,0,Cloudy,44
2025-02-06,R06,12,3,0,Cloudy,63
2025-02-06,R06,13,3,0,Rain,66
2025-02-06,R06,14,3,0,Clear,82
2025-02-06,R06,15,3,0,Cloudy,69
2025-02-06,R06,16,3,0,Cloudy,167
2025-02-06,R06,17,3,0,Clear,296
2025-02-06,R06,18,3,0,Rain,385
2025-02-06,R06,19,3,0,Clear,274
2025-02-06,R06,20,3,0,Clear,195
2025-02-06,R06,21,3,0,Cloudy,89
2025-02-06,R06,22,3,0,Clear,61
2025-02-06,R07,6,3,0,Clear,57
2025-02-06,R07,7,3,0,Clear,168
2025-02-06,R07,8,3,0,Clear,178
2025-02-06,R07,9,3,0,Clear,152
2025-02-06,R07,10,3,0,Clear,80
2025-02-06,R07,11,3,0,Rain,75
2025-02-06,R07,12,3,0,Clear,34
2025-02-06,R07,13,3,0,Clear,26
2025-02-06,R07,14,3,0,Cloudy,38
2025-02-06,R07,15,3,0,Clear,58
2025-02-06,R07,16,3,0,Cloudy,133
2025-02-06,R07,17,3,0,Clear,174
2025-02-06,R07,18,3,0,Cloudy,185
2025-02-06,R07,19,3,0,Clear,169
2025-02-06,R07,20,3,0,Rain,114
2025-02-06,R07,21,3,0,Clear,59
2025-02-06,R07,22,3,0,Cloudy,11
2025-02-06,R08,6,3,0,Rain,125
2025-02-06,R08,7,3,0,Clear,252
2025-02-06,R08,8,3,0,Clear,275
2025-02-06,R08,9,3,0,Cloudy,224
2025-02-06,R08,10,3,0,Cloudy,108
2025-02-06,R08,11,3,0,Clear,66
2025-02-06,R08,12,3,0,Clear,31
2025-02-06,R08,13,3,0,Rain,53
2025-02-06,R08,14,3,0,Cloudy,56
2025-02-06,R08,15,3,0,Clear,80
2025-02-06,R08,16,3,0,Clear,150
2025-02-06,R08,17,3,0,Clear,275
2025-02-06,R08,18,3,0,Cloudy,290
2025-02-06,R08,19,3,0,Cloudy,255
2025-02-06,R08,20,3,0,Cloudy,114
2025-02-06,R08,21,3,0,Cloudy,92
2025-02-06,R08,22,3,0,Clear,54
2025-02-07,R01,6,4,0,Clear,120
2025-02-07,R01,7,4,0,Clear,166
2025-02-07,R01,8,4,0,Clear,271
2025-02-07,R01,9,4,0,Clear,194
2025-02-07,R01,10,4,0,Clear,109
2025-02-07,R01,11,4,0,Rain,75
2025-02-07,R01,12,4,0,Cloudy,44
2025-02-07,R01,13,4,0,Cloudy,51
2025-02-07,R01,14,4,0,Cloudy,43
2025-02-07,R01,15,4,0,Clear,91
2025-02-07,R01,16,4,0,Clear,137
2025-02-07,R01,17,4,0,Clear,241
2025-02-07,R01,18,4,0,Clear,297
2025-02-07,R01,19,4,0,Clear,242
2025-02-07,R01,20,4,0,Clear,121
2025-02-07,R01,21,4,0,Clear,59
2025-02-07,R01,22,4,0,Clear,64
2025-02-07,R02,6,4,0,Cloudy,132
2025-02-07,R02,7,4,0,Cloudy,238
2025-02-07,R02,8,4,0,Cloudy,297
2025-02-07,R02,9,4,0,Cloudy,220
2025-02-07,R02,10,4,0,Clear,120
2025-02-07,R02,11,4,0,Clear,70
2025-02-07,R02,12,4,0,Cloudy,69
2025-02-07,R02,13,4,0,Clear,58
2025-02-07,R02,14,4,0,Clear,46
2025-02-07,R02,15,4,0,Clear,65
2025-02-07,R02,16,4,0,Clear,176
2025-02-07,R02,17,4,0,Clear,307
2025-02-07,R02,18,4,0,Clear,329
2025-02-07,R02,19,4,0,Cloudy,281
2025-02-07,R02,20,4,0,Clear,170
2025-02-07,R02,21,4,0,Rain,83
2025-02-07,R02,22,4,0,Rain,69
2025-02-07,R03,6,4,0,Clear,73
2025-02-07,R03,7,4,0,Clear,165
2025-02-07,R03,8,4,0,Clear,215
2025-02-07,R03,9,4,0,Rain,203
2025-02-07,R03,10,4,0,Rain,94
2025-02-07,R03,11,4,0,Clear,39
2025-02-07,R03,12,4,0,Clear,44
2025-02-07,R03,13,4,0,Clear,46
2025-02-07,R03,14,4,0,Clear,31
2025-02-07,R03,15,4,0,Cloudy,41
2025-02-07,R03,16,4,0,Clear,100
2025-02-07,R03,17,4,0,Clear,217
2025-02-07,R03,18,4,0,Clear,252
2025-02-07,R03,19,4,0,Rain,214
2025-02-07,R03,20,4,0,Cloudy,122
2025-02-07,R03,21,4,0,Rain,55
2025-02-07,R03,22,4,0,Clear,40
2025-02-07,R04,6,4,0,Rain,146
2025-02-07,R04,7,4,0,Clear,291
2025-02-07,R04,8,4,0,Cloudy,322
2025-02-07,R04,9,4,0,Clear,266
2025-02-07,R04,10,4,0,Cloudy,143
2025-02-07,R04,11,4,0,Clear,50
2025-02-07,R04,12,4,0,Clear,45
2025-02-07,R04,13,4,0,Cloudy,69
2025-02-07,R04,14,4,0,Cloudy,51
2025-02-07,R04,15,4,0,Clear,131
2025-02-07,R04,16,4,0,Cloudy,178
2025-02-07,R04,17,4,0,Clear,303
2025-02-07,R04,18,4,0,Clear,368
2025-02-07,R04,19,4,0,Cloudy,329
2025-02-07,R04,20,4,0,Clear,190
2025-02-07,R04,21,4,0,Rain,105
2025-02-07,R04,22,4,0,Cloudy,66
2025-02-07,R05,6,4,0,Clear,79
2025-02-07,R05,7,4,0,Clear,194
2025-02-07,R05,8,4,0,Clear,236
2025-02-07,R05,9,4,0,Clear,193
2025-02-07,R05,10,4,0,Clear,97
2025-02-07,R05,11,4,0,Clear,58
2025-02-07,R05,12,4,0,Clear,41
2025-02-07,R05,13,4,0,Cloudy,34
2025-02-07,R05,14,4,0,Clear,34
2025-02-07,R05,15,4,0,Cloudy,41
2025-02-07,R05,16,4,0,Clear,105
2025-02-07,R05,17,4,0,Clear,212
2025-02-07,R05,18,4,0,Clear,292
2025-02-07,R05,19,4,0,Clear,216
2025-02-07,R05,20,4,0,Clear,122
2025-02-07,R05,21,4,0,Clear,59
2025-02-07,R05,22,4,0,Clear,42
2025-02-07,R06,6,4,0,Clear,142
2025-02-07,R06,7,4,0,Cloudy,236
2025-02-07,R06,8,4,0,Clear,339
2025-02-07,R06,9,4,0,Clear,238
2025-02-07,R06,10,4,0,Cloudy,138
2025-02-07,R06,11,4,0,Clear,94
2025-02-07,R06,12,4,0,Clear,59
2025-02-07,R06,13,4,0,Clear,43
2025-02-07,R06,14,4,0,Cloudy,66
2025-02-07,R06,15,4,0,Clear,90
2025-02-07,R06,16,4,0,Clear,177
2025-02-07,R06,17,4,0,Cloudy,297
2025-02-07,R06,18,4,0,Clear,367
2025-02-07,R06,19,4,0,Cloudy,277
2025-02-07,R06,20,4,0,Cloudy,200
2025-02-07,R06,21,4,0,Clear,97
2025-02-07,R06,22,4,0,Cloudy,74
2025-02-07,R07,6,4,0,Clear,89
2025-02-07,R07,7,4,0,Cloudy,153
2025-02-07,R07,8,4,0,Clear,193
2025-02-07,R07,9,4,0,Rain,175
2025-02-07,R07,10,4,0,Rain,76
2025-02-07,R07,11,4,0,Clear,19
2025-02-07,R07,12,4,0,Clear,21
2025-02-07,R07,13,4,0,Cloudy,29
2025-02-07,R07,14,4,0,Clear,32
2025-02-07,R07,15,4,0,Clear,52
2025-02-07,R07,16,4,0,Clear,89
2025-02-07,R07,17,4,0,Clear,145
2025-02-07,R07,18,4,0,Clear,208
2025-02-07,R07,19,4,0,Clear,154
2025-02-07,R07,20,4,0,Clear,99
2025-02-07,R07,21,4,0,Cloudy,54
2025-02-07,R07,22,4,0,Clear,30
2025-02-07,R08,6,4,0,Clear,103
2025-02-07,R08,7,4,0,Clear,226
2025-02-07,R08,8,4,0,Clear,327
2025-02-07,R08,9,4,0,Clear,232
2025-02-07,R08,10,4,0,Rain,140
2025-02-07,R08,11,4,0,Clear,58
2025-02-07,R08,12,4,0,Clear,40
2025-02-07,R08,13,4,0,Cloudy,63
2025-02-07,R08,14,4,0,Clear,22
2025-02-07,R08,15,4,0,Clear,69
2025-02-07,R08,16,4,0,Clear,176
2025-02-07,R08,17,4,0,Rain,291
2025-02-07,R08,18,4,0,Clear,306
2025-02-07,R08,19,4,0,Cloudy,256
2025-02-07,R08,20,4,0,Clear,146
2025-02-07,R08,21,4,0,Cloudy,50
2025-02-07,R08,22,4,0,Cloudy,55
2025-02-08,R01,6,5,1,Cloudy,70
2025-02-08,R01,7,5,1,Cloudy,131
2025-02-08,R01,8,5,1,Clear,185
2025-02-08,R01,9,5,1,Clear,122
2025-02-08,R01,10,5,1,Clear,78
2025-02-08,R01,11,5,1,Cloudy,39
2025-02-08,R01,12,5,1,Clear,47
2025-02-08,R01,13,5,1,Clear,21
2025-02-08,R01,14,5,1,Rain,55
2025-02-08,R01,15,5,1,Clear,60
2025-02-08,R01,16,5,1,Cloudy,86
2025-02-08,R01,17,5,1,Cloudy,155
2025-02-08,R01,18,5,1,Clear,170
2025-02-08,R01,19,5,1,Cloudy,154
2025-02-08,R01,20,5,1,Clear,104
2025-02-08,R01,21,5,1,Clear,45
2025-02-08,R01,22,5,1,Cloudy,47
2025-02-08,R02,6,5,1,Cloudy,88
2025-02-08,R02,7,5,1,Cloudy,183
2025-02-08,R02,8,5,1,Clear,200
2025-02-08,R02,9,5,1,Cloudy,163
2025-02-08,R02,10,5,1,Cloudy,62
2025-02-08,R02,11,5,1,Clear,44
2025-02-08,R02,12,5,1,Cloudy,42
2025-02-08,R02,13,5,1,Cloudy,44
2025-02-08,R02,14,5,1,Clear,35
2025-02-08,R02,15,5,1,Clear,74
2025-02-08,R02,16,5,1,Cloudy,124
2025-02-08,R02,17,5,1,Rain,204
2025-02-08,R02,18,5,1,Cloudy,222
2025-02-08,R02,19,5,1,Clear,190
2025-02-08,R02,20,5,1,Clear,103
2025-02-08,R02,21,5,1,Cloudy,73
2025-02-08,R02,22,5,1,Clear,59
2025-02-08,R03,6,5,1,Clear,57
2025-02-08,R03,7,5,1,Cloudy,115
2025-02-08,R03,8,5,1,Clear,160
2025-02-08,R03,9,5,1,Cloudy,110
2025-02-08,R03,10,5,1,Rain,62
2025-02-08,R03,11,5,1,Clear,22
2025-02-08,R03,12,5,1,Cloudy,34
2025-02-08,R03,13,5,1,Cloudy,10
2025-02-08,R03,14,5,1,Clear,23
2025-02-08,R03,15,5,1,Clear,33
2025-02-08,R03,16,5,1,Clear,58
2025-02-08,R03,17,5,1,Clear,133
2025-02-08,R03,18,5,1,Rain,180
2025-02-08,R03,19,5,1,Clear,121
2025-02-08,R03,20,5,1,Cloudy,91
2025-02-08,R03,21,5,1,Clear,50
2025-02-08,R03,22,5,1,Clear,28
2025-02-08,R04,6,5,1,Clear,112
2025-02-08,R04,7,5,1,Cloudy,192
2025-02-08,R04,8,5,1,Rain,284
2025-02-08,R04,9,5,1,Clear,178
2025-02-08,R04,10,5,1,Clear,112
2025-02-08,R04,11,5,1,Cloudy,48
2025-02-08,R04,12,5,1,Clear,46
2025-02-08,R04,13,5,1,Clear,33
2025-02-08,R04,14,5,1,Clear,46
2025-02-08,R04,15,5,1,Clear,79
2025-02-08,R04,16,5,1,Cloudy,142
2025-02-08,R04,17,5,1,Rain,243
2025-02-08,R04,18,5,1,Clear,261
2025-02-08,R04,19,5,1,Cloudy,234
2025-02-08,R04,20,5,1,Clear,117
2025-02-08,R04,21,5,1,Clear,43
2025-02-08,R04,22,5,1,Clear,38
2025-02-08,R05,6,5,1,Rain,46
2025-02-08,R05,7,5,1,Cloudy,139
2025-02-08,R05,8,5,1,Clear,143
2025-02-08,R05,9,5,1,Rain,134
2025-02-08,R05,10,5,1,Cloudy,49
2025-02-08,R05,11,5,1,Clear,39
2025-02-08,R05,12,5,1,Clear,53
2025-02-08,R05,13,5,1,Clear,36
2025-02-08,R05,14,5,1,Cloudy,12
2025-02-08,R05,15,5,1,Cloudy,75
2025-02-08,R05,16,5,1,Clear,94
2025-02-08,R05,17,5,1,Clear,170
2025-02-08,R05,18,5,1,Cloudy,160
2025-02-08,R05,19,5,1,Clear,184
2025-02-08,R05,20,5,1,Cloudy,78
2025-02-08,R05,21,5,1,Clear,24
2025-02-08,R05,22,5,1,Cloudy,33
2025-02-08,R06,6,5,1,Clear,106
2025-02-08,R06,7,5,1,Rain,200
2025-02-08,R06,8,5,1,Clear,231
2025-02-08,R06,9,5,1,Cloudy,170
2025-02-08,R06,10,5,1,Rain,103
2025-02-08,R06,11,5,1,Clear,29
2025-02-08,R06,12,5,1,Cloudy,35
2025-02-08,R06,13,5,1,Clear,34
2025-02-08,R06,14,5,1,Clear,62
2025-02-08,R06,15,5,1,Clear,76
2025-02-08,R06,16,5,1,Clear,111
2025-02-08,R06,17,5,1,Cloudy,204
2025-02-08,R06,18,5,1,Clear,252
2025-02-08,R06,19,5,1,Cloudy,170
2025-02-08,R06,20,5,1,Cloudy,79
2025-02-08,R06,21,5,1,Cloudy,67
2025-02-08,R06,22,5,1,Clear,28
2025-02-08,R07,6,5,1,Clear,38
2025-02-08,R07,7,5,1,Cloudy,84
2025-02-08,R07,8,5,1,Cloudy,130
2025-02-08,R07,9,5,1,Clear,115
2025-02-08,R07,10,5,1,Cloudy,65
2025-02-08,R07,11,5,1,Clear,10
2025-02-08,R07,12,5,1,Cloudy,11
2025-02-08,R07,13,5,1,Cloudy,10
2025-02-08,R07,14,5,1,Clear,34
2025-02-08,R07,15,5,1,Cloudy,10
2025-02-08,R07,16,5,1,Rain,64
2025-02-08,R07,17,5,1,Clear,116
2025-02-08,R07,18,5,1,Clear,156
2025-02-08,R07,19,5,1,Cloudy,112
2025-02-08,R07,20,5,1,Cloudy,68
2025-02-08,R07,21,5,1,Clear,32
2025-02-08,R07,22,5,1,Cloudy,36
2025-02-08,R08,6,5,1,Clear,96
2025-02-08,R08,7,5,1,Clear,160
2025-02-08,R08,8,5,1,Cloudy,199
2025-02-08,R08,9,5,1,Clear,190
2025-02-08,R08,10,5,1,Clear,92
2025-02-08,R08,11,5,1,Clear,43
2025-02-08,R08,12,5,1,Cloudy,38
2025-02-08,R08,13,5,1,Clear,51
2025-02-08,R08,14,5,1,Clear,32
2025-02-08,R08,15,5,1,Clear,36
2025-02-08,R08,16,5,1,Rain,107
2025-02-08,R08,17,5,1,Cloudy,175
2025-02-08,R08,18,5,1,Rain,244
2025-02-08,R08,19,5,1,Clear,168
2025-02-08,R08,20,5,1,Rain,116
2025-02-08,R08,21,5,1,Clear,74
2025-02-08,R08,22,5,1,Clear,44
2025-02-09,R01,6,6,1,Clear,58
2025-02-09,R01,7,6,1,Cloudy,140
2025-02-09,R01,8,6,1,Cloudy,164
2025-02-09,R01,9,6,1,Clear,169
2025-02-09,R01,10,6,1,Cloudy,77
2025-02-09,R01,11,6,1,Clear,32
2025-02-09,R01,12,6,1,Clear,42
2025-02-09,R01,13,6,1,Clear,35
2025-02-09,R01,14,6,1,Clear,52
2025-02-09,R01,15,6,1,Clear,42
2025-02-09,R01,16,6,1,Rain,111
2025-02-09,R01,17,6,1,Cloudy,133
2025-02-09,R01,18,6,1,Cloudy,192
2025-02-09,R01,19,6,1,Clear,149
2025-02-09,R01,20,6,1,Clear,97
2025-02-09,R01,21,6,1,Cloudy,52
2025-02-09,R01,22,6,1,Clear,41
2025-02-09,R02,6,6,1,Clear,80
2025-02-09,R02,7,6,1,Clear,166
2025-02-09,R02,8,6,1,Clear,227
2025-02-09,R02,9,6,1,Clear,189
2025-02-09,R02,10,6,1,Cloudy,84
2025-02-09,R02,11,6,1,Clear,64
2025-02-09,R02,12,6,1,Cloudy,24
2025-02-09,R02,13,6,1,Clear,32
2025-02-09,R02,14,6,1,Clear,44
2025-02-09,R02,15,6,1,Cloudy,54
2025-02-09,R02,16,6,1,Rain,120
2025-02-09,R02,17,6,1,Clear,210
2025-02-09,R02,18,6,1,Clear,225
2025-02-09,R02,19,6,1,Cloudy,170
2025-02-09,R02,20,6,1,Clear,93
2025-02-09,R02,21,6,1,Clear,62
2025-02-09,R02,22,6,1,Clear,36
2025-02-09,R03,6,6,1,Clear,74
2025-02-09,R03,7,6,1,Rain,129
2025-02-09,R03,8,6,1,Clear,139
2025-02-09,R03,9,6,1,Cloudy,98
2025-02-09,R03,10,6,1,Clear,28
2025-02-09,R03,11,6,1,Cloudy,29
2025-02-09,R03,12,6,1,Clear,10
2025-02-09,R03,13,6,1,Clear,41
2025-02-09,R03,14,6,1,Clear,23
2025-02-09,R03,15,6,1,Cloudy,18
2025-02-09,R03,16,6,1,Clear,96
2025-02-09,R03,17,6,1,Clear,133
2025-02-09,R03,18,6,1,Clear,175
2025-02-09,R03,19,6,1,Cloudy,120
2025-02-09,R03,20,6,1,Clear,96
2025-02-09,R03,21,6,1,Cloudy,26
2025-02-09,R03,22,6,1,Cloudy,22
2025-02-09,R04,6,6,1,Cloudy,70
2025-02-09,R04,7,6,1,Cloudy,195
2025-02-09,R04,8,6,1,Rain,256
2025-02-09,R04,9,6,1,Clear,193
2025-02-09,R04,10,6,1,Clear,107
2025-02-09,R04,11,6,1,Clear,70
2025-02-09,R04,12,6,1,Cloudy,45
2025-02-09,R04,13,6,1,Clear,42
2025-02-09,R04,14,6,1,Cloudy,58
2025-02-09,R04,15,6,1,Clear,73
2025-02-09,R04,16,6,1,Cloudy,117
2025-02-09,R04,17,6,1,Clear,242
2025-02-09,R04,18,6,1,Clear,282
2025-02-09,R04,19,6,1,Clear,206
2025-02-09,R04,20,6,1,Rain,162
2025-02-09,R04,21,6,1,Clear,59
2025-02-09,R04,22,6,1,Clear,62
2025-02-09,R05,6,6,1,Clear,50
2025-02-09,R05,7,6,1,Clear,146
2025-02-09,R05,8,6,1,Cloudy,143
2025-02-09,R05,9,6,1,Cloudy,127
2025-02-09,R05,10,6,1,Cloudy,73
2025-02-09,R05,11,6,1,Clear,35
2025-02-09,R05,12,6,1,Cloudy,29
2025-02-09,R05,13,6,1,Clear,16
2025-02-09,R05,14,6,1,Clear,45
2025-02-09,R05,15,6,1,Clear,51
2025-02-09,R05,16,6,1,Rain,87
2025-02-09,R05,17,6,1,Cloudy,152
2025-02-09,R05,18,6,1,Clear,198
2025-02-09,R05,19,6,1,Clear,158
2025-02-09,R05,20,6,1,Clear,58
2025-02-09,R05,21,6,1,Clear,42
2025-02-09,R05,22,6,1,Clear,45
2025-02-09,R06,6,6,1,Rain,110
2025-02-09,R06,7,6,1,Clear,182
2025-02-09,R06,8,6,1,Cloudy,213
2025-02-09,R06,9,6,1,Rain,205
2025-02-09,R06,10,6,1,Cloudy,79
2025-02-09,R06,11,6,1,Clear,40
2025-02-09,R06,12,6,1,Cloudy,64
2025-02-09,R06,13,6,1,Clear,30
2025-02-09,R06,14,6,1,Clear,26
2025-02-09,R06,15,6,1,Rain,65
2025-02-09,R06,16,6,1,Clear,120
2025-02-09,R06,17,6,1,Cloudy,208
2025-02-09,R06,18,6,1,Clear,249
2025-02-09,R06,19,6,1,Clear,201
2025-02-09,R06,20,6,1,Cloudy,111
2025-02-09,R06,21,6,1,Rain,61
2025-02-09,R06,22,6,1,Rain,27
2025-02-09,R07,6,6,1,Clear,37
2025-02-09,R07,7,6,1,Rain,128
2025-02-09,R07,8,6,1,Cloudy,131
2025-02-09,R07,9,6,1,Clear,100
2025-02-09,R07,10,6,1,Rain,66
2025-02-09,R07,11,6,1,Cloudy,38
2025-02-09,R07,12,6,1,Rain,17
2025-02-09,R07,13,6,1,Clear,10
2025-02-09,R07,14,6,1,Rain,43
2025-02-09,R07,15,6,1,Clear,10
2025-02-09,R07,16,6,1,Cloudy,72
2025-02-09,R07,17,6,1,Clear,122
2025-02-09,R07,18,6,1,Rain,175
2025-02-09,R07,19,6,1,Clear,127
2025-02-09,R07,20,6,1,Rain,82
2025-02-09,R07,21,6,1,Clear,23
2025-02-09,R07,22,6,1,Clear,36
2025-02-09,R08,6,6,1,Clear,88
2025-02-09,R08,7,6,1,Clear,142
2025-02-09,R08,8,6,1,Clear,199
2025-02-09,R08,9,6,1,Clear,138
2025-02-09,R08,10,6,1,Clear,52
2025-02-09,R08,11,6,1,Rain,47
2025-02-09,R08,12,6,1,Rain,72
2025-02-09,R08,13,6,1,Cloudy,19
2025-02-09,R08,14,6,1,Clear,18
2025-02-09,R08,15,6,1,Cloudy,35
2025-02-09,R08,16,6,1,Cloudy,95
2025-02-09,R08,17,6,1,Rain,209
2025-02-09,R08,18,6,1,Clear,224
2025-02-09,R08,19,6,1,Rain,181
2025-02-09,R08,20,6,1,Clear,113
2025-02-09,R08,21,6,1,Cloudy,25
2025-02-09,R08,22,6,1,Rain,25
2025-02-10,R01,6,0,0,Cloudy,95
2025-02-10,R01,7,0,0,Clear,221
2025-02-10,R01,8,0,0,Clear,264
2025-02-10,R01,9,0,0,Clear,207
2025-02-10,R01,10,0,0,Cloudy,84
2025-02-10,R01,11,0,0,Rain,59
2025-02-10,R01,12,0,0,Cloudy,58
2025-02-10,R01,13,0,0,Cloudy,49
2025-02-10,R01,14,0,0,Cloudy,58
2025-02-10,R01,15,0,0,Rain,80
2025-02-10,R01,16,0,0,Clear,153
2025-02-10,R01,17,0,0,Clear,225
2025-02-10,R01,18,0,0,Rain,326
2025-02-10,R01,19,0,0,Clear,250
2025-02-10,R01,20,0,0,Cloudy,108
2025-02-10,R01,21,0,0,Clear,38
2025-02-10,R01,22,0,0,Clear,77
2025-02-10,R02,6,0,0,Cloudy,123
2025-02-10,R02,7,0,0,Clear,219
2025-02-10,R02,8,0,0,Clear,311
2025-02-10,R02,9,0,0,Clear,225
2025-02-10,R02,10,0,0,Clear,116
2025-02-10,R02,11,0,0,Cloudy,82
2025-02-10,R02,12,0,0,Clear,49
2025-02-10,R02,13,0,0,Clear,48
2025-02-10,R02,14,0,0,Clear,43
2025-02-10,R02,15,0,0,Clear,81
2025-02-10,R02,16,0,0,Clear,167
2025-02-10,R02,17,0,0,Clear,279
2025-02-10,R02,18,0,0,Clear,383
2025-02-10,R02,19,0,0,Clear,272
2025-02-10,R02,20,0,0,Clear,150
2025-02-10,R02,21,0,0,Clear,81
2025-02-10,R02,22,0,0,Clear,88
2025-02-10,R03,6,0,0,Cloudy,94
2025-02-10,R03,7,0,0,Cloudy,150
2025-02-10,R03,8,0,0,Cloudy,191
2025-02-10,R03,9,0,0,Rain,177
2025-02-10,R03,10,0,0,Clear,75
2025-02-10,R03,11,0,0,Clear,43
2025-02-10,R03,12,0,0,Clear,36
2025-02-10,R03,13,0,0,Clear,48
2025-02-10,R03,14,0,0,Cloudy,45
2025-02-10,R03,15,0,0,Cloudy,50
2025-02-10,R03,16,0,0,Clear,135
2025-02-10,R03,17,0,0,Clear,189
2025-02-10,R03,18,0,0,Cloudy,210
2025-02-10,R03,19,0,0,Clear,202
2025-02-10,R03,20,0,0,Clear,129
2025-02-10,R03,21,0,0,Clear,59
2025-02-10,R03,22,0,0,Clear,24
2025-02-10,R04,6,0,0,Clear,149
2025-02-10,R04,7,0,0,Clear,281
2025-02-10,R04,8,0,0,Clear,360
2025-02-10,R04,9,0,0,Cloudy,263
2025-02-10,R04,10,0,0,Clear,164
2025-02-10,R04,11,0,0,Clear,65
2025-02-10,R04,12,0,0,Clear,25
2025-02-10,R04,13,0,0,Clear,37
2025-02-10,R04,14,0,0,Cloudy,46
2025-02-10,R04,15,0,0,Clear,110
2025-02-10,R04,16,0,0,Rain,202
2025-02-10,R04,17,0,0,Rain,384
2025-02-10,R04,18,0,0,Rain,428
2025-02-10,R04,19,0,0,Clear,350
2025-02-10,R04,20,0,0,Clear,175
2025-02-10,R04,21,0,0,Clear,95
2025-02-10,R04,22,0,0,Cloudy,41
2025-02-10,R05,6,0,0,Clear,123
2025-02-10,R05,7,0,0,Cloudy,182
2025-02-10,R05,8,0,0,Clear,281
2025-02-10,R05,9,0,0,Cloudy,199
2025-02-10,R05,10,0,0,Clear,100
2025-02-10,R05,11,0,0,Cloudy,43
2025-02-10,R05,12,0,0,Clear,58
2025-02-10,R05,13,0,0,Cloudy,42
2025-02-10,R05,14,0,0,Rain,42
2025-02-10,R05,15,0,0,Clear,70
2025-02-10,R05,16,0,0,Rain,118
2025-02-10,R05,17,0,0,Cloudy,223
2025-02-10,R05,18,0,0,Cloudy,275
2025-02-10,R05,19,0,0,Rain,237
2025-02-10,R05,20,0,0,Clear,150
2025-02-10,R05,21,0,0,Cloudy,79
2025-02-10,R05,22,0,0,Clear,52
2025-02-10,R06,6,0,0,Clear,123
2025-02-10,R06,7,0,0,Cloudy,250
2025-02-10,R06,8,0,0,Clear,323
2025-02-10,R06,9,0,0,Clear,259
2025-02-10,R06,10,0,0,Clear,147
2025-02-10,R06,11,0,0,Cloudy,50
2025-02-10,R06,12,0,0,Cloudy,32
2025-02-10,R06,13,0,0,Clear,52
2025-02-10,R06,14,0,0,Clear,92
2025-02-10,R06,15,0,0,Cloudy,118
2025-02-10,R06,16,0,0,Cloudy,169
2025-02-10,R06,17,0,0,Clear,318
2025-02-10,R06,18,0,0,Clear,373
2025-02-10,R06,19,0,0,Cloudy,287
2025-02-10,R06,20,0,0,Cloudy,161
2025-02-10,R06,21,0,0,Clear,107
2025-02-10,R06,22,0,0,Clear,86
2025-02-10,R07,6,0,0,Rain,87
2025-02-10,R07,7,0,0,Clear,149
2025-02-10,R07,8,0,0,Clear,187
2025-02-10,R07,9,0,0,Clear,171
2025-02-10,R07,10,0,0,Clear,91
2025-02-10,R07,11,0,0,Clear,29
2025-02-10,R07,12,0,0,Cloudy,60
2025-02-10,R07,13,0,0,Clear,10
2025-02-10,R07,14,0,0,Clear,58
2025-02-10,R07,15,0,0,Cloudy,64
2025-02-10,R07,16,0,0,Clear,101
2025-02-10,R07,17,0,0,Cloudy,165
2025-02-10,R07,18,0,0,Cloudy,201
2025-02-10,R07,19,0,0,Cloudy,151
2025-02-10,R07,20,0,0,Clear,126
2025-02-10,R07,21,0,0,Clear,53
2025-02-10,R07,22,0,0,Clear,23
2025-02-10,R08,6,0,0,Cloudy,138
2025-02-10,R08,7,0,0,Clear,233
2025-02-10,R08,8,0,0,Clear,297
2025-02-10,R08,9,0,0,Clear,255
2025-02-10,R08,10,0,0,Clear,130
2025-02-10,R08,11,0,0,Cloudy,53
2025-02-10,R08,12,0,0,Clear,62
2025-02-10,R08,13,0,0,Clear,39
2025-02-10,R08,14,0,0,Cloudy,46
2025-02-10,R08,15,0,0,Clear,85
2025-02-10,R08,16,0,0,Clear,167
2025-02-10,R08,17,0,0,Clear,260
2025-02-10,R08,18,0,0,Clear,327
2025-02-10,R08,19,0,0,Clear,265
2025-02-10,R08,20,0,0,Clear,170
2025-02-10,R08,21,0,0,Cloudy,76
2025-02-10,R08,22,0,0,Clear,83
2025-02-11,R01,6,1,0,Clear,103
2025-02-11,R01,7,1,0,Rain,219
2025-02-11,R01,8,1,0,Clear,284
2025-02-11,R01,9,1,0,Clear,214
2025-02-11,R01,10,1,0,Clear,146
2025-02-11,R01,11,1,0,Cloudy,76
2025-02-11,R01,12,1,0,Cloudy,28
2025-02-11,R01,13,1,0,Cloudy,44
2025-02-11,R01,14,1,0,Rain,61
2025-02-11,R01,15,1,0,Cloudy,72
2025-02-11,R01,16,1,0,Clear,137
2025-02-11,R01,17,1,0,Cloudy,232
2025-02-11,R01,18,1,0,Clear,303
2025-02-11,R01,19,1,0,Clear,236
2025-02-11,R01,20,1,0,Clear,155
2025-02-11,R01,21,1,0,Clear,98
2025-02-11,R01,22,1,0,Clear,62
2025-02-11,R02,6,1,0,Clear,135
2025-02-11,R02,7,1,0,Clear,242
2025-02-11,R02,8,1,0,Cloudy,296
2025-02-11,R02,9,1,0,Clear,249
2025-02-11,R02,10,1,0,Clear,116
2025-02-11,R02,11,1,0,Rain,93
2025-02-11,R02,12,1,0,Rain,57
2025-02-11,R02,13,1,0,Clear,77
2025-02-11,R02,14,1,0,Clear,17
2025-02-11,R02,15,1,0,Clear,89
2025-02-11,R02,16,1,0,Clear,180
2025-02-11,R02,17,1,0,Clear,298
2025-02-11,R02,18,1,0,Clear,336
2025-02-11,R02,19,1,0,Clear,307
2025-02-11,R02,20,1,0,Clear,154
2025-02-11,R02,21,1,0,Rain,89
2025-02-11,R02,22,1,0,Clear,55
2025-02-11,R03,6,1,0,Clear,68
2025-02-11,R03,7,1,0,Clear,172
2025-02-11,R03,8,1,0,Rain,254
2025-02-11,R03,9,1,0,Clear,190
2025-02-11,R03,10,1,0,Clear,88
2025-02-11,R03,11,1,0,Clear,49
2025-02-11,R03,12,1,0,Rain,55
2025-02-11,R03,13,1,0,Cloudy,35
2025-02-11,R03,14,1,0,Cloudy,57
2025-02-11,R03,15,1,0,Clear,60
2025-02-11,R03,16,1,0,Rain,114
2025-02-11,R03,17,1,0,Clear,203
2025-02-11,R03,18,1,0,Clear,226
2025-02-11,R03,19,1,0,Clear,203
2025-02-11,R03,20,1,0,Clear,121
2025-02-11,R03,21,1,0,Clear,50
2025-02-11,R03,22,1,0,Clear,47
2025-02-11,R04,6,1,0,Cloudy,136
2025-02-11,R04,7,1,0,Clear,267
2025-02-11,R04,8,1,0,Clear,334
2025-02-11,R04,9,1,0,Clear,259
2025-02-11,R04,10,1,0,Cloudy,162
2025-02-11,R04,11,1,0,Cloudy,72
2025-02-11,R04,12,1,0,Rain,77
2025-02-11,R04,13,1,0,Clear,61
2025-02-11,R04,14,1,0,Clear,93
2025-02-11,R04,15,1,0,Clear,88
2025-02-11,R04,16,1,0,Clear,190
2025-02-11,R04,17,1,0,Clear,322
2025-02-11,R04,18,1,0,Clear,419
2025-02-11,R04,19,1,0,Clear,334
2025-02-11,R04,20,1,0,Cloudy,178
2025-02-11,R04,21,1,0,Clear,82
2025-02-11,R04,22,1,0,Rain,107
2025-02-11,R05,6,1,0,Clear,102
2025-02-11,R05,7,1,0,Clear,183
2025-02-11,R05,8,1,0,Cloudy,214
2025-02-11,R05,9,1,0,Clear,177
2025-02-11,R05,10,1,0,Rain,115
2025-02-11,R05,11,1,0,Clear,72
2025-02-11,R05,12,1,0,Cloudy,47
2025-02-11,R05,13,1,0,Clear,24
2025-02-11,R05,14,1,0,Clear,49
2025-02-11,R05,15,1,0,Cloudy,85
2025-02-11,R05,16,1,0,Clear,128
2025-02-11,R05,17,1,0,Clear,236
2025-02-11,R05,18,1,0,Clear,281
2025-02-11,R05,19,1,0,Clear,239
2025-02-11,R05,20,1,0,Clear,122
2025-02-11,R05,21,1,0,Rain,34
2025-02-11,R05,22,1,0,Clear,32
2025-02-11,R06,6,1,0,Clear,131
2025-02-11,R06,7,1,0,Rain,282
2025-02-11,R06,8,1,0,Clear,324
2025-02-11,R06,9,1,0,Cloudy,236
2025-02-11,R06,10,1,0,Cloudy,144
2025-02-11,R06,11,1,0,Clear,61
2025-02-11,R06,12,1,0,Cloudy,57
2025-02-11,R06,13,1,0,Clear,39
2025-02-11,R06,14,1,0,Clear,75
2025-02-11,R06,15,1,0,Clear,96
2025-02-11,R06,16,1,0,Clear,205
2025-02-11,R06,17,1,0,Cloudy,272
2025-02-11,R06,18,1,0,Cloudy,377
2025-02-11,R06,19,1,0,Clear,291
2025-02-11,R06,20,1,0,Clear,170
2025-02-11,R06,21,1,0,Rain,83
2025-02-11,R06,22,1,0,Clear,94
2025-02-11,R07,6,1,0,Clear,85
2025-02-11,R07,7,1,0,Clear,155
2025-02-11,R07,8,1,0,Cloudy,166
2025-02-11,R07,9,1,0,Clear,116
2025-02-11,R07,10,1,0,Clear,74
2025-02-11,R07,11,1,0,Clear,35
2025-02-11,R07,12,1,0,Clear,10
2025-02-11,R07,13,1,0,Rain,33
2025-02-11,R07,14,1,0,Clear,38
2025-02-11,R07,15,1,0,Cloudy,57
2025-02-11,R07,16,1,0,Clear,70
2025-02-11,R07,17,1,0,Clear,158
2025-02-11,R07,18,1,0,Clear,204
2025-02-11,R07,19,1,0,Rain,209
2025-02-11,R07,20,1,0,Clear,116
2025-02-11,R07,21,1,0,Clear,58
2025-02-11,R07,22,1,0,Cloudy,30
2025-02-11,R08,6,1,0,Rain,150
2025-02-11,R08,7,1,0,Clear,230
2025-02-11,R08,8,1,0,Cloudy,289
2025-02-11,R08,9,1,0,Clear,233
2025-02-11,R08,10,1,0,Clear,97
2025-02-11,R08,11,1,0,Clear,34
2025-02-11,R08,12,1,0,Clear,47
2025-02-11,R08,13,1,0,Cloudy,61
2025-02-11,R08,14,1,0,Cloudy,45
2025-02-11,R08,15,1,0,Clear,101
2025-02-11,R08,16,1,0,Clear,165
2025-02-11,R08,17,1,0,Clear,287
2025-02-11,R08,18,1,0,Clear,324
2025-02-11,R08,19,1,0,Clear,254
2025-02-11,R08,20,1,0,Clear,138
2025-02-11,R08,21,1,0,Cloudy,83
2025-02-11,R08,22,1,0,Clear,33
2025-02-12,R01,6,2,0,Cloudy,81
2025-02-12,R01,7,2,0,Cloudy,185
2025-02-12,R01,8,2,0,Clear,267
2025-02-12,R01,9,2,0,Clear,195
2025-02-12,R01,10,2,0,Clear,126
2025-02-12,R01,11,2,0,Clear,79
2025-02-12,R01,12,2,0,Cloudy,10
2025-02-12,R01,13,2,0,Clear,54
2025-02-12,R01,14,2,0,Cloudy,40
2025-02-12,R01,15,2,0,Clear,86
2025-02-12,R01,16,2,0,Cloudy,138
2025-02-12,R01,17,2,0,Clear,246
2025-02-12,R01,18,2,0,Clear,298
2025-02-12,R01,19,2,0,Cloudy,207
2025-02-12,R01,20,2,0,Cloudy,165
2025-02-12,R01,21,2,0,Clear,56
2025-02-12,R01,22,2,0,Clear,76
2025-02-12,R02,6,2,0,Rain,152
2025-02-12,R02,7,2,0,Clear,236
2025-02-12,R02,8,2,0,Clear,302
2025-02-12,R02,9,2,0,Cloudy,206
2025-02-12,R02,10,2,0,Cloudy,122
2025-02-12,R02,11,2,0,Clear,48
2025-02-12,R02,12,2,0,Clear,74
2025-02-12,R02,13,2,0,Cloudy,56
2025-02-12,R02,14,2,0,Clear,60
2025-02-12,R02,15,2,0,Clear,88
2025-02-12,R02,16,2,0,Clear,169
2025-02-12,R02,17,2,0,Cloudy,266
2025-02-12,R02,18,2,0,Clear,351
2025-02-12,R02,19,2,0,Clear,314
2025-02-12,R02,20,2,0,Cloudy,170
2025-02-12,R02,21,2,0,Clear,96
2025-02-12,R02,22,2,0,Cloudy,50
2025-02-12,R03,6,2,0,Clear,62
2025-02-12,R03,7,2,0,Clear,176
2025-02-12,R03,8,2,0,Cloudy,205
2025-02-12,R03,9,2,0,Clear,166
2025-02-12,R03,10,2,0,Clear,89
2025-02-12,R03,11,2,0,Cloudy,30
2025-02-12,R03,12,2,0,Rain,30
2025-02-12,R03,13,2,0,Cloudy,51
2025-02-12,R03,14,2,0,Clear,11
2025-02-12,R03,15,2,0,Clear,73
2025-02-12,R03,16,2,0,Clear,135
2025-02-12,R03,17,2,0,Clear,207
2025-02-12,R03,18,2,0,Clear,252
2025-02-12,R03,19,2,0,Clear,187
2025-02-12,R03,20,2,0,Clear,103
2025-02-12,R03,21,2,0,Clear,54
2025-02-12,R03,22,2,0,Clear,23
2025-02-12,R04,6,2,0,Cloudy,127
2025-02-12,R04,7,2,0,Clear,279
2025-02-12,R04,8,2,0,Cloudy,328
2025-02-12,R04,9,2,0,Cloudy,264
2025-02-12,R04,10,2,0,Clear,163
2025-02-12,R04,11,2,0,Clear,83
2025-02-12,R04,12,2,0,Clear,71
2025-02-12,R04,13,2,0,Clear,40
2025-02-12,R04,14,2,0,Clear,84
2025-02-12,R04,15,2,0,Clear,75
2025-02-12,R04,16,2,0,Clear,181
2025-02-12,R04,17,2,0,Cloudy,293
2025-02-12,R04,18,2,0,Cloudy,353
2025-02-12,R04,19,2,0,Clear,331
2025-02-12,R04,20,2,0,Clear,196
2025-02-12,R04,21,2,0,Clear,120
2025-02-12,R04,22,2,0,Clear,73
2025-02-12,R05,6,2,0,Clear,92
2025-02-12,R05,7,2,0,Cloudy,177
2025-02-12,R05,8,2,0,Cloudy,210
2025-02-12,R05,9,2,0,Clear,190
2025-02-12,R05,10,2,0,Clear,104
2025-02-12,R05,11,2,0,Clear,64
2025-02-12,R05,12,2,0,Clear,57
2025-02-12,R05,13,2,0,Clear,51
2025-02-12,R05,14,2,0,Cloudy,32
2025-02-12,R05,15,2,0,Clear,52
2025-02-12,R05,16,2,0,Cloudy,135
2025-02-12,R05,17,2,0,Clear,204
2025-02-12,R05,18,2,0,Clear,314
2025-02-12,R05,19,2,0,Clear,220
2025-02-12,R05,20,2,0,Clear,150
2025-02-12,R05,21,2,0,Clear,61
2025-02-12,R05,22,2,0,Clear,57
2025-02-12,R06,6,2,0,Cloudy,112
2025-02-12,R06,7,2,0,Cloudy,242
2025-02-12,R06,8,2,0,Rain,337
2025-02-12,R06,9,2,0,Cloudy,246
2025-02-12,R06,10,2,0,Cloudy,112
2025-02-12,R06,11,2,0,Clear,60
2025-02-12,R06,12,2,0,Clear,54
2025-02-12,R06,13,2,0,Rain,61
2025-02-12,R06,14,2,0,Clear,71
2025-02-12,R06,15,2,0,Clear,97
2025-02-12,R06,16,2,0,Clear,176
2025-02-12,R06,17,2,0,Cloudy,299
2025-02-12,R06,18,2,0,Cloudy,357
2025-02-12,R06,19,2,0,Cloudy,293
2025-02-12,R06,20,2,0,Rain,177
2025-02-12,R06,21,2,0,Clear,105
2025-02-12,R06,22,2,0,Clear,76
2025-02-12,R07,6,2,0,Clear,81
2025-02-12,R07,7,2,0,Rain,174
2025-02-12,R07,8,2,0,Clear,189
2025-02-12,R07,9,2,0,Clear,171
2025-02-12,R07,10,2,0,Clear,80
2025-02-12,R07,11,2,0,Clear,42
2025-02-12,R07,12,2,0,Clear,40
2025-02-12,R07,13,2,0,Clear,60
2025-02-12,R07,14,2,0,Clear,28
2025-02-12,R07,15,2,0,Clear,57
2025-02-12,R07,16,2,0,Clear,93
2025-02-12,R07,17,2,0,Cloudy,164
2025-02-12,R07,18,2,0,Cloudy,190
2025-02-12,R07,19,2,0,Cloudy,171
2025-02-12,R07,20,2,0,Cloudy,94
2025-02-12,R07,21,2,0,Cloudy,61
2025-02-12,R07,22,2,0,Cloudy,50
2025-02-12,R08,6,2,0,Clear,138
2025-02-12,R08,7,2,0,Clear,220
2025-02-12,R08,8,2,0,Cloudy,278
2025-02-12,R08,9,2,0,Cloudy,232
2025-02-12,R08,10,2,0,Cloudy,101
2025-02-12,R08,11,2,0,Cloudy,63
2025-02-12,R08,12,2,0,Clear,41
2025-02-12,R08,13,2,0,Rain,83
2025-02-12,R08,14,2,0,Rain,80
2025-02-12,R08,15,2,0,Clear,88
2025-02-12,R08,16,2,0,Cloudy,152
2025-02-12,R08,17,2,0,Clear,258
2025-02-12,R08,18,2,0,Cloudy,330
2025-02-12,R08,19,2,0,Cloudy,248
2025-02-12,R08,20,2,0,Cloudy,135
2025-02-12,R08,21,2,0,Clear,97
2025-02-12,R08,22,2,0,Clear,51
2025-02-13,R01,6,3,0,Clear,101
2025-02-13,R01,7,3,0,Clear,218
2025-02-13,R01,8,3,0,Clear,247
2025-02-13,R01,9,3,0,Clear,214
2025-02-13,R01,10,3,0,Cloudy,105
2025-02-13,R01,11,3,0,Rain,77
2025-02-13,R01,12,3,0,Cloudy,52
2025-02-13,R01,13,3,0,Clear,83
2025-02-13,R01,14,3,0,Cloudy,51
2025-02-13,R01,15,3,0,Clear,68
2025-02-13,R01,16,3,0,Clear,140
2025-02-13,R01,17,3,0,Clear,250
2025-02-13,R01,18,3,0,Clear,325
2025-02-13,R01,19,3,0,Clear,253
2025-02-13,R01,20,3,0,Cloudy,120
2025-02-13,R01,21,3,0,Rain,139
2025-02-13,R01,22,3,0,Clear,66
2025-02-13,R02,6,3,0,Clear,118
2025-02-13,R02,7,3,0,Clear,228
2025-02-13,R02,8,3,0,Clear,293
2025-02-13,R02,9,3,0,Cloudy,228
2025-02-13,R02,10,3,0,Clear,129
2025-02-13,R02,11,3,0,Cloudy,57
2025-02-13,R02,12,3,0,Clear,37
2025-02-13,R02,13,3,0,Clear,40
2025-02-13,R02,14,3,0,Clear,70
2025-02-13,R02,15,3,0,Clear,82
2025-02-13,R02,16,3,0,Rain,168
2025-02-13,R02,17,3,0,Cloudy,272
2025-02-13,R02,18,3,0,Clear,358
2025-02-13,R02,19,3,0,Clear,294
2025-02-13,R02,20,3,0,Clear,166
2025-02-13,R02,21,3,0,Clear,85
2025-02-13,R02,22,3,0,Rain,84
2025-02-13,R03,6,3,0,Clear,75
2025-02-13,R03,7,3,0,Clear,166
2025-02-13,R03,8,3,0,Cloudy,177
2025-02-13,R03,9,3,0,Cloudy,154
2025-02-13,R03,10,3,0,Cloudy,87
2025-02-13,R03,11,3,0,Cloudy,58
2025-02-13,R03,12,3,0,Clear,14
2025-02-13,R03,13,3,0,Cloudy,38
2025-02-13,R03,14,3,0,Cloudy,67
2025-02-13,R03,15,3,0,Clear,20
2025-02-13,R03,16,3,0,Cloudy,115
2025-02-13,R03,17,3,0,Cloudy,171
2025-02-13,R03,18,3,0,Clear,241
2025-02-13,R03,19,3,0,Cloudy,195
2025-02-13,R03,20,3,0,Cloudy,99
2025-02-13,R03,21,3,0,Clear,64
2025-02-13,R03,22,3,0,Cloudy,42
2025-02-13,R04,6,3,0,Cloudy,138
2025-02-13,R04,7,3,0,Rain,288
2025-02-13,R04,8,3,0,Cloudy,325
2025-02-13,R04,9,3,0,Clear,307
2025-02-13,R04,10,3,0,Clear,142
2025-02-13,R04,11,3,0,Cloudy,72
2025-02-13,R04,12,3,0,Clear,61
2025-02-13,R04,13,3,0,Clear,75
2025-02-13,R04,14,3,0,Clear,89
2025-02-13,R04,15,3,0,Rain,105
2025-02-13,R04,16,3,0,Cloudy,177
2025-02-13,R04,17,3,0,Clear,331
2025-02-13,R04,18,3,0,Clear,418
2025-02-13,R04,19,3,0,Clear,329
2025-02-13,R04,20,3,0,Clear,190
2025-02-13,R04,21,3,0,Clear,91
2025-02-13,R04,22,3,0,Clear,73
2025-02-13,R05,6,3,0,Clear,112
2025-02-13,R05,7,3,0,Clear,205
2025-02-13,R05,8,3,0,Clear,277
2025-02-13,R05,9,3,0,Clear,185
2025-02-13,R05,10,3,0,Clear,104
2025-02-13,R05,11,3,0,Rain,59
2025-02-13,R05,12,3,0,Clear,68
2025-02-13,R05,13,3,0,Clear,54
2025-02-13,R05,14,3,0,Clear,27
2025-02-13,R05,15,3,0,Clear,60
2025-02-13,R05,16,3,0,Cloudy,120
2025-02-13,R05,17,3,0,Clear,211
2025-02-13,R05,18,3,0,Clear,286
2025-02-13,R05,19,3,0,Cloudy,210
2025-02-13,R05,20,3,0,Clear,160
2025-02-13,R05,21,3,0,Cloudy,69
2025-02-13,R05,22,3,0,Clear,43
2025-02-13,R06,6,3,0,Rain,137
2025-02-13,R06,7,3,0,Clear,222
2025-02-13,R06,8,3,0,Rain,361
2025-02-13,R06,9,3,0,Clear,279
2025-02-13,R06,10,3,0,Clear,134
2025-02-13,R06,11,3,0,Clear,74
2025-02-13,R06,12,3,0,Clear,95
2025-02-13,R06,13,3,0,Rain,80
2025-02-13,R06,14,3,0,Clear,67
2025-02-13,R06,15,3,0,Clear,103
2025-02-13,R06,16,3,0,Clear,180
2025-02-13,R06,17,3,0,Cloudy,291
2025-02-13,R06,18,3,0,Clear,352
2025-02-13,R06,19,3,0,Clear,289
2025-02-13,R06,20,3,0,Cloudy,166
2025-02-13,R06,21,3,0,Clear,79
2025-02-13,R06,22,3,0,Cloudy,59
2025-02-13,R07,6,3,0,Clear,62
2025-02-13,R07,7,3,0,Clear,164
2025-02-13,R07,8,3,0,Cloudy,167
2025-02-13,R07,9,3,0,Clear,135
2025-02-13,R07,10,3,0,Cloudy,55
2025-02-13,R07,11,3,0,Clear,52
2025-02-13,R07,12,3,0,Cloudy,31
2025-02-13,R07,13,3,0,Clear,49
2025-02-13,R07,14,3,0,Clear,29
2025-02-13,R07,15,3,0,Clear,37
2025-02-13,R07,16,3,0,Rain,109
2025-02-13,R07,17,3,0,Clear,193
2025-02-13,R07,18,3,0,Cloudy,180
2025-02-13,R07,19,3,0,Cloudy,168
2025-02-13,R07,20,3,0,Clear,105
2025-02-13,R07,21,3,0,Rain,78
2025-02-13,R07,22,3,0,Cloudy,23
2025-02-13,R08,6,3,0,Clear,97
2025-02-13,R08,7,3,0,Clear,220
2025-02-13,R08,8,3,0,Rain,330
2025-02-13,R08,9,3,0,Rain,249
2025-02-13,R08,10,3,0,Clear,127
2025-02-13,R08,11,3,0,Cloudy,47
2025-02-13,R08,12,3,0,Cloudy,46
2025-02-13,R08,13,3,0,Cloudy,49
2025-02-13,R08,14,3,0,Clear,35
2025-02-13,R08,15,3,0,Cloudy,76
2025-02-13,R08,16,3,0,Clear,148
2025-02-13,R08,17,3,0,Clear,308
2025-02-13,R08,18,3,0,Clear,329
2025-02-13,R08,19,3,0,Clear,290
2025-02-13,R08,20,3,0,Cloudy,151
2025-02-13,R08,21,3,0,Clear,78
2025-02-13,R08,22,3,0,Cloudy,72
2025-02-14,R01,6,4,0,Cloudy,86
2025-02-14,R01,7,4,0,Clear,199
2025-02-14,R01,8,4,0,Clear,276
2025-02-14,R01,9,4,0,Clear,175
2025-02-14,R01,10,4,0,Clear,108
2025-02-14,R01,11,4,0,Clear,59
2025-02-14,R01,12,4,0,Cloudy,48
2025-02-14,R01,13,4,0,Clear,43
2025-02-14,R01,14,4,0,Cloudy,59
2025-02-14,R01,15,4,0,Rain,69
2025-02-14,R01,16,4,0,Cloudy,145
2025-02-14,R01,17,4,0,Cloudy,214
2025-02-14,R01,18,4,0,Cloudy,286
2025-02-14,R01,19,4,0,Clear,261
2025-02-14,R01,20,4,0,Cloudy,119
2025-02-14,R01,21,4,0,Clear,64
2025-02-14,R01,22,4,0,Cloudy,62
2025-02-14,R02,6,4,0,Cloudy,124
2025-02-14,R02,7,4,0,Cloudy,205
2025-02-14,R02,8,4,0,Clear,314
2025-02-14,R02,9,4,0,Clear,252
2025-02-14,R02,10,4,0,Cloudy,136
2025-02-14,R02,11,4,0,Clear,74
2025-02-14,R02,12,4,0,Rain,69
2025-02-14,R02,13,4,0,Clear,79
2025-02-14,R02,14,4,0,Clear,73
2025-02-14,R02,15,4,0,Cloudy,60
2025-02-14,R02,16,4,0,Rain,177
2025-02-14,R02,17,4,0,Cloudy,268
2025-02-14,R02,18,4,0,Cloudy,349
2025-02-14,R02,19,4,0,Clear,306
2025-02-14,R02,20,4,0,Rain,185
2025-02-14,R02,21,4,0,Cloudy,82
2025-02-14,R02,22,4,0,Cloudy,52
2025-02-14,R03,6,4,0,Clear,106
2025-02-14,R03,7,4,0,Clear,157
2025-02-14,R03,8,4,0,Rain,231
2025-02-14,R03,9,4,0,Clear,185
2025-02-14,R03,10,4,0,Cloudy,100
2025-02-14,R03,11,4,0,Cloudy,79
2025-02-14,R03,12,4,0,Clear,38
2025-02-14,R03,13,4,0,Clear,34
2025-02-14,R03,14,4,0,Clear,39
2025-02-14,R03,15,4,0,Clear,38
2025-02-14,R03,16,4,0,Clear,86
2025-02-14,R03,17,4,0,Clear,204
2025-02-14,R03,18,4,0,Clear,240
2025-02-14,R03,19,4,0,Cloudy,177
2025-02-14,R03,20,4,0,Cloudy,109
2025-02-14,R03,21,4,0,Rain,70
2025-02-14,R03,22,4,0,Cloudy,37
2025-02-14,R04,6,4,0,Clear,146
2025-02-14,R04,7,4,0,Cloudy,256
2025-02-14,R04,8,4,0,Cloudy,345
2025-02-14,R04,9,4,0,Clear,270
2025-02-14,R04,10,4,0,Clear,134
2025-02-14,R04,11,4,0,Rain,83
2025-02-14,R04,12,4,0,Cloudy,64
2025-02-14,R04,13,4,0,Cloudy,70
2025-02-14,R04,14,4,0,Clear,96
2025-02-14,R04,15,4,0,Clear,100
2025-02-14,R04,16,4,0,Cloudy,199
2025-02-14,R04,17,4,0,Clear,320
2025-02-14,R04,18,4,0,Clear,394
2025-02-14,R04,19,4,0,Rain,368
2025-02-14,R04,20,4,0,Cloudy,185
2025-02-14,R04,21,4,0,Rain,111
2025-02-14,R04,22,4,0,Cloudy,105
2025-02-14,R05,6,4,0,Clear,96
2025-02-14,R05,7,4,0,Cloudy,202
2025-02-14,R05,8,4,0,Clear,240
2025-02-14,R05,9,4,0,Clear,205
2025-02-14,R05,10,4,0,Clear,105
2025-02-14,R05,11,4,0,Cloudy,57
2025-02-14,R05,12,4,0,Clear,52
2025-02-14,R05,13,4,0,Cloudy,43
2025-02-14,R05,14,4,0,Clear,47
2025-02-14,R05,15,4,0,Clear,45
2025-02-14,R05,16,4,0,Clear,146
2025-02-14,R05,17,4,0,Cloudy,200
2025-02-14,R05,18,4,0,Clear,280
2025-02-14,R05,19,4,0,Clear,236
2025-02-14,R05,20,4,0,Cloudy,109
2025-02-14,R05,21,4,0,Clear,68
2025-02-14,R05,22,4,0,Cloudy,57
2025-02-14,R06,6,4,0,Rain,145
2025-02-14,R06,7,4,0,Clear,256
2025-02-14,R06,8,4,0,Clear,317
2025-02-14,R06,9,4,0,Rain,279
2025-02-14,R06,10,4,0,Cloudy,112
2025-02-14,R06,11,4,0,Clear,78
2025-02-14,R06,12,4,0,Rain,46
2025-02-14,R06,13,4,0,Cloudy,47
2025-02-14,R06,14,4,0,Clear,64
2025-02-14,R06,15,4,0,Cloudy,83
2025-02-14,R06,16,4,0,Rain,197
2025-02-14,R06,17,4,0,Clear,303
2025-02-14,R06,18,4,0,Clear,350
2025-02-14,R06,19,4,0,Cloudy,271
2025-02-14,R06,20,4,0,Cloudy,164
2025-02-14,R06,21,4,0,Clear,107
2025-02-14,R06,22,4,0,Cloudy,72
2025-02-14,R07,6,4,0,Rain,127
2025-02-14,R07,7,4,0,Clear,141
2025-02-14,R07,8,4,0,Clear,201
2025-02-14,R07,9,4,0,Clear,158
2025-02-14,R07,10,4,0,Cloudy,97
2025-02-14,R07,11,4,0,Clear,61
2025-02-14,R07,12,4,0,Clear,38
2025-02-14,R07,13,4,0,Clear,42
2025-02-14,R07,14,4,0,Clear,42
2025-02-14,R07,15,4,0,Clear,52
2025-02-14,R07,16,4,0,Cloudy,102
2025-02-14,R07,17,4,0,Clear,178
2025-02-14,R07,18,4,0,Clear,218
2025-02-14,R07,19,4,0,Cloudy,188
2025-02-14,R07,20,4,0,Clear,105
2025-02-14,R07,21,4,0,Clear,54
2025-02-14,R07,22,4,0,Cloudy,32
2025-02-14,R08,6,4,0,Clear,117
2025-02-14,R08,7,4,0,Rain,233
2025-02-14,R08,8,4,0,Cloudy,272
2025-02-14,R08,9,4,0,Clear,243
2025-02-14,R08,10,4,0,Clear,113
2025-02-14,R08,11,4,0,Rain,103
2025-02-14,R08,12,4,0,Rain,28
2025-02-14,R08,13,4,0,Clear,58
2025-02-14,R08,14,4,0,Clear,88
2025-02-14,R08,15,4,0,Rain,91
2025-02-14,R08,16,4,0,Rain,192
2025-02-14,R08,17,4,0,Clear,259
2025-02-14,R08,18,4,0,Rain,346
2025-02-14,R08,19,4,0,Clear,265
2025-02-14,R08,20,4,0,Clear,148
2025-02-14,R08,21,4,0,Clear,58
2025-02-14,R08,22,4,0,Cloudy,54
2025-02-15,R01,6,5,1,Cloudy,64
2025-02-15,R01,7,5,1,Cloudy,151
2025-02-15,R01,8,5,1,Clear,181
2025-02-15,R01,9,5,1,Clear,129
2025-02-15,R01,10,5,1,Cloudy,70
2025-02-15,R01,11,5,1,Clear,43
2025-02-15,R01,12,5,1,Cloudy,39
2025-02-15,R01,13,5,1,Clear,32
2025-02-15,R01,14,5,1,Clear,64
2025-02-15,R01,15,5,1,Clear,33
2025-02-15,R01,16,5,1,Cloudy,83
2025-02-15,R01,17,5,1,Clear,155
2025-02-15,R01,18,5,1,Cloudy,187
2025-02-15,R01,19,5,1,Clear,170
2025-02-15,R01,20,5,1,Clear,98
2025-02-15,R01,21,5,1,Cloudy,54
2025-02-15,R01,22,5,1,Rain,40
2025-02-15,R02,6,5,1,Rain,99
2025-02-15,R02,7,5,1,Clear,167
2025-02-15,R02,8,5,1,Clear,206
2025-02-15,R02,9,5,1,Clear,159
2025-02-15,R02,10,5,1,Clear,77
2025-02-15,R02,11,5,1,Clear,56
2025-02-15,R02,12,5,1,Rain,14
2025-02-15,R02,13,5,1,Clear,40
2025-02-15,R02,14,5,1,Cloudy,49
2025-02-15,R02,15,5,1,Rain,79
2025-02-15,R02,16,5,1,Clear,81
2025-02-15,R02,17,5,1,Clear,190
2025-02-15,R02,18,5,1,Clear,231
2025-02-15,R02,19,5,1,Cloudy,177
2025-02-15,R02,20,5,1,Clear,130
2025-02-15,R02,21,5,1,Clear,49
2025-02-15,R02,22,5,1,Cloudy,49
2025-02-15,R03,6,5,1,Clear,63
2025-02-15,R03,7,5,1,Cloudy,101
2025-02-15,R03,8,5,1,Cloudy,130
2025-02-15,R03,9,5,1,Cloudy,111
2025-02-15,R03,10,5,1,Cloudy,56
2025-02-15,R03,11,5,1,Cloudy,10
2025-02-15,R03,12,5,1,Clear,14
2025-02-15,R03,13,5,1,Cloudy,28
2025-02-15,R03,14,5,1,Clear,12
2025-02-15,R03,15,5,1,Clear,54
2025-02-15,R03,16,5,1,Cloudy,53
2025-02-15,R03,17,5,1,Clear,132
2025-02-15,R03,18,5,1,Clear,176
2025-02-15,R03,19,5,1,Cloudy,114
2025-02-15,R03,20,5,1,Rain,68
2025-02-15,R03,21,5,1,Cloudy,44
2025-02-15,R03,22,5,1,Clear,40
2025-02-15,R04,6,5,1,Clear,98
2025-02-15,R04,7,5,1,Clear,183
2025-02-15,R04,8,5,1,Rain,246
2025-02-15,R04,9,5,1,Clear,190
2025-02-15,R04,10,5,1,Clear,76
2025-02-15,R04,11,5,1,Cloudy,70
2025-02-15,R04,12,5,1,Clear,42
2025-02-15,R04,13,5,1,Clear,30
2025-02-15,R04,14,5,1,Cloudy,35
2025-02-15,R04,15,5,1,Clear,69
2025-02-15,R04,16,5,1,Clear,122
2025-02-15,R04,17,5,1,Cloudy,210
2025-02-15,R04,18,5,1,Cloudy,244
2025-02-15,R04,19,5,1,Clear,239
2025-02-15,R04,20,5,1,Clear,120
2025-02-15,R04,21,5,1,Clear,39
2025-02-15,R04,22,5,1,Clear,41
2025-02-15,R05,6,5,1,Clear,60
2025-02-15,R05,7,5,1,Clear,147
2025-02-15,R05,8,5,1,Rain,175
2025-02-15,R05,9,5,1,Cloudy,118
2025-02-15,R05,10,5,1,Cloudy,69
2025-02-15,R05,11,5,1,Cloudy,44
2025-02-15,R05,12,5,1,Clear,50
2025-02-15,R05,13,5,1,Clear,19
2025-02-15,R05,14,5,1,Clear,50
2025-02-15,R05,15,5,1,Clear,61
2025-02-15,R05,16,5,1,Cloudy,74
2025-02-15,R05,17,5,1,Clear,146
2025-02-15,R05,18,5,1,Clear,199
2025-02-15,R05,19,5,1,Clear,157
2025-02-15,R05,20,5,1,Cloudy,90
2025-02-15,R05,21,5,1,Clear,42
2025-02-15,R05,22,5,1,Clear,33
2025-02-15,R06,6,5,1,Cloudy,86
2025-02-15,R06,7,5,1,Rain,198
2025-02-15,R06,8,5,1,Clear,212
2025-02-15,R06,9,5,1,Cloudy,166
2025-02-15,R06,10,5,1,Clear,112
2025-02-15,R06,11,5,1,Cloudy,66
2025-02-15,R06,12,5,1,Clear,44
2025-02-15,R06,13,5,1,Clear,27
2025-02-15,R06,14,5,1,Rain,74
2025-02-15,R06,15,5,1,Cloudy,63
2025-02-15,R06,16,5,1,Cloudy,136
2025-02-15,R06,17,5,1,Cloudy,200
2025-02-15,R06,18,5,1,Clear,222
2025-02-15,R06,19,5,1,Clear,234
2025-02-15,R06,20,5,1,Clear,130
2025-02-15,R06,21,5,1,Cloudy,58
2025-02-15,R06,22,5,1,Cloudy,17
2025-02-15,R07,6,5,1,Clear,67
2025-02-15,R07,7,5,1,Clear,106
2025-02-15,R07,8,5,1,Cloudy,152
2025-02-15,R07,9,5,1,Cloudy,117
2025-02-15,R07,10,5,1,Cloudy,74
2025-02-15,R07,11,5,1,Rain,35
2025-02-15,R07,12,5,1,Cloudy,24
2025-02-15,R07,13,5,1,Cloudy,27
2025-02-15,R07,14,5,1,Rain,18
2025-02-15,R07,15,5,1,Clear,36
2025-02-15,R07,16,5,1,Cloudy,62
2025-02-15,R07,17,5,1,Clear,136
2025-02-15,R07,18,5,1,Cloudy,158
2025-02-15,R07,19,5,1,Clear,129
2025-02-15,R07,20,5,1,Clear,57
2025-02-15,R07,21,5,1,Clear,63
2025-02-15,R07,22,5,1,Clear,38
2025-02-15,R08,6,5,1,Cloudy,82
2025-02-15,R08,7,5,1,Cloudy,153
2025-02-15,R08,8,5,1,Rain,198
2025-02-15,R08,9,5,1,Clear,152
2025-02-15,R08,10,5,1,Clear,100
2025-02-15,R08,11,5,1,Clear,25
2025-02-15,R08,12,5,1,Rain,20
2025-02-15,R08,13,5,1,Clear,48
2025-02-15,R08,14,5,1,Clear,45
2025-02-15,R08,15,5,1,Clear,36
2025-02-15,R08,16,5,1,Clear,101
2025-02-15,R08,17,5,1,Clear,187
2025-02-15,R08,18,5,1,Clear,227
2025-02-15,R08,19,5,1,Clear,188
2025-02-15,R08,20,5,1,Clear,100
2025-02-15,R08,21,5,1,Clear,58
2025-02-15,R08,22,5,1,Clear,47
2025-02-16,R01,6,6,1,Clear,83
2025-02-16,R01,7,6,1,Clear,136
2025-02-16,R01,8,6,1,Rain,208
2025-02-16,R01,9,6,1,Rain,142
2025-02-16,R01,10,6,1,Clear,66
2025-02-16,R01,11,6,1,Clear,54
2025-02-16,R01,12,6,1,Clear,43
2025-02-16,R01,13,6,1,Clear,29
2025-02-16,R01,14,6,1,Clear,26
2025-02-16,R01,15,6,1,Clear,43
2025-02-16,R01,16,6,1,Clear,104
2025-02-16,R01,17,6,1,Clear,172
2025-02-16,R01,18,6,1,Clear,195
2025-02-16,R01,19,6,1,Rain,193
2025-02-16,R01,20,6,1,Clear,91
2025-02-16,R01,21,6,1,Clear,37
2025-02-16,R01,22,6,1,Cloudy,27
2025-02-16,R02,6,6,1,Clear,90
2025-02-16,R02,7,6,1,Clear,175
2025-02-16,R02,8,6,1,Rain,242
2025-02-16,R02,9,6,1,Clear,164
2025-02-16,R02,10,6,1,Cloudy,86
2025-02-16,R02,11,6,1,Clear,46
2025-02-16,R02,12,6,1,Cloudy,27
2025-02-16,R02,13,6,1,Cloudy,35
2025-02-16,R02,14,6,1,Cloudy,15
2025-02-16,R02,15,6,1,Clear,79
2025-02-16,R02,16,6,1,Clear,115
2025-02-16,R02,17,6,1,Clear,202
2025-02-16,R02,18,6,1,Clear,232
2025-02-16,R02,19,6,1,Clear,199
2025-02-16,R02,20,6,1,Cloudy,110
2025-02-16,R02,21,6,1,Clear,56
2025-02-16,R02,22,6,1,Clear,39
2025-02-16,R03,6,6,1,Rain,50
2025-02-16,R03,7,6,1,Clear,141
2025-02-16,R03,8,6,1,Cloudy,129
2025-02-16,R03,9,6,1,Cloudy,100
2025-02-16,R03,10,6,1,Clear,83
2025-02-16,R03,11,6,1,Cloudy,38
2025-02-16,R03,12,6,1,Rain,39
2025-02-16,R03,13,6,1,Rain,11
2025-02-16,R03,14,6,1,Cloudy,29
2025-02-16,R03,15,6,1,Clear,23
2025-02-16,R03,16,6,1,Clear,67
2025-02-16,R03,17,6,1,Clear,164
2025-02-16,R03,18,6,1,Clear,154
2025-02-16,R03,19,6,1,Clear,145
2025-02-16,R03,20,6,1,Clear,66
2025-02-16,R03,21,6,1,Clear,30
2025-02-16,R03,22,6,1,Cloudy,64
2025-02-16,R04,6,6,1,Clear,100
2025-02-16,R04,7,6,1,Clear,171
2025-02-16,R04,8,6,1,Clear,252
2025-02-16,R04,9,6,1,Cloudy,195
2025-02-16,R04,10,6,1,Clear,112
2025-02-16,R04,11,6,1,Clear,53
2025-02-16,R04,12,6,1,Clear,42
2025-02-16,R04,13,6,1,Cloudy,34
2025-02-16,R04,14,6,1,Clear,32
2025-02-16,R04,15,6,1,Clear,72
2025-02-16,R04,16,6,1,Clear,125
2025-02-16,R04,17,6,1,Clear,207
2025-02-16,R04,18,6,1,Clear,275
2025-02-16,R04,19,6,1,Clear,215
2025-02-16,R04,20,6,1,Cloudy,125
2025-02-16,R04,21,6,1,Cloudy,66
2025-02-16,R04,22,6,1,Cloudy,39
2025-02-16,R05,6,6,1,Clear,71
2025-02-16,R05,7,6,1,Clear,134
2025-02-16,R05,8,6,1,Cloudy,173
2025-02-16,R05,9,6,1,Clear,133
2025-02-16,R05,10,6,1,Rain,71
2025-02-16,R05,11,6,1,Clear,35
2025-02-16,R05,12,6,1,Cloudy,53
2025-02-16,R05,13,6,1,Rain,21
2025-02-16,R05,14,6,1,Rain,34
2025-02-16,R05,15,6,1,Cloudy,42
2025-02-16,R05,16,6,1,Clear,88
2025-02-16,R05,17,6,1,Clear,136
2025-02-16,R05,18,6,1,Rain,198
2025-02-16,R05,19,6,1,Clear,154
2025-02-16,R05,20,6,1,Clear,83
2025-02-16,R05,21,6,1,Clear,51
2025-02-16,R05,22,6,1,Cloudy,46
2025-02-16,R06,6,6,1,Cloudy,93
2025-02-16,R06,7,6,1,Cloudy,166
2025-02-16,R06,8,6,1,Clear,231
2025-02-16,R06,9,6,1,Clear,178
2025-02-16,R06,10,6,1,Clear,93
2025-02-16,R06,11,6,1,Rain,68
2025-02-16,R06,12,6,1,Clear,10
2025-02-16,R06,13,6,1,Clear,36
2025-02-16,R06,14,6,1,Rain,32
2025-02-16,R06,15,6,1,Clear,55
2025-02-16,R06,16,6,1,Clear,110
2025-02-16,R06,17,6,1,Clear,236
2025-02-16,R06,18,6,1,Cloudy,256
2025-02-16,R06,19,6,1,Clear,209
2025-02-16,R06,20,6,1,Clear,110
2025-02-16,R06,21,6,1,Cloudy,71
2025-02-16,R06,22,6,1,Clear,45
2025-02-16,R07,6,6,1,Clear,50
2025-02-16,R07,7,6,1,Cloudy,96
2025-02-16,R07,8,6,1,Clear,126
2025-02-16,R07,9,6,1,Clear,107
2025-02-16,R07,10,6,1,Rain,42
2025-02-16,R07,11,6,1,Clear,35
2025-02-16,R07,12,6,1,Clear,20
2025-02-16,R07,13,6,1,Cloudy,34
2025-02-16,R07,14,6,1,Cloudy,40
2025-02-16,R07,15,6,1,Clear,55
2025-02-16,R07,16,6,1,Clear,102
2025-02-16,R07,17,6,1,Rain,161
2025-02-16,R07,18,6,1,Clear,166
2025-02-16,R07,19,6,1,Rain,143
2025-02-16,R07,20,6,1,Cloudy,49
2025-02-16,R07,21,6,1,Clear,10
2025-02-16,R07,22,6,1,Cloudy,37
2025-02-16,R08,6,6,1,Clear,71
2025-02-16,R08,7,6,1,Cloudy,186
2025-02-16,R08,8,6,1,Clear,178
2025-02-16,R08,9,6,1,Cloudy,156
2025-02-16,R08,10,6,1,Clear,85
2025-02-16,R08,11,6,1,Cloudy,23
2025-02-16,R08,12,6,1,Clear,39
2025-02-16,R08,13,6,1,Clear,25
2025-02-16,R08,14,6,1,Clear,37
2025-02-16,R08,15,6,1,Rain,59
2025-02-16,R08,16,6,1,Cloudy,89
2025-02-16,R08,17,6,1,Cloudy,167
2025-02-16,R08,18,6,1,Rain,236
2025-02-16,R08,19,6,1,Clear,159
2025-02-16,R08,20,6,1,Clear,106
2025-02-16,R08,21,6,1,Clear,74
2025-02-16,R08,22,6,1,Clear,28
2025-02-17,R01,6,0,0,Clear,136
2025-02-17,R01,7,0,0,Cloudy,224
2025-02-17,R01,8,0,0,Clear,259
2025-02-17,R01,9,0,0,Clear,204
2025-02-17,R01,10,0,0,Clear,104
2025-02-17,R01,11,0,0,Clear,45
2025-02-17,R01,12,0,0,Cloudy,42
2025-02-17,R01,13,0,0,Clear,43
2025-02-17,R01,14,0,0,Clear,52
2025-02-17,R01,15,0,0,Cloudy,71
2025-02-17,R01,16,0,0,Clear,124
2025-02-17,R01,17,0,0,Clear,253
2025-02-17,R01,18,0,0,Clear,298
2025-02-17,R01,19,0,0,Clear,231
2025-02-17,R01,20,0,0,Cloudy,128
2025-02-17,R01,21,0,0,Cloudy,71
2025-02-17,R01,22,0,0,Cloudy,70
2025-02-17,R02,6,0,0,Cloudy,141
2025-02-17,R02,7,0,0,Clear,237
2025-02-17,R02,8,0,0,Clear,310
2025-02-17,R02,9,0,0,Clear,233
2025-02-17,R02,10,0,0,Cloudy,127
2025-02-17,R02,11,0,0,Clear,65
2025-02-17,R02,12,0,0,Clear,54
2025-02-17,R02,13,0,0,Cloudy,67
2025-02-17,R02,14,0,0,Clear,45
2025-02-17,R02,15,0,0,Clear,106
2025-02-17,R02,16,0,0,Rain,188
2025-02-17,R02,17,0,0,Cloudy,290
2025-02-17,R02,18,0,0,Clear,365
2025-02-17,R02,19,0,0,Clear,302
2025-02-17,R02,20,0,0,Cloudy,156
2025-02-17,R02,21,0,0,Rain,81
2025-02-17,R02,22,0,0,Cloudy,49
2025-02-17,R03,6,0,0,Clear,80
2025-02-17,R03,7,0,0,Cloudy,133
2025-02-17,R03,8,0,0,Clear,231
2025-02-17,R03,9,0,0,Clear,168
2025-02-17,R03,10,0,0,Clear,79
2025-02-17,R03,11,0,0,Cloudy,75
2025-02-17,R03,12,0,0,Clear,76
2025-02-17,R03,13,0,0,Clear,21
2025-02-17,R03,14,0,0,Clear,39
2025-02-17,R03,15,0,0,Clear,56
2025-02-17,R03,16,0,0,Clear,102
2025-02-17,R03,17,0,0,Clear,215
2025-02-17,R03,18,0,0,Clear,220
2025-02-17,R03,19,0,0,Clear,225
2025-02-17,R03,20,0,0,Clear,116
2025-02-17,R03,21,0,0,Clear,88
2025-02-17,R03,22,0,0,Clear,42
2025-02-17,R04,6,0,0,Cloudy,136
2025-02-17,R04,7,0,0,Cloudy,241
2025-02-17,R04,8,0,0,Rain,408
2025-02-17,R04,9,0,0,Clear,306
2025-02-17,R04,10,0,0,Cloudy,164
2025-02-17,R04,11,0,0,Cloudy,55
2025-02-17,R04,12,0,0,Cloudy,81
2025-02-17,R04,13,0,0,Clear,59
2025-02-17,R04,14,0,0,Cloudy,63
2025-02-17,R04,15,0,0,Clear,94
2025-02-17,R04,16,0,0,Clear,181
2025-02-17,R04,17,0,0,Clear,327
2025-02-17,R04,18,0,0,Clear,393
2025-02-17,R04,19,0,0,Rain,383
2025-02-17,R04,20,0,0,Rain,218
2025-02-17,R04,21,0,0,Clear,103
2025-02-17,R04,22,0,0,Cloudy,60
2025-02-17,R05,6,0,0,Cloudy,91
2025-02-17,R05,7,0,0,Clear,203
2025-02-17,R05,8,0,0,Clear,255
2025-02-17,R05,9,0,0,Cloudy,201
2025-02-17,R05,10,0,0,Cloudy,126
2025-02-17,R05,11,0,0,Rain,56
2025-02-17,R05,12,0,0,Clear,38
2025-02-17,R05,13,0,0,Cloudy,52
2025-02-17,R05,14,0,0,Cloudy,58
2025-02-17,R05,15,0,0,Clear,105
2025-02-17,R05,16,0,0,Cloudy,103
2025-02-17,R05,17,0,0,Cloudy,239
2025-02-17,R05,18,0,0,Cloudy,271
2025-02-17,R05,19,0,0,Clear,226
2025-02-17,R05,20,0,0,Clear,140
2025-02-17,R05,21,0,0,Clear,76
2025-02-17,R05,22,0,0,Clear,43
2025-02-17,R06,6,0,0,Cloudy,108
2025-02-17,R06,7,0,0,Cloudy,264
2025-02-17,R06,8,0,0,Clear,321
2025-02-17,R06,9,0,0,Clear,247
2025-02-17,R06,10,0,0,Clear,129
2025-02-17,R06,11,0,0,Clear,87
2025-02-17,R06,12,0,0,Cloudy,52
2025-02-17,R06,13,0,0,Rain,57
2025-02-17,R06,14,0,0,Cloudy,66
2025-02-17,R06,15,0,0,Clear,95
2025-02-17,R06,16,0,0,Rain,185
2025-02-17,R06,17,0,0,Clear,284
2025-02-17,R06,18,0,0,Cloudy,365
2025-02-17,R06,19,0,0,Clear,310
2025-02-17,R06,20,0,0,Cloudy,139
2025-02-17,R06,21,0,0,Clear,115
2025-02-17,R06,22,0,0,Rain,44
2025-02-17,R07,6,0,0,Clear,69
2025-02-17,R07,7,0,0,Cloudy,130
2025-02-17,R07,8,0,0,Clear,183
2025-02-17,R07,9,0,0,Cloudy,132
2025-02-17,R07,10,0,0,Clear,63
2025-02-17,R07,11,0,0,Clear,46
2025-02-17,R07,12,0,0,Clear,49
2025-02-17,R07,13,0,0,Cloudy,34
2025-02-17,R07,14,0,0,Cloudy,39
2025-02-17,R07,15,0,0,Cloudy,46
2025-02-17,R07,16,0,0,Clear,103
2025-02-17,R07,17,0,0,Clear,182
2025-02-17,R07,18,0,0,Clear,227
2025-02-17,R07,19,0,0,Clear,167
2025-02-17,R07,20,0,0,Cloudy,84
2025-02-17,R07,21,0,0,Clear,23
2025-02-17,R07,22,0,0,Clear,65
2025-02-17,R08,6,0,0,Clear,148
2025-02-17,R08,7,0,0,Clear,227
2025-02-17,R08,8,0,0,Clear,291
2025-02-17,R08,9,0,0,Clear,249
2025-02-17,R08,10,0,0,Rain,117
2025-02-17,R08,11,0,0,Rain,61
2025-02-17,R08,12,0,0,Clear,76
2025-02-17,R08,13,0,0,Clear,48
2025-02-17,R08,14,0,0,Clear,43
2025-02-17,R08,15,0,0,Cloudy,82
2025-02-17,R08,16,0,0,Rain,161
2025-02-17,R08,17,0,0,Clear,289
2025-02-17,R08,18,0,0,Cloudy,313
2025-02-17,R08,19,0,0,Clear,261
2025-02-17,R08,20,0,0,Clear,147
2025-02-17,R08,21,0,0,Clear,87
2025-02-17,R08,22,0,0,Clear,54
2025-02-18,R01,6,1,0,Rain,117
2025-02-18,R01,7,1,0,Rain,238
2025-02-18,R01,8,1,0,Clear,287
2025-02-18,R01,9,1,0,Clear,215
2025-02-18,R01,10,1,0,Clear,100
2025-02-18,R01,11,1,0,Clear,46
2025-02-18,R01,12,1,0,Clear,58
2025-02-18,R01,13,1,0,Cloudy,53
2025-02-18,R01,14,1,0,Clear,46
2025-02-18,R01,15,1,0,Clear,71
2025-02-18,R01,16,1,0,Clear,131
2025-02-18,R01,17,1,0,Cloudy,216
2025-02-18,R01,18,1,0,Clear,293
2025-02-18,R01,19,1,0,Cloudy,198
2025-02-18,R01,20,1,0,Clear,157
2025-02-18,R01,21,1,0,Cloudy,51
2025-02-18,R01,22,1,0,Clear,51
2025-02-18,R02,6,1,0,Clear,102
2025-02-18,R02,7,1,0,Clear,252
2025-02-18,R02,8,1,0,Rain,356
2025-02-18,R02,9,1,0,Clear,245
2025-02-18,R02,10,1,0,Clear,129
2025-02-18,R02,11,1,0,Clear,62
2025-02-18,R02,12,1,0,Clear,73
2025-02-18,R02,13,1,0,Clear,35
2025-02-18,R02,14,1,0,Cloudy,51
2025-02-18,R02,15,1,0,Rain,85
2025-02-18,R02,16,1,0,Clear,154
2025-02-18,R02,17,1,0,Clear,305
2025-02-18,R02,18,1,0,Clear,353
2025-02-18,R02,19,1,0,Clear,280
2025-02-18,R02,20,1,0,Cloudy,160
2025-02-18,R02,21,1,0,Cloudy,85
2025-02-18,R02,22,1,0,Clear,73
2025-02-18,R03,6,1,0,Rain,105
2025-02-18,R03,7,1,0,Rain,185
2025-02-18,R03,8,1,0,Clear,217
2025-02-18,R03,9,1,0,Rain,165
2025-02-18,R03,10,1,0,Rain,105
2025-02-18,R03,11,1,0,Rain,42
2025-02-18,R03,12,1,0,Clear,42
2025-02-18,R03,13,1,0,Cloudy,58
2025-02-18,R03,14,1,0,Clear,43
2025-02-18,R03,15,1,0,Clear,55
2025-02-18,R03,16,1,0,Clear,110
2025-02-18,R03,17,1,0,Cloudy,193
2025-02-18,R03,18,1,0,Rain,274
2025-02-18,R03,19,1,0,Cloudy,197
2025-02-18,R03,20,1,0,Rain,118
2025-02-18,R03,21,1,0,Clear,57
2025-02-18,R03,22,1,0,Clear,53
2025-02-18,R04,6,1,0,Clear,161
2025-02-18,R04,7,1,0,Clear,292
2025-02-18,R04,8,1,0,Clear,367
2025-02-18,R04,9,1,0,Cloudy,273
2025-02-18,R04,10,1,0,Clear,152
2025-02-18,R04,11,1,0,Cloudy,58
2025-02-18,R04,12,1,0,Cloudy,44
2025-02-18,R04,13,1,0,Rain,71
2025-02-18,R04,14,1,0,Clear,71
2025-02-18,R04,15,1,0,Clear,88
2025-02-18,R04,16,1,0,Clear,179
2025-02-18,R04,17,1,0,Clear,329
2025-02-18,R04,18,1,0,Clear,437
2025-02-18,R04,19,1,0,Cloudy,297
2025-02-18,R04,20,1,0,Clear,184
2025-02-18,R04,21,1,0,Clear,111
2025-02-18,R04,22,1,0,Clear,79
2025-02-18,R05,6,1,0,Cloudy,102
2025-02-18,R05,7,1,0,Cloudy,161
2025-02-18,R05,8,1,0,Cloudy,233
2025-02-18,R05,9,1,0,Cloudy,210
2025-02-18,R05,10,1,0,Cloudy,87
2025-02-18,R05,11,1,0,Clear,46
2025-02-18,R05,12,1,0,Clear,67
2025-02-18,R05,13,1,0,Clear,43
2025-02-18,R05,14,1,0,Clear,26
2025-02-18,R05,15,1,0,Clear,55
2025-02-18,R05,16,1,0,Clear,125
2025-02-18,R05,17,1,0,Cloudy,222
2025-02-18,R05,18,1,0,Clear,283
2025-02-18,R05,19,1,0,Clear,220
2025-02-18,R05,20,1,0,Rain,144
2025-02-18,R05,21,1,0,Clear,59
2025-02-18,R05,22,1,0,Cloudy,72
2025-02-18,R06,6,1,0,Clear,122
2025-02-18,R06,7,1,0,Clear,252
2025-02-18,R06,8,1,0,Cloudy,303
2025-02-18,R06,9,1,0,Clear,250
2025-02-18,R06,10,1,0,Clear,123
2025-02-18,R06,11,1,0,Cloudy,90
2025-02-18,R06,12,1,0,Cloudy,89
2025-02-18,R06,13,1,0,Clear,64
2025-02-18,R06,14,1,0,Clear,68
2025-02-18,R06,15,1,0,Cloudy,65
2025-02-18,R06,16,1,0,Clear,195
2025-02-18,R06,17,1,0,Clear,295
2025-02-18,R06,18,1,0,Clear,354
2025-02-18,R06,19,1,0,Clear,313
2025-02-18,R06,20,1,0,Clear,190
2025-02-18,R06,21,1,0,Cloudy,105
2025-02-18,R06,22,1,0,Cloudy,54
2025-02-18,R07,6,1,0,Clear,71
2025-02-18,R07,7,1,0,Rain,166
2025-02-18,R07,8,1,0,Clear,188
2025-02-18,R07,9,1,0,Clear,157
2025-02-18,R07,10,1,0,Rain,90
2025-02-18,R07,11,1,0,Clear,18
2025-02-18,R07,12,1,0,Rain,26
2025-02-18,R07,13,1,0,Clear,54
2025-02-18,R07,14,1,0,Rain,48
2025-02-18,R07,15,1,0,Clear,67
2025-02-18,R07,16,1,0,Cloudy,83
2025-02-18,R07,17,1,0,Clear,184
2025-02-18,R07,18,1,0,Clear,179
2025-02-18,R07,19,1,0,Cloudy,177
2025-02-18,R07,20,1,0,Clear,103
2025-02-18,R07,21,1,0,Clear,38
2025-02-18,R07,22,1,0,Clear,38
2025-02-18,R08,6,1,0,Clear,131
2025-02-18,R08,7,1,0,Cloudy,229
2025-02-18,R08,8,1,0,Clear,271
2025-02-18,R08,9,1,0,Clear,229
2025-02-18,R08,10,1,0,Cloudy,96
2025-02-18,R08,11,1,0,Clear,76
2025-02-18,R08,12,1,0,Clear,67
2025-02-18,R08,13,1,0,Clear,39
2025-02-18,R08,14,1,0,Clear,41
2025-02-18,R08,15,1,0,Cloudy,67
2025-02-18,R08,16,1,0,Clear,152
2025-02-18,R08,17,1,0,Cloudy,243
2025-02-18,R08,18,1,0,Clear,343
2025-02-18,R08,19,1,0,Clear,285
2025-02-18,R08,20,1,0,Cloudy,146
2025-02-18,R08,21,1,0,Rain,79
2025-02-18,R08,22,1,0,Clear,53
2025-02-19,R01,6,2,0,Clear,111
2025-02-19,R01,7,2,0,Cloudy,191
2025-02-19,R01,8,2,0,Clear,264
2025-02-19,R01,9,2,0,Rain,242
2025-02-19,R01,10,2,0,Cloudy,93
2025-02-19,R01,11,2,0,Clear,88
2025-02-19,R01,12,2,0,Clear,50
2025-02-19,R01,13,2,0,Clear,43
2025-02-19,R01,14,2,0,Cloudy,37
2025-02-19,R01,15,2,0,Clear,64
2025-02-19,R01,16,2,0,Clear,140
2025-02-19,R01,17,2,0,Cloudy,232
2025-02-19,R01,18,2,0,Cloudy,278
2025-02-19,R01,19,2,0,Cloudy,213
2025-02-19,R01,20,2,0,Clear,140
2025-02-19,R01,21,2,0,Clear,64
2025-02-19,R01,22,2,0,Cloudy,25
2025-02-19,R02,6,2,0,Clear,138
2025-02-19,R02,7,2,0,Clear,223
2025-02-19,R02,8,2,0,Cloudy,289
2025-02-19,R02,9,2,0,Clear,243
2025-02-19,R02,10,2,0,Clear,148
2025-02-19,R02,11,2,0,Clear,48
2025-02-19,R02,12,2,0,Clear,67
2025-02-19,R02,13,2,0,Clear,68
2025-02-19,R02,14,2,0,Rain,89
2025-02-19,R02,15,2,0,Clear,102
2025-02-19,R02,16,2,0,Rain,181
2025-02-19,R02,17,2,0,Rain,297
2025-02-19,R02,18,2,0,Rain,402
2025-02-19,R02,19,2,0,Clear,307
2025-02-19,R02,20,2,0,Cloudy,130
2025-02-19,R02,21,2,0,Clear,69
2025-02-19,R02,22,2,0,Clear,64
2025-02-19,R03,6,2,0,Cloudy,97
2025-02-19,R03,7,2,0,Rain,194
2025-02-19,R03,8,2,0,Clear,221
2025-02-19,R03,9,2,0,Rain,209
2025-02-19,R03,10,2,0,Cloudy,80
2025-02-19,R03,11,2,0,Clear,39
2025-02-19,R03,12,2,0,Clear,32
2025-02-19,R03,13,2,0,Cloudy,40
2025-02-19,R03,14,2,0,Clear,40
2025-02-19,R03,15,2,0,Cloudy,69
2025-02-19,R03,16,2,0,Clear,106
2025-02-19,R03,17,2,0,Cloudy,194
2025-02-19,R03,18,2,0,Cloudy,243
2025-02-19,R03,19,2,0,Rain,239
2025-02-19,R03,20,2,0,Clear,99
2025-02-19,R03,21,2,0,Clear,53
2025-02-19,R03,22,2,0,Cloudy,37
2025-02-19,R04,6,2,0,Rain,144
2025-02-19,R04,7,2,0,Cloudy,267
2025-02-19,R04,8,2,0,Clear,362
2025-02-19,R04,9,2,0,Cloudy,265
2025-02-19,R04,10,2,0,Clear,145
2025-02-19,R04,11,2,0,Clear,98
2025-02-19,R04,12,2,0,Cloudy,54
2025-02-19,R04,13,2,0,Cloudy,75
2025-02-19,R04,14,2,0,Clear,62
2025-02-19,R04,15,2,0,Clear,83
2025-02-19,R04,16,2,0,Cloudy,177
2025-02-19,R04,17,2,0,Rain,365
2025-02-19,R04,18,2,0,Clear,412
2025-02-19,R04,19,2,0,Clear,302
2025-02-19,R04,20,2,0,Cloudy,173
2025-02-19,R04,21,2,0,Clear,126
2025-02-19,R04,22,2,0,Clear,61
2025-02-19,R05,6,2,0,Cloudy,111
2025-02-19,R05,7,2,0,Cloudy,226
2025-02-19,R05,8,2,0,Clear,281
2025-02-19,R05,9,2,0,Cloudy,170
2025-02-19,R05,10,2,0,Rain,126
2025-02-19,R05,11,2,0,Clear,69
2025-02-19,R05,12,2,0,Rain,59
2025-02-19,R05,13,2,0,Cloudy,26
2025-02-19,R05,14,2,0,Clear,51
2025-02-19,R05,15,2,0,Cloudy,68
2025-02-19,R05,16,2,0,Clear,115
2025-02-19,R05,17,2,0,Clear,228
2025-02-19,R05,18,2,0,Clear,289
2025-02-19,R05,19,2,0,Cloudy,217
2025-02-19,R05,20,2,0,Clear,143
2025-02-19,R05,21,2,0,Cloudy,61
2025-02-19,R05,22,2,0,Clear,50
2025-02-19,R06,6,2,0,Clear,151
2025-02-19,R06,7,2,0,Rain,309
2025-02-19,R06,8,2,0,Cloudy,295
2025-02-19,R06,9,2,0,Cloudy,252
2025-02-19,R06,10,2,0,Rain,145
2025-02-19,R06,11,2,0,Cloudy,76
2025-02-19,R06,12,2,0,Clear,43
2025-02-19,R06,13,2,0,Cloudy,72
2025-02-19,R06,14,2,0,Cloudy,49
2025-02-19,R06,15,2,0,Clear,105
2025-02-19,R06,16,2,0,Clear,159
2025-02-19,R06,17,2,0,Clear,286
2025-02-19,R06,18,2,0,Clear,373
2025-02-19,R06,19,2,0,Clear,309
2025-02-19,R06,20,2,0,Clear,207
2025-02-19,R06,21,2,0,Clear,94
2025-02-19,R06,22,2,0,Clear,50
2025-02-19,R07,6,2,0,Clear,90
2025-02-19,R07,7,2,0,Clear,168
2025-02-19,R07,8,2,0,Clear,179
2025-02-19,R07,9,2,0,Clear,162
2025-02-19,R07,10,2,0,Clear,97
2025-02-19,R07,11,2,0,Clear,55
2025-02-19,R07,12,2,0,Cloudy,24
2025-02-19,R07,13,2,0,Clear,37
2025-02-19,R07,14,2,0,Clear,42
2025-02-19,R07,15,2,0,Clear,69
2025-02-19,R07,16,2,0,Rain,103
2025-02-19,R07,17,2,0,Clear,190
2025-02-19,R07,18,2,0,Rain,237
2025-02-19,R07,19,2,0,Cloudy,161
2025-02-19,R07,20,2,0,Cloudy,96
2025-02-19,R07,21,2,0,Cloudy,19
2025-02-19,R07,22,2,0,Clear,10
2025-02-19,R08,6,2,0,Cloudy,89
2025-02-19,R08,7,2,0,Clear,234
2025-02-19,R08,8,2,0,Clear,288
2025-02-19,R08,9,2,0,Cloudy,205
2025-02-19,R08,10,2,0,Clear,121
2025-02-19,R08,11,2,0,Cloudy,76
2025-02-19,R08,12,2,0,Clear,27
2025-02-19,R08,13,2,0,Rain,56
2025-02-19,R08,14,2,0,Clear,42
2025-02-19,R08,15,2,0,Cloudy,110
2025-02-19,R08,16,2,0,Clear,154
2025-02-19,R08,17,2,0,Cloudy,271
2025-02-19,R08,18,2,0,Clear,343
2025-02-19,R08,19,2,0,Cloudy,247
2025-02-19,R08,20,2,0,Rain,194
2025-02-19,R08,21,2,0,Clear,50
2025-02-19,R08,22,2,0,Rain,54
2025-02-20,R01,6,3,0,Clear,116
2025-02-20,R01,7,3,0,Clear,211
2025-02-20,R01,8,3,0,Clear,270
2025-02-20,R01,9,3,0,Cloudy,216
2025-02-20,R01,10,3,0,Cloudy,104
2025-02-20,R01,11,3,0,Clear,92
2025-02-20,R01,12,3,0,Rain,56
2025-02-20,R01,13,3,0,Cloudy,48
2025-02-20,R01,14,3,0,Cloudy,79
2025-02-20,R01,15,3,0,Clear,90
2025-02-20,R01,16,3,0,Clear,120
2025-02-20,R01,17,3,0,Clear,238
2025-02-20,R01,18,3,0,Cloudy,285
2025-02-20,R01,19,3,0,Cloudy,251
2025-02-20,R01,20,3,0,Clear,163
2025-02-20,R01,21,3,0,Clear,73
2025-02-20,R01,22,3,0,Clear,43
2025-02-20,R02,6,3,0,Clear,128
2025-02-20,R02,7,3,0,Clear,246
2025-02-20,R02,8,3,0,Clear,310
2025-02-20,R02,9,3,0,Clear,262
2025-02-20,R02,10,3,0,Clear,125
2025-02-20,R02,11,3,0,Clear,60
2025-02-20,R02,12,3,0,Clear,54
2025-02-20,R02,13,3,0,Clear,60
2025-02-20,R02,14,3,0,Cloudy,75
2025-02-20,R02,15,3,0,Clear,74
2025-02-20,R02,16,3,0,Cloudy,160
2025-02-20,R02,17,3,0,Clear,294
2025-02-20,R02,18,3,0,Clear,364
2025-02-20,R02,19,3,0,Clear,285
2025-02-20,R02,20,3,0,Rain,190
2025-02-20,R02,21,3,0,Clear,98
2025-02-20,R02,22,3,0,Clear,56
2025-02-20,R03,6,3,0,Clear,93
2025-02-20,R03,7,3,0,Clear,168
2025-02-20,R03,8,3,0,Clear,207
2025-02-20,R03,9,3,0,Clear,153
2025-02-20,R03,10,3,0,Cloudy,77
2025-02-20,R03,11,3,0,Cloudy,39
2025-02-20,R03,12,3,0,Clear,22
2025-02-20,R03,13,3,0,Clear,45
2025-02-20,R03,14,3,0,Cloudy,52
2025-02-20,R03,15,3,0,Clear,58
2025-02-20,R03,16,3,0,Clear,115
2025-02-20,R03,17,3,0,Clear,195
2025-02-20,R03,18,3,0,Clear,246
2025-02-20,R03,19,3,0,Clear,209
2025-02-20,R03,20,3,0,Clear,120
2025-02-20,R03,21,3,0,Clear,59
2025-02-20,R03,22,3,0,Cloudy,32
2025-02-20,R04,6,3,0,Cloudy,151
2025-02-20,R04,7,3,0,Clear,274
2025-02-20,R04,8,3,0,Clear,341
2025-02-20,R04,9,3,0,Cloudy,265
2025-02-20,R04,10,3,0,Rain,141
2025-02-20,R04,11,3,0,Clear,86
2025-02-20,R04,12,3,0,Rain,77
2025-02-20,R04,13,3,0,Clear,56
2025-02-20,R04,14,3,0,Clear,63
2025-02-20,R04,15,3,0,Clear,112
2025-02-20,R04,16,3,0,Clear,218
2025-02-20,R04,17,3,0,Clear,331
2025-02-20,R04,18,3,0,Clear,380
2025-02-20,R04,19,3,0,Rain,356
2025-02-20,R04,20,3,0,Clear,195
2025-02-20,R04,21,3,0,Rain,108
2025-02-20,R04,22,3,0,Clear,74
2025-02-20,R05,6,3,0,Cloudy,101
2025-02-20,R05,7,3,0,Clear,199
2025-02-20,R05,8,3,0,Clear,225
2025-02-20,R05,9,3,0,Cloudy,178
2025-02-20,R05,10,3,0,Clear,97
2025-02-20,R05,11,3,0,Rain,55
2025-02-20,R05,12,3,0,Clear,55
2025-02-20,R05,13,3,0,Clear,30
2025-02-20,R05,14,3,0,Clear,22
2025-02-20,R05,15,3,0,Clear,62
2025-02-20,R05,16,3,0,Clear,123
2025-02-20,R05,17,3,0,Rain,257
2025-02-20,R05,18,3,0,Clear,276
2025-02-20,R05,19,3,0,Rain,253
2025-02-20,R05,20,3,0,Clear,128
2025-02-20,R05,21,3,0,Clear,87
2025-02-20,R05,22,3,0,Clear,38
2025-02-20,R06,6,3,0,Clear,146
2025-02-20,R06,7,3,0,Clear,258
2025-02-20,R06,8,3,0,Clear,345
2025-02-20,R06,9,3,0,Clear,281
2025-02-20,R06,10,3,0,Rain,150
2025-02-20,R06,11,3,0,Clear,53
2025-02-20,R06,12,3,0,Clear,45
2025-02-20,R06,13,3,0,Cloudy,37
2025-02-20,R06,14,3,0,Clear,58
2025-02-20,R06,15,3,0,Clear,84
2025-02-20,R06,16,3,0,Cloudy,168
2025-02-20,R06,17,3,0,Cloudy,300
2025-02-20,R06,18,3,0,Cloudy,331
2025-02-20,R06,19,3,0,Clear,306
2025-02-20,R06,20,3,0,Clear,165
2025-02-20,R06,21,3,0,Clear,92
2025-02-20,R06,22,3,0,Clear,58
2025-02-20,R07,6,3,0,Rain,97
2025-02-20,R07,7,3,0,Cloudy,126
2025-02-20,R07,8,3,0,Cloudy,170
2025-02-20,R07,9,3,0,Clear,147
2025-02-20,R07,10,3,0,Clear,74
2025-02-20,R07,11,3,0,Cloudy,38
2025-02-20,R07,12,3,0,Rain,17
2025-02-20,R07,13,3,0,Rain,57
2025-02-20,R07,14,3,0,Clear,30
2025-02-20,R07,15,3,0,Cloudy,36
2025-02-20,R07,16,3,0,Clear,87
2025-02-20,R07,17,3,0,Rain,192
2025-02-20,R07,18,3,0,Cloudy,204
2025-02-20,R07,19,3,0,Clear,203
2025-02-20,R07,20,3,0,Clear,115
2025-02-20,R07,21,3,0,Clear,48
2025-02-20,R07,22,3,0,Clear,60
2025-02-20,R08,6,3,0,Clear,141
2025-02-20,R08,7,3,0,Cloudy,201
2025-02-20,R08,8,3,0,Clear,322
2025-02-20,R08,9,3,0,Cloudy,207
2025-02-20,R08,10,3,0,Rain,135
2025-02-20,R08,11,3,0,Rain,90
2025-02-20,R08,12,3,0,Cloudy,26
2025-02-20,R08,13,3,0,Cloudy,46
2025-02-20,R08,14,3,0,Clear,60
2025-02-20,R08,15,3,0,Clear,95
2025-02-20,R08,16,3,0,Cloudy,144
2025-02-20,R08,17,3,0,Clear,246
2025-02-20,R08,18,3,0,Clear,358
2025-02-20,R08,19,3,0,Cloudy,253
2025-02-20,R08,20,3,0,Clear,159
2025-02-20,R08,21,3,0,Clear,61
2025-02-20,R08,22,3,0,Clear,75
2025-02-21,R01,6,4,0,Rain,114
2025-02-21,R01,7,4,0,Cloudy,185
2025-02-21,R01,8,4,0,Clear,280
2025-02-21,R01,9,4,0,Cloudy,176
2025-02-21,R01,10,4,0,Cloudy,108
2025-02-21,R01,11,4,0,Rain,56
2025-02-21,R01,12,4,0,Clear,54
2025-02-21,R01,13,4,0,Clear,57
2025-02-21,R01,14,4,0,Rain,49
2025-02-21,R01,15,4,0,Clear,91
2025-02-21,R01,16,4,0,Clear,140
2025-02-21,R01,17,4,0,Clear,272
2025-02-21,R01,18,4,0,Clear,317
2025-02-21,R01,19,4,0,Cloudy,232
2025-02-21,R01,20,4,0,Clear,111
2025-02-21,R01,21,4,0,Rain,82
2025-02-21,R01,22,4,0,Cloudy,31
2025-02-21,R02,6,4,0,Cloudy,137
2025-02-21,R02,7,4,0,Clear,236
2025-02-21,R02,8,4,0,Clear,316
2025-02-21,R02,9,4,0,Clear,271
2025-02-21,R02,10,4,0,Clear,148
2025-02-21,R02,11,4,0,Clear,58
2025-02-21,R02,12,4,0,Clear,57
2025-02-21,R02,13,4,0,Cloudy,57
2025-02-21,R02,14,4,0,Clear,80
2025-02-21,R02,15,4,0,Clear,104
2025-02-21,R02,16,4,0,Clear,174
2025-02-21,R02,17,4,0,Rain,325
2025-02-21,R02,18,4,0,Clear,356
2025-02-21,R02,19,4,0,Cloudy,276
2025-02-21,R02,20,4,0,Rain,179
2025-02-21,R02,21,4,0,Clear,98
2025-02-21,R02,22,4,0,Rain,74
2025-02-21,R03,6,4,0,Cloudy,99
2025-02-21,R03,7,4,0,Cloudy,174
2025-02-21,R03,8,4,0,Clear,244
2025-02-21,R03,9,4,0,Rain,178
2025-02-21,R03,10,4,0,Clear,61
2025-02-21,R03,11,4,0,Clear,40
2025-02-21,R03,12,4,0,Cloudy,41
2025-02-21,R03,13,4,0,Cloudy,33
2025-02-21,R03,14,4,0,Clear,38
2025-02-21,R03,15,4,0,Clear,50
2025-02-21,R03,16,4,0,Cloudy,114
2025-02-21,R03,17,4,0,Clear,178
2025-02-21,R03,18,4,0,Rain,280
2025-02-21,R03,19,4,0,Cloudy,197
2025-02-21,R03,20,4,0,Cloudy,122
2025-02-21,R03,21,4,0,Cloudy,100
2025-02-21,R03,22,4,0,Clear,11
2025-02-21,R04,6,4,0,Clear,156
2025-02-21,R04,7,4,0,Clear,290
2025-02-21,R04,8,4,0,Cloudy,327
2025-02-21,R04,9,4,0,Clear,277
2025-02-21,R04,10,4,0,Clear,142
2025-02-21,R04,11,4,0,Cloudy,85
2025-02-21,R04,12,4,0,Clear,81
2025-02-21,R04,13,4,0,Rain,55
2025-02-21,R04,14,4,0,Clear,75
2025-02-21,R04,15,4,0,Cloudy,112
2025-02-21,R04,16,4,0,Cloudy,170
2025-02-21,R04,17,4,0,Clear,298
2025-02-21,R04,18,4,0,Cloudy,371
2025-02-21,R04,19,4,0,Clear,318
2025-02-21,R04,20,4,0,Cloudy,167
2025-02-21,R04,21,4,0,Cloudy,119
2025-02-21,R04,22,4,0,Clear,99
2025-02-21,R05,6,4,0,Clear,126
2025-02-21,R05,7,4,0,Clear,193
2025-02-21,R05,8,4,0,Cloudy,259
2025-02-21,R05,9,4,0,Clear,168
2025-02-21,R05,10,4,0,Cloudy,84
2025-02-21,R05,11,4,0,Clear,69
2025-02-21,R05,12,4,0,Clear,38
2025-02-21,R05,13,4,0,Clear,29
2025-02-21,R05,14,4,0,Cloudy,51
2025-02-21,R05,15,4,0,Rain,83
2025-02-21,R05,16,4,0,Cloudy,133
2025-02-21,R05,17,4,0,Clear,242
2025-02-21,R05,18,4,0,Clear,291
2025-02-21,R05,19,4,0,Rain,255
2025-02-21,R05,20,4,0,Clear,135
2025-02-21,R05,21,4,0,Rain,89
2025-02-21,R05,22,4,0,Clear,53
2025-02-21,R06,6,4,0,Clear,132
2025-02-21,R06,7,4,0,Clear,249
2025-02-21,R06,8,4,0,Clear,333
2025-02-21,R06,9,4,0,Cloudy,262
2025-02-21,R06,10,4,0,Clear,147
2025-02-21,R06,11,4,0,Clear,95
2025-02-21,R06,12,4,0,Rain,62
2025-02-21,R06,13,4,0,Rain,68
2025-02-21,R06,14,4,0,Clear,69
2025-02-21,R06,15,4,0,Clear,104
2025-02-21,R06,16,4,0,Clear,172
2025-02-21,R06,17,4,0,Clear,316
2025-02-21,R06,18,4,0,Clear,395
2025-02-21,R06,19,4,0,Clear,306
2025-02-21,R06,20,4,0,Clear,164
2025-02-21,R06,21,4,0,Clear,110
2025-02-21,R06,22,4,0,Clear,75
2025-02-21,R07,6,4,0,Cloudy,56
2025-02-21,R07,7,4,0,Clear,149
2025-02-21,R07,8,4,0,Clear,218
2025-02-21,R07,9,4,0,Clear,157
2025-02-21,R07,10,4,0,Rain,88
2025-02-21,R07,11,4,0,Clear,30
2025-02-21,R07,12,4,0,Cloudy,20
2025-02-21,R07,13,4,0,Cloudy,43
2025-02-21,R07,14,4,0,Clear,25
2025-02-21,R07,15,4,0,Cloudy,55
2025-02-21,R07,16,4,0,Cloudy,94
2025-02-21,R07,17,4,0,Clear,181
2025-02-21,R07,18,4,0,Cloudy,202
2025-02-21,R07,19,4,0,Rain,201
2025-02-21,R07,20,4,0,Cloudy,109
2025-02-21,R07,21,4,0,Clear,51
2025-02-21,R07,22,4,0,Clear,50
2025-02-21,R08,6,4,0,Clear,142
2025-02-21,R08,7,4,0,Cloudy,219
2025-02-21,R08,8,4,0,Clear,303
2025-02-21,R08,9,4,0,Clear,212
2025-02-21,R08,10,4,0,Clear,120
2025-02-21,R08,11,4,0,Clear,46
2025-02-21,R08,12,4,0,Cloudy,44
2025-02-21,R08,13,4,0,Rain,56
2025-02-21,R08,14,4,0,Clear,85
2025-02-21,R08,15,4,0,Clear,71
2025-02-21,R08,16,4,0,Cloudy,146
2025-02-21,R08,17,4,0,Clear,258
2025-02-21,R08,18,4,0,Clear,330
2025-02-21,R08,19,4,0,Rain,304
2025-02-21,R08,20,4,0,Clear,164
2025-02-21,R08,21,4,0,Clear,77
2025-02-21,R08,22,4,0,Clear,49
2025-02-22,R01,6,5,1,Clear,39
2025-02-22,R01,7,5,1,Cloudy,155
2025-02-22,R01,8,5,1,Clear,175
2025-02-22,R01,9,5,1,Cloudy,105
2025-02-22,R01,10,5,1,Clear,93
2025-02-22,R01,11,5,1,Cloudy,14
2025-02-22,R01,12,5,1,Clear,51
2025-02-22,R01,13,5,1,Clear,12
2025-02-22,R01,14,5,1,Cloudy,15
2025-02-22,R01,15,5,1,Clear,36
2025-02-22,R01,16,5,1,Clear,89
2025-02-22,R01,17,5,1,Cloudy,175
2025-02-22,R01,18,5,1,Clear,191
2025-02-22,R01,19,5,1,Clear,174
2025-02-22,R01,20,5,1,Clear,100
2025-02-22,R01,21,5,1,Clear,52
2025-02-22,R01,22,5,1,Rain,54
2025-02-22,R02,6,5,1,Cloudy,86
2025-02-22,R02,7,5,1,Cloudy,160
2025-02-22,R02,8,5,1,Clear,224
2025-02-22,R02,9,5,1,Cloudy,151
2025-02-22,R02,10,5,1,Rain,98
2025-02-22,R02,11,5,1,Clear,53
2025-02-22,R02,12,5,1,Clear,52
2025-02-22,R02,13,5,1,Clear,37
2025-02-22,R02,14,5,1,Cloudy,39
2025-02-22,R02,15,5,1,Rain,72
2025-02-22,R02,16,5,1,Rain,123
2025-02-22,R02,17,5,1,Clear,188
2025-02-22,R02,18,5,1,Clear,253
2025-02-22,R02,19,5,1,Clear,200
2025-02-22,R02,20,5,1,Cloudy,101
2025-02-22,R02,21,5,1,Clear,45
2025-02-22,R02,22,5,1,Clear,17
2025-02-22,R03,6,5,1,Clear,69
2025-02-22,R03,7,5,1,Cloudy,99
2025-02-22,R03,8,5,1,Clear,128
2025-02-22,R03,9,5,1,Clear,104
2025-02-22,R03,10,5,1,Clear,66
2025-02-22,R03,11,5,1,Rain,27
2025-02-22,R03,12,5,1,Clear,32
2025-02-22,R03,13,5,1,Clear,19
2025-02-22,R03,14,5,1,Cloudy,27
2025-02-22,R03,15,5,1,Clear,43
2025-02-22,R03,16,5,1,Cloudy,84
2025-02-22,R03,17,5,1,Rain,161
2025-02-22,R03,18,5,1,Cloudy,159
2025-02-22,R03,19,5,1,Cloudy,116
2025-02-22,R03,20,5,1,Clear,95
2025-02-22,R03,21,5,1,Cloudy,33
2025-02-22,R03,22,5,1,Clear,10
2025-02-22,R04,6,5,1,Cloudy,100
2025-02-22,R04,7,5,1,Clear,195
2025-02-22,R04,8,5,1,Clear,239
2025-02-22,R04,9,5,1,Rain,190
2025-02-22,R04,10,5,1,Clear,79
2025-02-22,R04,11,5,1,Clear,52
2025-02-22,R04,12,5,1,Cloudy,28
2025-02-22,R04,13,5,1,Cloudy,54
2025-02-22,R04,14,5,1,Cloudy,40
2025-02-22,R04,15,5,1,Cloudy,58
2025-02-22,R04,16,5,1,Cloudy,148
2025-02-22,R04,17,5,1,Cloudy,182
2025-02-22,R04,18,5,1,Cloudy,261
2025-02-22,R04,19,5,1,Clear,201
2025-02-22,R04,20,5,1,Clear,148
2025-02-22,R04,21,5,1,Cloudy,43
2025-02-22,R04,22,5,1,Cloudy,50
2025-02-22,R05,6,5,1,Rain,82
2025-02-22,R05,7,5,1,Clear,110
2025-02-22,R05,8,5,1,Clear,177
2025-02-22,R05,9,5,1,Clear,127
2025-02-22,R05,10,5,1,Clear,80
2025-02-22,R05,11,5,1,Cloudy,29
2025-02-22,R05,12,5,1,Clear,37
2025-02-22,R05,13,5,1,Cloudy,27
2025-02-22,R05,14,5,1,Clear,39
2025-02-22,R05,15,5,1,Rain,60
2025-02-22,R05,16,5,1,Clear,88
2025-02-22,R05,17,5,1,Clear,154
2025-02-22,R05,18,5,1,Cloudy,191
2025-02-22,R05,19,5,1,Cloudy,142
2025-02-22,R05,20,5,1,Clear,88
2025-02-22,R05,21,5,1,Cloudy,66
2025-02-22,R05,22,5,1,Clear,34
2025-02-22,R06,6,5,1,Cloudy,99
2025-02-22,R06,7,5,1,Cloudy,157
2025-02-22,R06,8,5,1,Clear,231
2025-02-22,R06,9,5,1,Cloudy,164
2025-02-22,R06,10,5,1,Rain,99
2025-02-22,R06,11,5,1,Cloudy,23
2025-02-22,R06,12,5,1,Clear,28
2025-02-22,R06,13,5,1,Rain,10
2025-02-22,R06,14,5,1,Rain,21
2025-02-22,R06,15,5,1,Rain,96
2025-02-22,R06,16,5,1,Cloudy,111
2025-02-22,R06,17,5,1,Clear,209
2025-02-22,R06,18,5,1,Rain,295
2025-02-22,R06,19,5,1,Rain,234
2025-02-22,R06,20,5,1,Cloudy,108
2025-02-22,R06,21,5,1,Cloudy,54
2025-02-22,R06,22,5,1,Clear,29
2025-02-22,R07,6,5,1,Clear,61
2025-02-22,R07,7,5,1,Clear,109
2025-02-22,R07,8,5,1,Rain,144
2025-02-22,R07,9,5,1,Rain,110
2025-02-22,R07,10,5,1,Clear,61
2025-02-22,R07,11,5,1,Clear,15
2025-02-22,R07,12,5,1,Clear,29
2025-02-22,R07,13,5,1,Rain,48
2025-02-22,R07,14,5,1,Clear,16
2025-02-22,R07,15,5,1,Rain,37
2025-02-22,R07,16,5,1,Cloudy,82
2025-02-22,R07,17,5,1,Cloudy,114
2025-02-22,R07,18,5,1,Clear,159
2025-02-22,R07,19,5,1,Clear,126
2025-02-22,R07,20,5,1,Clear,76
2025-02-22,R07,21,5,1,Clear,27
2025-02-22,R07,22,5,1,Clear,15
2025-02-22,R08,6,5,1,Cloudy,87
2025-02-22,R08,7,5,1,Clear,136
2025-02-22,R08,8,5,1,Clear,196
2025-02-22,R08,9,5,1,Clear,140
2025-02-22,R08,10,5,1,Rain,98
2025-02-22,R08,11,5,1,Cloudy,39
2025-02-22,R08,12,5,1,Cloudy,32
2025-02-22,R08,13,5,1,Clear,58
2025-02-22,R08,14,5,1,Rain,55
2025-02-22,R08,15,5,1,Clear,75
2025-02-22,R08,16,5,1,Clear,139
2025-02-22,R08,17,5,1,Cloudy,191
2025-02-22,R08,18,5,1,Clear,220
2025-02-22,R08,19,5,1,Cloudy,161
2025-02-22,R08,20,5,1,Clear,99
2025-02-22,R08,21,5,1,Cloudy,59
2025-02-22,R08,22,5,1,Cloudy,32
2025-02-23,R01,6,6,1,Cloudy,62
2025-02-23,R01,7,6,1,Rain,177
2025-02-23,R01,8,6,1,Cloudy,165
2025-02-23,R01,9,6,1,Clear,148
2025-02-23,R01,10,6,1,Clear,81
2025-02-23,R01,11,6,1,Clear,16
2025-02-23,R01,12,6,1,Cloudy,51
2025-02-23,R01,13,6,1,Clear,17
2025-02-23,R01,14,6,1,Rain,19
2025-02-23,R01,15,6,1,Clear,44
2025-02-23,R01,16,6,1,Cloudy,78
2025-02-23,R01,17,6,1,Clear,185
2025-02-23,R01,18,6,1,Clear,209
2025-02-23,R01,19,6,1,Cloudy,149
2025-02-23,R01,20,6,1,Clear,75
2025-02-23,R01,21,6,1,Clear,56
2025-02-23,R01,22,6,1,Cloudy,29
2025-02-23,R02,6,6,1,Rain,65
2025-02-23,R02,7,6,1,Rain,191
2025-02-23,R02,8,6,1,Cloudy,204
2025-02-23,R02,9,6,1,Cloudy,146
2025-02-23,R02,10,6,1,Clear,98
2025-02-23,R02,11,6,1,Cloudy,28
2025-02-23,R02,12,6,1,Clear,35
2025-02-23,R02,13,6,1,Cloudy,33
2025-02-23,R02,14,6,1,Clear,41
2025-02-23,R02,15,6,1,Cloudy,38
2025-02-23,R02,16,6,1,Cloudy,123
2025-02-23,R02,17,6,1,Clear,186
2025-02-23,R02,18,6,1,Clear,219
2025-02-23,R02,19,6,1,Rain,221
2025-02-23,R02,20,6,1,Clear,140
2025-02-23,R02,21,6,1,Clear,34
2025-02-23,R02,22,6,1,Clear,28
2025-02-23,R03,6,6,1,Rain,80
2025-02-23,R03,7,6,1,Clear,116
2025-02-23,R03,8,6,1,Cloudy,122
2025-02-23,R03,9,6,1,Cloudy,106
2025-02-23,R03,10,6,1,Clear,84
2025-02-23,R03,11,6,1,Clear,52
2025-02-23,R03,12,6,1,Clear,65
2025-02-23,R03,13,6,1,Clear,36
2025-02-23,R03,14,6,1,Clear,22
2025-02-23,R03,15,6,1,Rain,57
2025-02-23,R03,16,6,1,Clear,69
2025-02-23,R03,17,6,1,Clear,135
2025-02-23,R03,18,6,1,Cloudy,149
2025-02-23,R03,19,6,1,Rain,161
2025-02-23,R03,20,6,1,Clear,87
2025-02-23,R03,21,6,1,Clear,33
2025-02-23,R03,22,6,1,Cloudy,43
2025-02-23,R04,6,6,1,Rain,132
2025-02-23,R04,7,6,1,Cloudy,172
2025-02-23,R04,8,6,1,Cloudy,235
2025-02-23,R04,9,6,1,Clear,212
2025-02-23,R04,10,6,1,Clear,106
2025-02-23,R04,11,6,1,Rain,57
2025-02-23,R04,12,6,1,Clear,43
2025-02-23,R04,13,6,1,Clear,37
2025-02-23,R04,14,6,1,Clear,63
2025-02-23,R04,15,6,1,Clear,82
2025-02-23,R04,16,6,1,Clear,160
2025-02-23,R04,17,6,1,Rain,238
2025-02-23,R04,18,6,1,Cloudy,253
2025-02-23,R04,19,6,1,Clear,206
2025-02-23,R04,20,6,1,Clear,137
2025-02-23,R04,21,6,1,Cloudy,48
2025-02-23,R04,22,6,1,Cloudy,74
2025-02-23,R05,6,6,1,Clear,60
2025-02-23,R05,7,6,1,Clear,165
2025-02-23,R05,8,6,1,Rain,150
2025-02-23,R05,9,6,1,Cloudy,100
2025-02-23,R05,10,6,1,Clear,56
2025-02-23,R05,11,6,1,Cloudy,41
2025-02-23,R05,12,6,1,Cloudy,28
2025-02-23,R05,13,6,1,Clear,19
2025-02-23,R05,14,6,1,Cloudy,29
2025-02-23,R05,15,6,1,Cloudy,36
2025-02-23,R05,16,6,1,Rain,107
2025-02-23,R05,17,6,1,Clear,144
2025-02-23,R05,18,6,1,Rain,217
2025-02-23,R05,19,6,1,Clear,161
2025-02-23,R05,20,6,1,Clear,90
2025-02-23,R05,21,6,1,Rain,58
2025-02-23,R05,22,6,1,Clear,31
2025-02-23,R06,6,6,1,Clear,104
2025-02-23,R06,7,6,1,Clear,176
2025-02-23,R06,8,6,1,Clear,243
2025-02-23,R06,9,6,1,Cloudy,168
2025-02-23,R06,10,6,1,Clear,110
2025-02-23,R06,11,6,1,Clear,43
2025-02-23,R06,12,6,1,Clear,28
2025-02-23,R06,13,6,1,Cloudy,48
2025-02-23,R06,14,6,1,Cloudy,41
2025-02-23,R06,15,6,1,Clear,33
2025-02-23,R06,16,6,1,Clear,109
2025-02-23,R06,17,6,1,Clear,213
2025-02-23,R06,18,6,1,Cloudy,240
2025-02-23,R06,19,6,1,Clear,198
2025-02-23,R06,20,6,1,Cloudy,112
2025-02-23,R06,21,6,1,Cloudy,60
2025-02-23,R06,22,6,1,Cloudy,18
2025-02-23,R07,6,6,1,Clear,69
2025-02-23,R07,7,6,1,Cloudy,114
2025-02-23,R07,8,6,1,Cloudy,112
2025-02-23,R07,9,6,1,Clear,128
2025-02-23,R07,10,6,1,Cloudy,49
2025-02-23,R07,11,6,1,Clear,21
2025-02-23,R07,12,6,1,Clear,14
2025-02-23,R07,13,6,1,Clear,49
2025-02-23,R07,14,6,1,Clear,11
2025-02-23,R07,15,6,1,Clear,38
2025-02-23,R07,16,6,1,Rain,79
2025-02-23,R07,17,6,1,Clear,130
2025-02-23,R07,18,6,1,Clear,149
2025-02-23,R07,19,6,1,Rain,156
2025-02-23,R07,20,6,1,Cloudy,92
2025-02-23,R07,21,6,1,Clear,56
2025-02-23,R07,22,6,1,Rain,33
2025-02-23,R08,6,6,1,Clear,95
2025-02-23,R08,7,6,1,Clear,151
2025-02-23,R08,8,6,1,Clear,215
2025-02-23,R08,9,6,1,Clear,147
2025-02-23,R08,10,6,1,Clear,70
2025-02-23,R08,11,6,1,Clear,32
2025-02-23,R08,12,6,1,Cloudy,42
2025-02-23,R08,13,6,1,Clear,57
2025-02-23,R08,14,6,1,Clear,62
2025-02-23,R08,15,6,1,Clear,26
2025-02-23,R08,16,6,1,Cloudy,113
2025-02-23,R08,17,6,1,Clear,170
2025-02-23,R08,18,6,1,Cloudy,246
2025-02-23,R08,19,6,1,Clear,166
2025-02-23,R08,20,6,1,Clear,82
2025-02-23,R08,21,6,1,Cloudy,66
2025-02-23,R08,22,6,1,Clear,33
2025-02-24,R01,6,0,0,Clear,104
2025-02-24,R01,7,0,0,Clear,197
2025-02-24,R01,8,0,0,Clear,257
2025-02-24,R01,9,0,0,Rain,243
2025-02-24,R01,10,0,0,Clear,98
2025-02-24,R01,11,0,0,Cloudy,55
2025-02-24,R01,12,0,0,Clear,34
2025-02-24,R01,13,0,0,Cloudy,46
2025-02-24,R01,14,0,0,Cloudy,42
2025-02-24,R01,15,0,0,Clear,80
2025-02-24,R01,16,0,0,Cloudy,141
2025-02-24,R01,17,0,0,Cloudy,253
2025-02-24,R01,18,0,0,Clear,335
2025-02-24,R01,19,0,0,Clear,237
2025-02-24,R01,20,0,0,Cloudy,142
2025-02-24,R01,21,0,0,Cloudy,63
2025-02-24,R01,22,0,0,Clear,59
2025-02-24,R02,6,0,0,Cloudy,130
2025-02-24,R02,7,0,0,Clear,252
2025-02-24,R02,8,0,0,Clear,325
2025-02-24,R02,9,0,0,Cloudy,233
2025-02-24,R02,10,0,0,Clear,125
2025-02-24,R02,11,0,0,Cloudy,69
2025-02-24,R02,12,0,0,Clear,88
2025-02-24,R02,13,0,0,Clear,48
2025-02-24,R02,14,0,0,Clear,57
2025-02-24,R02,15,0,0,Clear,77
2025-02-24,R02,16,0,0,Clear,141
2025-02-24,R02,17,0,0,Cloudy,272
2025-02-24,R02,18,0,0,Clear,366
2025-02-24,R02,19,0,0,Cloudy,260
2025-02-24,R02,20,0,0,Cloudy,176
2025-02-24,R02,21,0,0,Clear,93
2025-02-24,R02,22,0,0,Clear,76
2025-02-24,R03,6,0,0,Clear,95
2025-02-24,R03,7,0,0,Clear,168
2025-02-24,R03,8,0,0,Clear,213
2025-02-24,R03,9,0,0,Clear,174
2025-02-24,R03,10,0,0,Rain,105
2025-02-24,R03,11,0,0,Clear,43
2025-02-24,R03,12,0,0,Clear,37
2025-02-24,R03,13,0,0,Clear,66
2025-02-24,R03,14,0,0,Clear,44
2025-02-24,R03,15,0,0,Cloudy,60
2025-02-24,R03,16,0,0,Clear,138
2025-02-24,R03,17,0,0,Clear,207
2025-02-24,R03,18,0,0,Clear,248
2025-02-24,R03,19,0,0,Clear,216
2025-02-24,R03,20,0,0,Clear,126
2025-02-24,R03,21,0,0,Rain,70
2025-02-24,R03,22,0,0,Cloudy,44
2025-02-24,R04,6,0,0,Clear,146
2025-02-24,R04,7,0,0,Rain,293
2025-02-24,R04,8,0,0,Cloudy,346
2025-02-24,R04,9,0,0,Cloudy,243
2025-02-24,R04,10,0,0,Cloudy,126
2025-02-24,R04,11,0,0,Clear,79
2025-02-24,R04,12,0,0,Cloudy,57
2025-02-24,R04,13,0,0,Cloudy,70
2025-02-24,R04,14,0,0,Cloudy,79
2025-02-24,R04,15,0,0,Cloudy,124
2025-02-24,R04,16,0,0,Clear,168
2025-02-24,R04,17,0,0,Cloudy,319
2025-02-24,R04,18,0,0,Clear,414
2025-02-24,R04,19,0,0,Clear,336
2025-02-24,R04,20,0,0,Cloudy,187
2025-02-24,R04,21,0,0,Clear,111
2025-02-24,R04,22,0,0,Cloudy,86
2025-02-24,R05,6,0,0,Clear,110
2025-02-24,R05,7,0,0,Cloudy,210
2025-02-24,R05,8,0,0,Clear,257
2025-02-24,R05,9,0,0,Rain,211
2025-02-24,R05,10,0,0,Clear,109
2025-02-24,R05,11,0,0,Clear,46
2025-02-24,R05,12,0,0,Cloudy,33
2025-02-24,R05,13,0,0,Rain,48
2025-02-24,R05,14,0,0,Cloudy,42
2025-02-24,R05,15,0,0,Clear,90
2025-02-24,R05,16,0,0,Rain,145
2025-02-24,R05,17,0,0,Cloudy,206
2025-02-24,R05,18,0,0,Cloudy,271
2025-02-24,R05,19,0,0,Clear,238
2025-02-24,R05,20,0,0,Clear,136
2025-02-24,R05,21,0,0,Clear,56
2025-02-24,R05,22,0,0,Clear,70
2025-02-24,R06,6,0,0,Clear,115
2025-02-24,R06,7,0,0,Clear,262
2025-02-24,R06,8,0,0,Cloudy,298
2025-02-24,R06,9,0,0,Cloudy,259
2025-02-24,R06,10,0,0,Clear,145
2025-02-24,R06,11,0,0,Rain,88
2025-02-24,R06,12,0,0,Clear,58
2025-02-24,R06,13,0,0,Rain,85
2025-02-24,R06,14,0,0,Cloudy,58
2025-02-24,R06,15,0,0,Clear,119
2025-02-24,R06,16,0,0,Cloudy,154
2025-02-24,R06,17,0,0,Cloudy,290
2025-02-24,R06,18,0,0,Clear,389
2025-02-24,R06,19,0,0,Rain,346
2025-02-24,R06,20,0,0,Clear,176
2025-02-24,R06,21,0,0,Cloudy,65
2025-02-24,R06,22,0,0,Cloudy,64
2025-02-24,R07,6,0,0,Clear,75
2025-02-24,R07,7,0,0,Rain,157
2025-02-24,R07,8,0,0,Cloudy,192
2025-02-24,R07,9,0,0,Cloudy,116
2025-02-24,R07,10,0,0,Cloudy,75
2025-02-24,R07,11,0,0,Clear,10
2025-02-24,R07,12,0,0,Clear,43
2025-02-24,R07,13,0,0,Cloudy,44
2025-02-24,R07,14,0,0,Cloudy,38
2025-02-24,R07,15,0,0,Cloudy,44
2025-02-24,R07,16,0,0,Clear,121
2025-02-24,R07,17,0,0,Cloudy,187
2025-02-24,R07,18,0,0,Cloudy,210
2025-02-24,R07,19,0,0,Rain,218
2025-02-24,R07,20,0,0,Cloudy,84
2025-02-24,R07,21,0,0,Clear,52
2025-02-24,R07,22,0,0,Clear,10
2025-02-24,R08,6,0,0,Clear,107
2025-02-24,R08,7,0,0,Cloudy,199
2025-02-24,R08,8,0,0,Clear,300
2025-02-24,R08,9,0,0,Cloudy,201
2025-02-24,R08,10,0,0,Clear,97
2025-02-24,R08,11,0,0,Rain,64
2025-02-24,R08,12,0,0,Clear,46
2025-02-24,R08,13,0,0,Rain,40
2025-02-24,R08,14,0,0,Clear,58
2025-02-24,R08,15,0,0,Clear,85
2025-02-24,R08,16,0,0,Cloudy,125
2025-02-24,R08,17,0,0,Clear,281
2025-02-24,R08,18,0,0,Clear,321
2025-02-24,R08,19,0,0,Clear,263
2025-02-24,R08,20,0,0,Clear,162
2025-02-24,R08,21,0,0,Clear,74
2025-02-24,R08,22,0,0,Clear,42
2025-02-25,R01,6,1,0,Clear,112
2025-02-25,R01,7,1,0,Clear,223
2025-02-25,R01,8,1,0,Rain,306
2025-02-25,R01,9,1,0,Clear,199
2025-02-25,R01,10,1,0,Clear,98
2025-02-25,R01,11,1,0,Rain,56
2025-02-25,R01,12,1,0,Rain,67
2025-02-25,R01,13,1,0,Rain,42
2025-02-25,R01,14,1,0,Clear,74
2025-02-25,R01,15,1,0,Cloudy,76
2025-02-25,R01,16,1,0,Clear,140
2025-02-25,R01,17,1,0,Clear,237
2025-02-25,R01,18,1,0,Clear,304
2025-02-25,R01,19,1,0,Clear,231
2025-02-25,R01,20,1,0,Cloudy,112
2025-02-25,R01,21,1,0,Cloudy,76
2025-02-25,R01,22,1,0,Cloudy,48
2025-02-25,R02,6,1,0,Cloudy,133
2025-02-25,R02,7,1,0,Rain,274
2025-02-25,R02,8,1,0,Clear,305
2025-02-25,R02,9,1,0,Clear,259
2025-02-25,R02,10,1,0,Cloudy,115
2025-02-25,R02,11,1,0,Cloudy,85
2025-02-25,R02,12,1,0,Clear,49
2025-02-25,R02,13,1,0,Cloudy,34
2025-02-25,R02,14,1,0,Clear,81
2025-02-25,R02,15,1,0,Clear,79
2025-02-25,R02,16,1,0,Clear,159
2025-02-25,R02,17,1,0,Cloudy,255
2025-02-25,R02,18,1,0,Clear,355
2025-02-25,R02,19,1,0,Clear,274
2025-02-25,R02,20,1,0,Clear,186
2025-02-25,R02,21,1,0,Cloudy,76
2025-02-25,R02,22,1,0,Cloudy,45
2025-02-25,R03,6,1,0,Cloudy,86
2025-02-25,R03,7,1,0,Clear,203
2025-02-25,R03,8,1,0,Cloudy,206
2025-02-25,R03,9,1,0,Clear,167
2025-02-25,R03,10,1,0,Cloudy,85
2025-02-25,R03,11,1,0,Clear,61
2025-02-25,R03,12,1,0,Cloudy,47
2025-02-25,R03,13,1,0,Clear,42
2025-02-25,R03,14,1,0,Clear,56
2025-02-25,R03,15,1,0,Cloudy,58
2025-02-25,R03,16,1,0,Cloudy,106
2025-02-25,R03,17,1,0,Rain,222
2025-02-25,R03,18,1,0,Clear,240
2025-02-25,R03,19,1,0,Rain,234
2025-02-25,R03,20,1,0,Cloudy,100
2025-02-25,R03,21,1,0,Clear,34
2025-02-25,R03,22,1,0,Cloudy,19
2025-02-25,R04,6,1,0,Rain,169
2025-02-25,R04,7,1,0,Rain,298
2025-02-25,R04,8,1,0,Clear,370
2025-02-25,R04,9,1,0,Clear,280
2025-02-25,R04,10,1,0,Clear,161
2025-02-25,R04,11,1,0,Clear,56
2025-02-25,R04,12,1,0,Clear,57
2025-02-25,R04,13,1,0,Clear,51
2025-02-25,R04,14,1,0,Rain,112
2025-02-25,R04,15,1,0,Clear,93
2025-02-25,R04,16,1,0,Clear,170
2025-02-25,R04,17,1,0,Clear,337
2025-02-25,R04,18,1,0,Clear,394
2025-02-25,R04,19,1,0,Cloudy,325
2025-02-25,R04,20,1,0,Cloudy,195
2025-02-25,R04,21,1,0,Rain,97
2025-02-25,R04,22,1,0,Cloudy,90
2025-02-25,R05,6,1,0,Rain,106
2025-02-25,R05,7,1,0,Clear,201
2025-02-25,R05,8,1,0,Cloudy,251
2025-02-25,R05,9,1,0,Clear,202
2025-02-25,R05,10,1,0,Clear,99
2025-02-25,R05,11,1,0,Clear,39
2025-02-25,R05,12,1,0,Clear,70
2025-02-25,R05,13,1,0,Clear,50
2025-02-25,R05,14,1,0,Clear,76
2025-02-25,R05,15,1,0,Clear,46
2025-02-25,R05,16,1,0,Rain,154
2025-02-25,R05,17,1,0,Cloudy,245
2025-02-25,R05,18,1,0,Clear,276
2025-02-25,R05,19,1,0,Clear,223
2025-02-25,R05,20,1,0,Cloudy,123
2025-02-25,R05,21,1,0,Clear,58
2025-02-25,R05,22,1,0,Clear,27
2025-02-25,R06,6,1,0,Clear,129
2025-02-25,R06,7,1,0,Cloudy,251
2025-02-25,R06,8,1,0,Clear,316
2025-02-25,R06,9,1,0,Cloudy,229
2025-02-25,R06,10,1,0,Clear,130
2025-02-25,R06,11,1,0,Rain,69
2025-02-25,R06,12,1,0,Clear,53
2025-02-25,R06,13,1,0,Clear,57
2025-02-25,R06,14,1,0,Cloudy,45
2025-02-25,R06,15,1,0,Clear,84
2025-02-25,R06,16,1,0,Clear,175
2025-02-25,R06,17,1,0,Cloudy,277
2025-02-25,R06,18,1,0,Rain,398
2025-02-25,R06,19,1,0,Clear,297
2025-02-25,R06,20,1,0,Clear,171
2025-02-25,R06,21,1,0,Clear,69
2025-02-25,R06,22,1,0,Clear,72
2025-02-25,R07,6,1,0,Clear,75
2025-02-25,R07,7,1,0,Clear,139
2025-02-25,R07,8,1,0,Rain,190
2025-02-25,R07,9,1,0,Clear,155
2025-02-25,R07,10,1,0,Clear,96
2025-02-25,R07,11,1,0,Cloudy,32
2025-02-25,R07,12,1,0,Cloudy,59
2025-02-25,R07,13,1,0,Cloudy,31
2025-02-25,R07,14,1,0,Cloudy,34
2025-02-25,R07,15,1,0,Cloudy,61
2025-02-25,R07,16,1,0,Clear,107
2025-02-25,R07,17,1,0,Cloudy,150
2025-02-25,R07,18,1,0,Rain,231
2025-02-25,R07,19,1,0,Cloudy,180
2025-02-25,R07,20,1,0,Rain,118
2025-02-25,R07,21,1,0,Clear,79
2025-02-25,R07,22,1,0,Clear,41
2025-02-25,R08,6,1,0,Rain,141
2025-02-25,R08,7,1,0,Clear,218
2025-02-25,R08,8,1,0,Clear,308
2025-02-25,R08,9,1,0,Cloudy,185
2025-02-25,R08,10,1,0,Clear,123
2025-02-25,R08,11,1,0,Cloudy,70
2025-02-25,R08,12,1,0,Clear,56
2025-02-25,R08,13,1,0,Cloudy,48
2025-02-25,R08,14,1,0,Rain,59
2025-02-25,R08,15,1,0,Clear,80
2025-02-25,R08,16,1,0,Clear,140
2025-02-25,R08,17,1,0,Clear,274
2025-02-25,R08,18,1,0,Clear,322
2025-02-25,R08,19,1,0,Clear,262
2025-02-25,R08,20,1,0,Rain,154
2025-02-25,R08,21,1,0,Cloudy,116
2025-02-25,R08,22,1,0,Clear,59
2025-02-26,R01,6,2,0,Clear,92
2025-02-26,R01,7,2,0,Clear,209
2025-02-26,R01,8,2,0,Cloudy,266
2025-02-26,R01,9,2,0,Clear,211
2025-02-26,R01,10,2,0,Clear,109
2025-02-26,R01,11,2,0,Rain,55
2025-02-26,R01,12,2,0,Clear,51
2025-02-26,R01,13,2,0,Cloudy,54
2025-02-26,R01,14,2,0,Rain,66
2025-02-26,R01,15,2,0,Clear,75
2025-02-26,R01,16,2,0,Clear,143
2025-02-26,R01,17,2,0,Rain,289
2025-02-26,R01,18,2,0,Clear,319
2025-02-26,R01,19,2,0,Cloudy,228
2025-02-26,R01,20,2,0,Rain,180
2025-02-26,R01,21,2,0,Clear,55
2025-02-26,R01,22,2,0,Rain,59
2025-02-26,R02,6,2,0,Clear,134
2025-02-26,R02,7,2,0,Rain,257
2025-02-26,R02,8,2,0,Clear,293
2025-02-26,R02,9,2,0,Cloudy,218
2025-02-26,R02,10,2,0,Clear,143
2025-02-26,R02,11,2,0,Cloudy,80
2025-02-26,R02,12,2,0,Cloudy,62
2025-02-26,R02,13,2,0,Cloudy,42
2025-02-26,R02,14,2,0,Rain,80
2025-02-26,R02,15,2,0,Clear,77
2025-02-26,R02,16,2,0,Clear,169
2025-02-26,R02,17,2,0,Cloudy,272
2025-02-26,R02,18,2,0,Clear,351
2025-02-26,R02,19,2,0,Clear,298
2025-02-26,R02,20,2,0,Clear,177
2025-02-26,R02,21,2,0,Clear,76
2025-02-26,R02,22,2,0,Clear,61
2025-02-26,R03,6,2,0,Clear,101
2025-02-26,R03,7,2,0,Clear,135
2025-02-26,R03,8,2,0,Clear,223
2025-02-26,R03,9,2,0,Cloudy,171
2025-02-26,R03,10,2,0,Rain,105
2025-02-26,R03,11,2,0,Clear,56
2025-02-26,R03,12,2,0,Cloudy,35
2025-02-26,R03,13,2,0,Clear,48
2025-02-26,R03,14,2,0,Clear,25
2025-02-26,R03,15,2,0,Clear,48
2025-02-26,R03,16,2,0,Clear,122
2025-02-26,R03,17,2,0,Rain,231
2025-02-26,R03,18,2,0,Clear,264
2025-02-26,R03,19,2,0,Clear,221
2025-02-26,R03,20,2,0,Rain,149
2025-02-26,R03,21,2,0,Clear,50
2025-02-26,R03,22,2,0,Clear,27
2025-02-26,R04,6,2,0,Cloudy,153
2025-02-26,R04,7,2,0,Cloudy,257
2025-02-26,R04,8,2,0,Clear,358
2025-02-26,R04,9,2,0,Cloudy,274
2025-02-26,R04,10,2,0,Cloudy,143
2025-02-26,R04,11,2,0,Clear,91
2025-02-26,R04,12,2,0,Rain,60
2025-02-26,R04,13,2,0,Rain,74
2025-02-26,R04,14,2,0,Clear,73
2025-02-26,R04,15,2,0,Clear,115
2025-02-26,R04,16,2,0,Rain,228
2025-02-26,R04,17,2,0,Clear,326
2025-02-26,R04,18,2,0,Clear,395
2025-02-26,R04,19,2,0,Clear,342
2025-02-26,R04,20,2,0,Clear,168
2025-02-26,R04,21,2,0,Cloudy,104
2025-02-26,R04,22,2,0,Clear,81
2025-02-26,R05,6,2,0,Cloudy,91
2025-02-26,R05,7,2,0,Clear,164
2025-02-26,R05,8,2,0,Clear,266
2025-02-26,R05,9,2,0,Rain,237
2025-02-26,R05,10,2,0,Rain,84
2025-02-26,R05,11,2,0,Rain,82
2025-02-26,R05,12,2,0,Cloudy,62
2025-02-26,R05,13,2,0,Clear,27
2025-02-26,R05,14,2,0,Clear,49
2025-02-26,R05,15,2,0,Rain,81
2025-02-26,R05,16,2,0,Cloudy,127
2025-02-26,R05,17,2,0,Clear,243
2025-02-26,R05,18,2,0,Clear,273
2025-02-26,R05,19,2,0,Clear,211
2025-02-26,R05,20,2,0,Clear,107
2025-02-26,R05,21,2,0,Clear,84
2025-02-26,R05,22,2,0,Cloudy,28
2025-02-26,R06,6,2,0,Clear,140
2025-02-26,R06,7,2,0,Cloudy,236
2025-02-26,R06,8,2,0,Clear,325
2025-02-26,R06,9,2,0,Clear,257
2025-02-26,R06,10,2,0,Clear,131
2025-02-26,R06,11,2,0,Clear,53
2025-02-26,R06,12,2,0,Cloudy,54
2025-02-26,R06,13,2,0,Clear,48
2025-02-26,R06,14,2,0,Clear,53
2025-02-26,R06,15,2,0,Clear,117
2025-02-26,R06,16,2,0,Clear,156
2025-02-26,R06,17,2,0,Clear,304
2025-02-26,R06,18,2,0,Clear,381
2025-02-26,R06,19,2,0,Clear,332
2025-02-26,R06,20,2,0,Cloudy,150
2025-02-26,R06,21,2,0,Clear,110
2025-02-26,R06,22,2,0,Clear,61
2025-02-26,R07,6,2,0,Clear,77
2025-02-26,R07,7,2,0,Cloudy,149
2025-02-26,R07,8,2,0,Clear,212
2025-02-26,R07,9,2,0,Cloudy,133
2025-02-26,R07,10,2,0,Clear,83
2025-02-26,R07,11,2,0,Clear,45
2025-02-26,R07,12,2,0,Rain,39
2025-02-26,R07,13,2,0,Rain,48
2025-02-26,R07,14,2,0,Clear,27
2025-02-26,R07,15,2,0,Clear,47
2025-02-26,R07,16,2,0,Clear,79
2025-02-26,R07,17,2,0,Clear,184
2025-02-26,R07,18,2,0,Clear,218
2025-02-26,R07,19,2,0,Cloudy,186
2025-02-26,R07,20,2,0,Clear,85
2025-02-26,R07,21,2,0,Cloudy,76
2025-02-26,R07,22,2,0,Clear,46
2025-02-26,R08,6,2,0,Cloudy,82
2025-02-26,R08,7,2,0,Cloudy,224
2025-02-26,R08,8,2,0,Cloudy,266
2025-02-26,R08,9,2,0,Clear,224
2025-02-26,R08,10,2,0,Cloudy,108
2025-02-26,R08,11,2,0,Cloudy,79
2025-02-26,R08,12,2,0,Rain,34
2025-02-26,R08,13,2,0,Clear,50
2025-02-26,R08,14,2,0,Clear,55
2025-02-26,R08,15,2,0,Clear,74
2025-02-26,R08,16,2,0,Clear,142
2025-02-26,R08,17,2,0,Clear,240
2025-02-26,R08,18,2,0,Cloudy,311
2025-02-26,R08,19,2,0,Clear,278
2025-02-26,R08,20,2,0,Cloudy,146
2025-02-26,R08,21,2,0,Clear,68
2025-02-26,R08,22,2,0,Clear,55
2025-02-27,R01,6,3,0,Rain,142
2025-02-27,R01,7,3,0,Clear,198
2025-02-27,R01,8,3,0,Cloudy,252
2025-02-27,R01,9,3,0,Cloudy,200
2025-02-27,R01,10,3,0,Clear,91
2025-02-27,R01,11,3,0,Clear,55
2025-02-27,R01,12,3,0,Rain,48
2025-02-27,R01,13,3,0,Cloudy,44
2025-02-27,R01,14,3,0,Clear,68
2025-02-27,R01,15,3,0,Rain,65
2025-02-27,R01,16,3,0,Clear,158
2025-02-27,R01,17,3,0,Clear,254
2025-02-27,R01,18,3,0,Cloudy,312
2025-02-27,R01,19,3,0,Clear,219
2025-02-27,R01,20,3,0,Cloudy,99
2025-02-27,R01,21,3,0,Cloudy,105
2025-02-27,R01,22,3,0,Clear,32
2025-02-27,R02,6,3,0,Cloudy,110
2025-02-27,R02,7,3,0,Clear,233
2025-02-27,R02,8,3,0,Cloudy,280
2025-02-27,R02,9,3,0,Rain,277
2025-02-27,R02,10,3,0,Clear,127
2025-02-27,R02,11,3,0,Cloudy,57
2025-02-27,R02,12,3,0,Cloudy,77
2025-02-27,R02,13,3,0,Rain,32
2025-02-27,R02,14,3,0,Clear,74
2025-02-27,R02,15,3,0,Clear,86
2025-02-27,R02,16,3,0,Cloudy,146
2025-02-27,R02,17,3,0,Clear,282
2025-02-27,R02,18,3,0,Cloudy,331
2025-02-27,R02,19,3,0,Clear,279
2025-02-27,R02,20,3,0,Cloudy,167
2025-02-27,R02,21,3,0,Clear,81
2025-02-27,R02,22,3,0,Clear,69
2025-02-27,R03,6,3,0,Clear,82
2025-02-27,R03,7,3,0,Rain,190
2025-02-27,R03,8,3,0,Clear,220
2025-02-27,R03,9,3,0,Clear,170
2025-02-27,R03,10,3,0,Cloudy,103
2025-02-27,R03,11,3,0,Cloudy,66
2025-02-27,R03,12,3,0,Clear,50
2025-02-27,R03,13,3,0,Clear,53
2025-02-27,R03,14,3,0,Cloudy,49
2025-02-27,R03,15,3,0,Rain,59
2025-02-27,R03,16,3,0,Clear,113
2025-02-27,R03,17,3,0,Clear,174
2025-02-27,R03,18,3,0,Clear,234
2025-02-27,R03,19,3,0,Clear,182
2025-02-27,R03,20,3,0,Clear,105
2025-02-27,R03,21,3,0,Cloudy,60
2025-02-27,R03,22,3,0,Rain,39
2025-02-27,R04,6,3,0,Clear,161
2025-02-27,R04,7,3,0,Clear,267
2025-02-27,R04,8,3,0,Clear,367
2025-02-27,R04,9,3,0,Cloudy,249
2025-02-27,R04,10,3,0,Clear,166
2025-02-27,R04,11,3,0,Cloudy,63
2025-02-27,R04,12,3,0,Cloudy,67
2025-02-27,R04,13,3,0,Clear,54
2025-02-27,R04,14,3,0,Cloudy,87
2025-02-27,R04,15,3,0,Clear,121
2025-02-27,R04,16,3,0,Clear,196
2025-02-27,R04,17,3,0,Clear,337
2025-02-27,R04,18,3,0,Clear,419
2025-02-27,R04,19,3,0,Cloudy,320
2025-02-27,R04,20,3,0,Clear,203
2025-02-27,R04,21,3,0,Clear,86
2025-02-27,R04,22,3,0,Clear,69
2025-02-27,R05,6,3,0,Cloudy,89
2025-02-27,R05,7,3,0,Cloudy,207
2025-02-27,R05,8,3,0,Rain,261
2025-02-27,R05,9,3,0,Clear,222
2025-02-27,R05,10,3,0,Clear,105
2025-02-27,R05,11,3,0,Rain,76
2025-02-27,R05,12,3,0,Clear,38
2025-02-27,R05,13,3,0,Clear,26
2025-02-27,R05,14,3,0,Rain,74
2025-02-27,R05,15,3,0,Clear,76
2025-02-27,R05,16,3,0,Rain,131
2025-02-27,R05,17,3,0,Clear,232
2025-02-27,R05,18,3,0,Cloudy,267
2025-02-27,R05,19,3,0,Rain,263
2025-02-27,R05,20,3,0,Cloudy,112
2025-02-27,R05,21,3,0,Cloudy,49
2025-02-27,R05,22,3,0,Clear,50
2025-02-27,R06,6,3,0,Clear,125
2025-02-27,R06,7,3,0,Cloudy,265
2025-02-27,R06,8,3,0,Clear,344
2025-02-27,R06,9,3,0,Clear,271
2025-02-27,R06,10,3,0,Clear,111
2025-02-27,R06,11,3,0,Clear,68
2025-02-27,R06,12,3,0,Rain,62
2025-02-27,R06,13,3,0,Rain,50
2025-02-27,R06,14,3,0,Cloudy,68
2025-02-27,R06,15,3,0,Clear,98
2025-02-27,R06,16,3,0,Clear,186
2025-02-27,R06,17,3,0,Cloudy,304
2025-02-27,R06,18,3,0,Rain,430
2025-02-27,R06,19,3,0,Rain,376
2025-02-27,R06,20,3,0,Clear,175
2025-02-27,R06,21,3,0,Clear,89
2025-02-27,R06,22,3,0,Cloudy,68
2025-02-27,R07,6,3,0,Clear,97
2025-02-27,R07,7,3,0,Clear,127
2025-02-27,R07,8,3,0,Clear,180
2025-02-27,R07,9,3,0,Cloudy,132
2025-02-27,R07,10,3,0,Cloudy,75
2025-02-27,R07,11,3,0,Clear,36
2025-02-27,R07,12,3,0,Clear,49
2025-02-27,R07,13,3,0,Rain,40
2025-02-27,R07,14,3,0,Clear,35
2025-02-27,R07,15,3,0,Rain,64
2025-02-27,R07,16,3,0,Cloudy,69
2025-02-27,R07,17,3,0,Clear,182
2025-02-27,R07,18,3,0,Clear,205
2025-02-27,R07,19,3,0,Clear,189
2025-02-27,R07,20,3,0,Cloudy,71
2025-02-27,R07,21,3,0,Cloudy,57
2025-02-27,R07,22,3,0,Clear,24
2025-02-27,R08,6,3,0,Cloudy,132
2025-02-27,R08,7,3,0,Clear,207
2025-02-27,R08,8,3,0,Clear,293
2025-02-27,R08,9,3,0,Rain,261
2025-02-27,R08,10,3,0,Cloudy,119
2025-02-27,R08,11,3,0,Clear,71
2025-02-27,R08,12,3,0,Clear,35
2025-02-27,R08,13,3,0,Clear,33
2025-02-27,R08,14,3,0,Clear,60
2025-02-27,R08,15,3,0,Clear,82
2025-02-27,R08,16,3,0,Clear,140
2025-02-27,R08,17,3,0,Clear,256
2025-02-27,R08,18,3,0,Clear,331
2025-02-27,R08,19,3,0,Cloudy,249
2025-02-27,R08,20,3,0,Clear,182
2025-02-27,R08,21,3,0,Cloudy,95
2025-02-27,R08,22,3,0,Clear,68
2025-02-28,R01,6,4,0,Clear,131
2025-02-28,R01,7,4,0,Clear,199
2025-02-28,R01,8,4,0,Clear,259
2025-02-28,R01,9,4,0,Cloudy,212
2025-02-28,R01,10,4,0,Clear,111
2025-02-28,R01,11,4,0,Clear,61
2025-02-28,R01,12,4,0,Clear,32
2025-02-28,R01,13,4,0,Clear,62
2025-02-28,R01,14,4,0,Cloudy,56
2025-02-28,R01,15,4,0,Clear,69
2025-02-28,R01,16,4,0,Cloudy,125
2025-02-28,R01,17,4,0,Clear,264
2025-02-28,R01,18,4,0,Clear,294
2025-02-28,R01,19,4,0,Clear,226
2025-02-28,R01,20,4,0,Clear,160
2025-02-28,R01,21,4,0,Rain,100
2025-02-28,R01,22,4,0,Cloudy,39
2025-02-28,R02,6,4,0,Cloudy,153
2025-02-28,R02,7,4,0,Clear,244
2025-02-28,R02,8,4,0,Rain,337
2025-02-28,R02,9,4,0,Clear,253
2025-02-28,R02,10,4,0,Cloudy,105
2025-02-28,R02,11,4,0,Clear,58
2025-02-28,R02,12,4,0,Clear,61
2025-02-28,R02,13,4,0,Clear,57
2025-02-28,R02,14,4,0,Cloudy,70
2025-02-28,R02,15,4,0,Rain,80
2025-02-28,R02,16,4,0,Cloudy,183
2025-02-28,R02,17,4,0,Cloudy,250
2025-02-28,R02,18,4,0,Rain,387
2025-02-28,R02,19,4,0,Rain,321
2025-02-28,R02,20,4,0,Clear,160
2025-02-28,R02,21,4,0,Cloudy,64
2025-02-28,R02,22,4,0,Clear,60
2025-02-28,R03,6,4,0,Cloudy,94
2025-02-28,R03,7,4,0,Clear,168
2025-02-28,R03,8,4,0,Clear,207
2025-02-28,R03,9,4,0,Clear,184
2025-02-28,R03,10,4,0,Clear,104
2025-02-28,R03,11,4,0,Cloudy,43
2025-02-28,R03,12,4,0,Clear,44
2025-02-28,R03,13,4,0,Cloudy,49
2025-02-28,R03,14,4,0,Clear,51
2025-02-28,R03,15,4,0,Cloudy,61
2025-02-28,R03,16,4,0,Rain,136
2025-02-28,R03,17,4,0,Cloudy,195
2025-02-28,R03,18,4,0,Clear,248
2025-02-28,R03,19,4,0,Clear,185
2025-02-28,R03,20,4,0,Clear,102
2025-02-28,R03,21,4,0,Rain,73
2025-02-28,R03,22,4,0,Cloudy,33
2025-02-28,R04,6,4,0,Clear,155
2025-02-28,R04,7,4,0,Clear,264
2025-02-28,R04,8,4,0,Clear,349
2025-02-28,R04,9,4,0,Clear,278
2025-02-28,R04,10,4,0,Clear,120
2025-02-28,R04,11,4,0,Clear,69
2025-02-28,R04,12,4,0,Cloudy,52
2025-02-28,R04,13,4,0,Cloudy,62
2025-02-28,R04,14,4,0,Clear,66
2025-02-28,R04,15,4,0,Clear,103
2025-02-28,R04,16,4,0,Clear,191
2025-02-28,R04,17,4,0,Rain,362
2025-02-28,R04,18,4,0,Clear,400
2025-02-28,R04,19,4,0,Clear,334
2025-02-28,R04,20,4,0,Clear,208
2025-02-28,R04,21,4,0,Cloudy,85
2025-02-28,R04,22,4,0,Clear,96
2025-02-28,R05,6,4,0,Cloudy,100
2025-02-28,R05,7,4,0,Clear,209
2025-02-28,R05,8,4,0,Cloudy,243
2025-02-28,R05,9,4,0,Cloudy,193
2025-02-28,R05,10,4,0,Cloudy,86
2025-02-28,R05,11,4,0,Clear,50
2025-02-28,R05,12,4,0,Clear,23
2025-02-28,R05,13,4,0,Rain,46
2025-02-28,R05,14,4,0,Clear,57
2025-02-28,R05,15,4,0,Clear,67
2025-02-28,R05,16,4,0,Cloudy,139
2025-02-28,R05,17,4,0,Rain,252
2025-02-28,R05,18,4,0,Clear,278
2025-02-28,R05,19,4,0,Clear,227
2025-02-28,R05,20,4,0,Clear,144
2025-02-28,R05,21,4,0,Clear,92
2025-02-28,R05,22,4,0,Cloudy,74
2025-02-28,R06,6,4,0,Clear,146
2025-02-28,R06,7,4,0,Clear,272
2025-02-28,R06,8,4,0,Clear,313
2025-02-28,R06,9,4,0,Cloudy,227
2025-02-28,R06,10,4,0,Clear,126
2025-02-28,R06,11,4,0,Clear,94
2025-02-28,R06,12,4,0,Clear,78
2025-02-28,R06,13,4,0,Clear,91
2025-02-28,R06,14,4,0,Clear,52
2025-02-28,R06,15,4,0,Clear,91
2025-02-28,R06,16,4,0,Rain,171
2025-02-28,R06,17,4,0,Clear,289
2025-02-28,R06,18,4,0,Cloudy,352
2025-02-28,R06,19,4,0,Clear,296
2025-02-28,R06,20,4,0,Cloudy,154
2025-02-28,R06,21,4,0,Clear,84
2025-02-28,R06,22,4,0,Cloudy,80
2025-02-28,R07,6,4,0,Clear,94
2025-02-28,R07,7,4,0,Rain,151
2025-02-28,R07,8,4,0,Cloudy,195
2025-02-28,R07,9,4,0,Clear,139
2025-02-28,R07,10,4,0,Rain,67
2025-02-28,R07,11,4,0,Clear,34
2025-02-28,R07,12,4,0,Clear,38
2025-02-28,R07,13,4,0,Clear,21
2025-02-28,R07,14,4,0,Rain,48
2025-02-28,R07,15,4,0,Clear,45
2025-02-28,R07,16,4,0,Rain,116
2025-02-28,R07,17,4,0,Clear,163
2025-02-28,R07,18,4,0,Clear,218
2025-02-28,R07,19,4,0,Clear,165
2025-02-28,R07,20,4,0,Clear,97
2025-02-28,R07,21,4,0,Clear,79
2025-02-28,R07,22,4,0,Clear,30
2025-02-28,R08,6,4,0,Rain,117
2025-02-28,R08,7,4,0,Cloudy,216
2025-02-28,R08,8,4,0,Cloudy,276
2025-02-28,R08,9,4,0,Clear,229
2025-02-28,R08,10,4,0,Cloudy,121
2025-02-28,R08,11,4,0,Cloudy,55
2025-02-28,R08,12,4,0,Cloudy,58
2025-02-28,R08,13,4,0,Clear,51
2025-02-28,R08,14,4,0,Clear,39
2025-02-28,R08,15,4,0,Clear,91
2025-02-28,R08,16,4,0,Rain,172
2025-02-28,R08,17,4,0,Clear,279
2025-02-28,R08,18,4,0,Clear,317
2025-02-28,R08,19,4,0,Clear,282
2025-02-28,R08,20,4,0,Rain,201
2025-02-28,R08,21,4,0,Cloudy,59
2025-02-28,R08,22,4,0,Clear,70
2025-03-01,R01,6,5,1,Clear,77
2025-03-01,R01,7,5,1,Cloudy,132
2025-03-01,R01,8,5,1,Clear,193
2025-03-01,R01,9,5,1,Clear,151
2025-03-01,R01,10,5,1,Clear,92
2025-03-01,R01,11,5,1,Clear,25
2025-03-01,R01,12,5,1,Clear,50
2025-03-01,R01,13,5,1,Clear,36
2025-03-01,R01,14,5,1,Cloudy,10
2025-03-01,R01,15,5,1,Cloudy,41
2025-03-01,R01,16,5,1,Clear,98
2025-03-01,R01,17,5,1,Rain,178
2025-03-01,R01,18,5,1,Rain,224
2025-03-01,R01,19,5,1,Cloudy,149
2025-03-01,R01,20,5,1,Cloudy,115
2025-03-01,R01,21,5,1,Rain,95
2025-03-01,R01,22,5,1,Clear,43
2025-03-01,R02,6,5,1,Clear,89
2025-03-01,R02,7,5,1,Clear,153
2025-03-01,R02,8,5,1,Cloudy,218
2025-03-01,R02,9,5,1,Rain,190
2025-03-01,R02,10,5,1,Clear,76
2025-03-01,R02,11,5,1,Cloudy,32
2025-03-01,R02,12,5,1,Clear,36
2025-03-01,R02,13,5,1,Clear,38
2025-03-01,R02,14,5,1,Clear,49
2025-03-01,R02,15,5,1,Clear,58
2025-03-01,R02,16,5,1,Clear,123
2025-03-01,R02,17,5,1,Clear,191
2025-03-01,R02,18,5,1,Clear,242
2025-03-01,R02,19,5,1,Clear,215
2025-03-01,R02,20,5,1,Clear,123
2025-03-01,R02,21,5,1,Cloudy,55
2025-03-01,R02,22,5,1,Clear,11
2025-03-01,R03,6,5,1,Rain,72
2025-03-01,R03,7,5,1,Cloudy,108
2025-03-01,R03,8,5,1,Rain,145
2025-03-01,R03,9,5,1,Clear,82
2025-03-01,R03,10,5,1,Cloudy,81
2025-03-01,R03,11,5,1,Clear,21
2025-03-01,R03,12,5,1,Cloudy,20
2025-03-01,R03,13,5,1,Clear,62
2025-03-01,R03,14,5,1,Clear,14
2025-03-01,R03,15,5,1,Clear,39
2025-03-01,R03,16,5,1,Clear,97
2025-03-01,R03,17,5,1,Clear,164
2025-03-01,R03,18,5,1,Rain,192
2025-03-01,R03,19,5,1,Cloudy,146
2025-03-01,R03,20,5,1,Clear,75
2025-03-01,R03,21,5,1,Clear,10
2025-03-01,R03,22,5,1,Clear,44
2025-03-01,R04,6,5,1,Clear,101
2025-03-01,R04,7,5,1,Cloudy,175
2025-03-01,R04,8,5,1,Clear,239
2025-03-01,R04,9,5,1,Rain,219
2025-03-01,R04,10,5,1,Clear,111
2025-03-01,R04,11,5,1,Clear,55
2025-03-01,R04,12,5,1,Cloudy,47
2025-03-01,R04,13,5,1,Cloudy,26
2025-03-01,R04,14,5,1,Clear,44
2025-03-01,R04,15,5,1,Clear,53
2025-03-01,R04,16,5,1,Rain,128
2025-03-01,R04,17,5,1,Clear,231
2025-03-01,R04,18,5,1,Clear,279
2025-03-01,R04,19,5,1,Clear,220
2025-03-01,R04,20,5,1,Clear,126
2025-03-01,R04,21,5,1,Rain,80
2025-03-01,R04,22,5,1,Cloudy,54
2025-03-01,R05,6,5,1,Clear,78
2025-03-01,R05,7,5,1,Clear,120
2025-03-01,R05,8,5,1,Rain,166
2025-03-01,R05,9,5,1,Cloudy,96
2025-03-01,R05,10,5,1,Clear,60
2025-03-01,R05,11,5,1,Clear,10
2025-03-01,R05,12,5,1,Cloudy,50
2025-03-01,R05,13,5,1,Cloudy,24
2025-03-01,R05,14,5,1,Clear,15
2025-03-01,R05,15,5,1,Clear,43
2025-03-01,R05,16,5,1,Clear,65
2025-03-01,R05,17,5,1,Clear,141
2025-03-01,R05,18,5,1,Rain,210
2025-03-01,R05,19,5,1,Cloudy,142
2025-03-01,R05,20,5,1,Clear,85
2025-03-01,R05,21,5,1,Clear,53
2025-03-01,R05,22,5,1,Cloudy,44
2025-03-01,R06,6,5,1,Clear,95
2025-03-01,R06,7,5,1,Cloudy,180
2025-03-01,R06,8,5,1,Clear,219
2025-03-01,R06,9,5,1,Clear,193
2025-03-01,R06,10,5,1,Clear,95
2025-03-01,R06,11,5,1,Rain,68
2025-03-01,R06,12,5,1,Cloudy,31
2025-03-01,R06,13,5,1,Cloudy,38
2025-03-01,R06,14,5,1,Clear,72
2025-03-01,R06,15,5,1,Clear,63
2025-03-01,R06,16,5,1,Clear,133
2025-03-01,R06,17,5,1,Rain,245
2025-03-01,R06,18,5,1,Cloudy,250
2025-03-01,R06,19,5,1,Rain,241
2025-03-01,R06,20,5,1,Clear,113
2025-03-01,R06,21,5,1,Rain,57
2025-03-01,R06,22,5,1,Cloudy,27
2025-03-01,R07,6,5,1,Cloudy,56
2025-03-01,R07,7,5,1,Clear,102
2025-03-01,R07,8,5,1,Clear,135
2025-03-01,R07,9,5,1,Cloudy,79
2025-03-01,R07,10,5,1,Clear,44
2025-03-01,R07,11,5,1,Cloudy,40
2025-03-01,R07,12,5,1,Rain,28
2025-03-01,R07,13,5,1,Clear,24
2025-03-01,R07,14,5,1,Rain,24
2025-03-01,R07,15,5,1,Clear,25
2025-03-01,R07,16,5,1,Cloudy,81
2025-03-01,R07,17,5,1,Rain,152
2025-03-01,R07,18,5,1,Clear,149
2025-03-01,R07,19,5,1,Cloudy,88
2025-03-01,R07,20,5,1,Rain,74
2025-03-01,R07,21,5,1,Cloudy,54
2025-03-01,R07,22,5,1,Clear,16
2025-03-01,R08,6,5,1,Clear,76
2025-03-01,R08,7,5,1,Cloudy,158
2025-03-01,R08,8,5,1,Clear,193
2025-03-01,R08,9,5,1,Rain,145
2025-03-01,R08,10,5,1,Rain,91
2025-03-01,R08,11,5,1,Clear,17
2025-03-01,R08,12,5,1,Clear,55
2025-03-01,R08,13,5,1,Cloudy,44
2025-03-01,R08,14,5,1,Clear,54
2025-03-01,R08,15,5,1,Cloudy,39
2025-03-01,R08,16,5,1,Clear,128
2025-03-01,R08,17,5,1,Clear,183
2025-03-01,R08,18,5,1,Cloudy,230
2025-03-01,R08,19,5,1,Cloudy,178
2025-03-01,R08,20,5,1,Clear,117
2025-03-01,R08,21,5,1,Clear,61
2025-03-01,R08,22,5,1,Clear,32
2025-03-02,R01,6,6,1,Cloudy,49
2025-03-02,R01,7,6,1,Cloudy,151
2025-03-02,R01,8,6,1,Clear,148
2025-03-02,R01,9,6,1,Cloudy,146
2025-03-02,R01,10,6,1,Clear,93
2025-03-02,R01,11,6,1,Clear,22
2025-03-02,R01,12,6,1,Clear,27
2025-03-02,R01,13,6,1,Clear,12
2025-03-02,R01,14,6,1,Clear,26
2025-03-02,R01,15,6,1,Clear,65
2025-03-02,R01,16,6,1,Rain,116
2025-03-02,R01,17,6,1,Clear,176
2025-03-02,R01,18,6,1,Rain,221
2025-03-02,R01,19,6,1,Clear,135
2025-03-02,R01,20,6,1,Clear,79
2025-03-02,R01,21,6,1,Rain,52
2025-03-02,R01,22,6,1,Clear,21
2025-03-02,R02,6,6,1,Clear,102
2025-03-02,R02,7,6,1,Clear,190
2025-03-02,R02,8,6,1,Cloudy,206
2025-03-02,R02,9,6,1,Rain,165
2025-03-02,R02,10,6,1,Clear,107
2025-03-02,R02,11,6,1,Clear,50
2025-03-02,R02,12,6,1,Clear,38
2025-03-02,R02,13,6,1,Clear,46
2025-03-02,R02,14,6,1,Clear,25
2025-03-02,R02,15,6,1,Cloudy,50
2025-03-02,R02,16,6,1,Clear,112
2025-03-02,R02,17,6,1,Clear,201
2025-03-02,R02,18,6,1,Cloudy,234
2025-03-02,R02,19,6,1,Clear,205
2025-03-02,R02,20,6,1,Clear,105
2025-03-02,R02,21,6,1,Clear,35
2025-03-02,R02,22,6,1,Clear,38
2025-03-02,R03,6,6,1,Cloudy,56
2025-03-02,R03,7,6,1,Cloudy,85
2025-03-02,R03,8,6,1,Clear,137
2025-03-02,R03,9,6,1,Rain,119
2025-03-02,R03,10,6,1,Clear,64
2025-03-02,R03,11,6,1,Cloudy,25
2025-03-02,R03,12,6,1,Clear,28
2025-03-02,R03,13,6,1,Clear,19
2025-03-02,R03,14,6,1,Clear,37
2025-03-02,R03,15,6,1,Cloudy,25
2025-03-02,R03,16,6,1,Clear,78
2025-03-02,R03,17,6,1,Clear,138
2025-03-02,R03,18,6,1,Clear,181
2025-03-02,R03,19,6,1,Clear,133
2025-03-02,R03,20,6,1,Cloudy,97
2025-03-02,R03,21,6,1,Clear,63
2025-03-02,R03,22,6,1,Cloudy,14
2025-03-02,R04,6,6,1,Cloudy,95
2025-03-02,R04,7,6,1,Cloudy,162
2025-03-02,R04,8,6,1,Cloudy,237
2025-03-02,R04,9,6,1,Clear,184
2025-03-02,R04,10,6,1,Cloudy,97
2025-03-02,R04,11,6,1,Cloudy,48
2025-03-02,R04,12,6,1,Clear,83
2025-03-02,R04,13,6,1,Clear,41
2025-03-02,R04,14,6,1,Clear,44
2025-03-02,R04,15,6,1,Clear,81
2025-03-02,R04,16,6,1,Clear,145
2025-03-02,R04,17,6,1,Cloudy,216
2025-03-02,R04,18,6,1,Clear,295
2025-03-02,R04,19,6,1,Clear,262
2025-03-02,R04,20,6,1,Cloudy,117
2025-03-02,R04,21,6,1,Clear,52
2025-03-02,R04,22,6,1,Clear,79
2025-03-02,R05,6,6,1,Rain,84
2025-03-02,R05,7,6,1,Cloudy,141
2025-03-02,R05,8,6,1,Clear,194
2025-03-02,R05,9,6,1,Cloudy,134
2025-03-02,R05,10,6,1,Clear,72
2025-03-02,R05,11,6,1,Clear,28
2025-03-02,R05,12,6,1,Rain,52
2025-03-02,R05,13,6,1,Clear,35
2025-03-02,R05,14,6,1,Clear,10
2025-03-02,R05,15,6,1,Cloudy,73
2025-03-02,R05,16,6,1,Clear,76
2025-03-02,R05,17,6,1,Rain,190
2025-03-02,R05,18,6,1,Clear,199
2025-03-02,R05,19,6,1,Rain,153
2025-03-02,R05,20,6,1,Clear,90
2025-03-02,R05,21,6,1,Clear,43
2025-03-02,R05,22,6,1,Cloudy,11
2025-03-02,R06,6,6,1,Cloudy,95
2025-03-02,R06,7,6,1,Cloudy,179
2025-03-02,R06,8,6,1,Clear,226
2025-03-02,R06,9,6,1,Cloudy,162
2025-03-02,R06,10,6,1,Cloudy,96
2025-03-02,R06,11,6,1,Clear,15
2025-03-02,R06,12,6,1,Clear,35
2025-03-02,R06,13,6,1,Clear,35
2025-03-02,R06,14,6,1,Rain,48
2025-03-02,R06,15,6,1,Clear,42
2025-03-02,R06,16,6,1,Cloudy,86
2025-03-02,R06,17,6,1,Clear,195
2025-03-02,R06,18,6,1,Clear,264
2025-03-02,R06,19,6,1,Clear,204
2025-03-02,R06,20,6,1,Clear,106
2025-03-02,R06,21,6,1,Clear,88
2025-03-02,R06,22,6,1,Clear,39
2025-03-02,R07,6,6,1,Clear,54
2025-03-02,R07,7,6,1,Clear,119
2025-03-02,R07,8,6,1,Cloudy,125
2025-03-02,R07,9,6,1,Clear,109
2025-03-02,R07,10,6,1,Clear,43
2025-03-02,R07,11,6,1,Clear,30
2025-03-02,R07,12,6,1,Cloudy,45
2025-03-02,R07,13,6,1,Clear,28
2025-03-02,R07,14,6,1,Clear,28
2025-03-02,R07,15,6,1,Rain,36
2025-03-02,R07,16,6,1,Rain,58
2025-03-02,R07,17,6,1,Cloudy,129
2025-03-02,R07,18,6,1,Cloudy,138
2025-03-02,R07,19,6,1,Cloudy,104
2025-03-02,R07,20,6,1,Clear,50
2025-03-02,R07,21,6,1,Rain,44
2025-03-02,R07,22,6,1,Clear,10
2025-03-02,R08,6,6,1,Clear,99
2025-03-02,R08,7,6,1,Cloudy,138
2025-03-02,R08,8,6,1,Clear,201
2025-03-02,R08,9,6,1,Clear,161
2025-03-02,R08,10,6,1,Cloudy,81
2025-03-02,R08,11,6,1,Cloudy,55
2025-03-02,R08,12,6,1,Clear,28
2025-03-02,R08,13,6,1,Rain,39
2025-03-02,R08,14,6,1,Cloudy,44
2025-03-02,R08,15,6,1,Clear,77
2025-03-02,R08,16,6,1,Rain,127
2025-03-02,R08,17,6,1,Clear,199
2025-03-02,R08,18,6,1,Rain,245
2025-03-02,R08,19,6,1,Clear,190
2025-03-02,R08,20,6,1,Clear,125
2025-03-02,R08,21,6,1,Cloudy,51
2025-03-02,R08,22,6,1,Clear,44
2025-03-03,R01,6,0,0,Clear,89
2025-03-03,R01,7,0,0,Clear,218
2025-03-03,R01,8,0,0,Clear,270
2025-03-03,R01,9,0,0,Clear,217
2025-03-03,R01,10,0,0,Clear,107
2025-03-03,R01,11,0,0,Clear,36
2025-03-03,R01,12,0,0,Clear,59
2025-03-03,R01,13,0,0,Clear,38
2025-03-03,R01,14,0,0,Clear,31
2025-03-03,R01,15,0,0,Cloudy,72
2025-03-03,R01,16,0,0,Rain,179
2025-03-03,R01,17,0,0,Cloudy,220
2025-03-03,R01,18,0,0,Rain,325
2025-03-03,R01,19,0,0,Cloudy,243
2025-03-03,R01,20,0,0,Rain,153
2025-03-03,R01,21,0,0,Cloudy,80
2025-03-03,R01,22,0,0,Rain,53
2025-03-03,R02,6,0,0,Clear,125
2025-03-03,R02,7,0,0,Clear,235
2025-03-03,R02,8,0,0,Cloudy,301
2025-03-03,R02,9,0,0,Cloudy,220
2025-03-03,R02,10,0,0,Clear,124
2025-03-03,R02,11,0,0,Clear,87
2025-03-03,R02,12,0,0,Cloudy,85
2025-03-03,R02,13,0,0,Clear,62
2025-03-03,R02,14,0,0,Clear,77
2025-03-03,R02,15,0,0,Clear,82
2025-03-03,R02,16,0,0,Clear,163
2025-03-03,R02,17,0,0,Cloudy,277
2025-03-03,R02,18,0,0,Clear,349
2025-03-03,R02,19,0,0,Clear,285
2025-03-03,R02,20,0,0,Cloudy,166
2025-03-03,R02,21,0,0,Clear,88
2025-03-03,R02,22,0,0,Cloudy,55
2025-03-03,R03,6,0,0,Clear,88
2025-03-03,R03,7,0,0,Clear,157
2025-03-03,R03,8,0,0,Cloudy,208
2025-03-03,R03,9,0,0,Clear,161
2025-03-03,R03,10,0,0,Cloudy,63
2025-03-03,R03,11,0,0,Clear,34
2025-03-03,R03,12,0,0,Clear,37
2025-03-03,R03,13,0,0,Rain,51
2025-03-03,R03,14,0,0,Clear,54
2025-03-03,R03,15,0,0,Cloudy,38
2025-03-03,R03,16,0,0,Cloudy,116
2025-03-03,R03,17,0,0,Clear,227
2025-03-03,R03,18,0,0,Clear,262
2025-03-03,R03,19,0,0,Cloudy,192
2025-03-03,R03,20,0,0,Clear,119
2025-03-03,R03,21,0,0,Cloudy,58
2025-03-03,R03,22,0,0,Clear,35
2025-03-03,R04,6,0,0,Clear,164
2025-03-03,R04,7,0,0,Clear,269
2025-03-03,R04,8,0,0,Clear,363
2025-03-03,R04,9,0,0,Cloudy,243
2025-03-03,R04,10,0,0,Rain,180
2025-03-03,R04,11,0,0,Clear,84
2025-03-03,R04,12,0,0,Clear,46
2025-03-03,R04,13,0,0,Clear,84
2025-03-03,R04,14,0,0,Clear,68
2025-03-03,R04,15,0,0,Clear,83
2025-03-03,R04,16,0,0,Clear,217
2025-03-03,R04,17,0,0,Clear,330
2025-03-03,R04,18,0,0,Cloudy,375
2025-03-03,R04,19,0,0,Clear,337
2025-03-03,R04,20,0,0,Clear,175
2025-03-03,R04,21,0,0,Clear,93
2025-03-03,R04,22,0,0,Cloudy,84
2025-03-03,R05,6,0,0,Cloudy,127
2025-03-03,R05,7,0,0,Rain,215
2025-03-03,R05,8,0,0,Clear,260
2025-03-03,R05,9,0,0,Rain,237
2025-03-03,R05,10,0,0,Clear,102
2025-03-03,R05,11,0,0,Cloudy,43
2025-03-03,R05,12,0,0,Cloudy,52
2025-03-03,R05,13,0,0,Cloudy,25
2025-03-03,R05,14,0,0,Cloudy,33
2025-03-03,R05,15,0,0,Clear,50
2025-03-03,R05,16,0,0,Rain,165
2025-03-03,R05,17,0,0,Rain,259
2025-03-03,R05,18,0,0,Clear,298
2025-03-03,R05,19,0,0,Cloudy,208
2025-03-03,R05,20,0,0,Rain,153
2025-03-03,R05,21,0,0,Cloudy,72
2025-03-03,R05,22,0,0,Clear,75
2025-03-03,R06,6,0,0,Cloudy,138
2025-03-03,R06,7,0,0,Rain,299
2025-03-03,R06,8,0,0,Clear,336
2025-03-03,R06,9,0,0,Clear,226
2025-03-03,R06,10,0,0,Clear,143
2025-03-03,R06,11,0,0,Clear,73
2025-03-03,R06,12,0,0,Cloudy,54
2025-03-03,R06,13,0,0,Rain,59
2025-03-03,R06,14,0,0,Rain,68
2025-03-03,R06,15,0,0,Clear,83
2025-03-03,R06,16,0,0,Cloudy,177
2025-03-03,R06,17,0,0,Clear,295
2025-03-03,R06,18,0,0,Clear,404
2025-03-03,R06,19,0,0,Clear,318
2025-03-03,R06,20,0,0,Clear,191
2025-03-03,R06,21,0,0,Clear,79
2025-03-03,R06,22,0,0,Cloudy,53
2025-03-03,R07,6,0,0,Clear,81
2025-03-03,R07,7,0,0,Rain,165
2025-03-03,R07,8,0,0,Clear,202
2025-03-03,R07,9,0,0,Clear,150
2025-03-03,R07,10,0,0,Clear,105
2025-03-03,R07,11,0,0,Clear,31
2025-03-03,R07,12,0,0,Cloudy,17
2025-03-03,R07,13,0,0,Cloudy,24
2025-03-03,R07,14,0,0,Clear,34
2025-03-03,R07,15,0,0,Rain,74
2025-03-03,R07,16,0,0,Cloudy,101
2025-03-03,R07,17,0,0,Cloudy,134
2025-03-03,R07,18,0,0,Cloudy,174
2025-03-03,R07,19,0,0,Cloudy,165
2025-03-03,R07,20,0,0,Clear,96
2025-03-03,R07,21,0,0,Clear,52
2025-03-03,R07,22,0,0,Rain,38
2025-03-03,R08,6,0,0,Clear,144
2025-03-03,R08,7,0,0,Cloudy,229
2025-03-03,R08,8,0,0,Clear,286
2025-03-03,R08,9,0,0,Clear,229
2025-03-03,R08,10,0,0,Rain,130
2025-03-03,R08,11,0,0,Clear,39
2025-03-03,R08,12,0,0,Clear,47
2025-03-03,R08,13,0,0,Clear,46
2025-03-03,R08,14,0,0,Cloudy,44
2025-03-03,R08,15,0,0,Clear,74
2025-03-03,R08,16,0,0,Clear,152
2025-03-03,R08,17,0,0,Clear,278
2025-03-03,R08,18,0,0,Cloudy,306
2025-03-03,R08,19,0,0,Clear,290
2025-03-03,R08,20,0,0,Cloudy,133
2025-03-03,R08,21,0,0,Clear,97
2025-03-03,R08,22,0,0,Rain,66
2025-03-04,R01,6,1,0,Cloudy,88
2025-03-04,R01,7,1,0,Rain,225
2025-03-04,R01,8,1,0,Clear,290
2025-03-04,R01,9,1,0,Clear,196
2025-03-04,R01,10,1,0,Rain,146
2025-03-04,R01,11,1,0,Clear,67
2025-03-04,R01,12,1,0,Clear,53
2025-03-04,R01,13,1,0,Clear,53
2025-03-04,R01,14,1,0,Cloudy,44
2025-03-04,R01,15,1,0,Cloudy,24
2025-03-04,R01,16,1,0,Clear,129
2025-03-04,R01,17,1,0,Rain,272
2025-03-04,R01,18,1,0,Clear,309
2025-03-04,R01,19,1,0,Clear,254
2025-03-04,R01,20,1,0,Clear,148
2025-03-04,R01,21,1,0,Cloudy,80
2025-03-04,R01,22,1,0,Cloudy,78
2025-03-04,R02,6,1,0,Clear,134
2025-03-04,R02,7,1,0,Cloudy,249
2025-03-04,R02,8,1,0,Clear,323
2025-03-04,R02,9,1,0,Cloudy,263
2025-03-04,R02,10,1,0,Clear,132
2025-03-04,R02,11,1,0,Cloudy,67
2025-03-04,R02,12,1,0,Clear,74
2025-03-04,R02,13,1,0,Clear,72
2025-03-04,R02,14,1,0,Clear,57
2025-03-04,R02,15,1,0,Clear,95
2025-03-04,R02,16,1,0,Clear,177
2025-03-04,R02,17,1,0,Rain,331
2025-03-04,R02,18,1,0,Clear,365
2025-03-04,R02,19,1,0,Clear,269
2025-03-04,R02,20,1,0,Clear,177
2025-03-04,R02,21,1,0,Clear,98
2025-03-04,R02,22,1,0,Clear,67
2025-03-04,R03,6,1,0,Rain,95
2025-03-04,R03,7,1,0,Rain,209
2025-03-04,R03,8,1,0,Clear,207
2025-03-04,R03,9,1,0,Cloudy,177
2025-03-04,R03,10,1,0,Clear,78
2025-03-04,R03,11,1,0,Cloudy,61
2025-03-04,R03,12,1,0,Clear,28
2025-03-04,R03,13,1,0,Cloudy,50
2025-03-04,R03,14,1,0,Cloudy,64
2025-03-04,R03,15,1,0,Clear,85
2025-03-04,R03,16,1,0,Cloudy,130
2025-03-04,R03,17,1,0,Cloudy,173
2025-03-04,R03,18,1,0,Rain,275
2025-03-04,R03,19,1,0,Clear,195
2025-03-04,R03,20,1,0,Rain,94
2025-03-04,R03,21,1,0,Cloudy,56
2025-03-04,R03,22,1,0,Clear,58
2025-03-04,R04,6,1,0,Cloudy,151
2025-03-04,R04,7,1,0,Clear,315
2025-03-04,R04,8,1,0,Cloudy,333
2025-03-04,R04,9,1,0,Cloudy,291
2025-03-04,R04,10,1,0,Clear,150
2025-03-04,R04,11,1,0,Clear,69
2025-03-04,R04,12,1,0,Cloudy,67
2025-03-04,R04,13,1,0,Cloudy,70
2025-03-04,R04,14,1,0,Cloudy,85
2025-03-04,R04,15,1,0,Clear,94
2025-03-04,R04,16,1,0,Clear,196
2025-03-04,R04,17,1,0,Clear,335
2025-03-04,R04,18,1,0,Cloudy,382
2025-03-04,R04,19,1,0,Clear,358
2025-03-04,R04,20,1,0,Clear,201
2025-03-04,R04,21,1,0,Clear,71
2025-03-04,R04,22,1,0,Clear,75
2025-03-04,R05,6,1,0,Rain,95
2025-03-04,R05,7,1,0,Cloudy,190
2025-03-04,R05,8,1,0,Clear,235
2025-03-04,R05,9,1,0,Rain,228
2025-03-04,R05,10,1,0,Cloudy,78
2025-03-04,R05,11,1,0,Cloudy,42
2025-03-04,R05,12,1,0,Clear,59
2025-03-04,R05,13,1,0,Clear,46
2025-03-04,R05,14,1,0,Clear,31
2025-03-04,R05,15,1,0,Clear,93
2025-03-04,R05,16,1,0,Cloudy,122
2025-03-04,R05,17,1,0,Clear,233
2025-03-04,R05,18,1,0,Cloudy,270
2025-03-04,R05,19,1,0,Clear,245
2025-03-04,R05,20,1,0,Rain,144
2025-03-04,R05,21,1,0,Clear,70
2025-03-04,R05,22,1,0,Cloudy,64
2025-03-04,R06,6,1,0,Clear,154
2025-03-04,R06,7,1,0,Cloudy,244
2025-03-04,R06,8,1,0,Clear,333
2025-03-04,R06,9,1,0,Clear,228
2025-03-04,R06,10,1,0,Clear,143
2025-03-04,R06,11,1,0,Cloudy,85
2025-03-04,R06,12,1,0,Clear,57
2025-03-04,R06,13,1,0,Clear,80
2025-03-04,R06,14,1,0,Cloudy,88
2025-03-04,R06,15,1,0,Rain,80
2025-03-04,R06,16,1,0,Cloudy,155
2025-03-04,R06,17,1,0,Clear,328
2025-03-04,R06,18,1,0,Clear,393
2025-03-04,R06,19,1,0,Cloudy,268
2025-03-04,R06,20,1,0,Clear,156
2025-03-04,R06,21,1,0,Cloudy,97
2025-03-04,R06,22,1,0,Clear,71
2025-03-04,R07,6,1,0,Cloudy,73
2025-03-04,R07,7,1,0,Clear,170
2025-03-04,R07,8,1,0,Cloudy,173
2025-03-04,R07,9,1,0,Clear,122
2025-03-04,R07,10,1,0,Clear,91
2025-03-04,R07,11,1,0,Rain,62
2025-03-04,R07,12,1,0,Clear,28
2025-03-04,R07,13,1,0,Clear,19
2025-03-04,R07,14,1,0,Cloudy,10
2025-03-04,R07,15,1,0,Clear,54
2025-03-04,R07,16,1,0,Clear,108
2025-03-04,R07,17,1,0,Clear,193
2025-03-04,R07,18,1,0,Clear,225
2025-03-04,R07,19,1,0,Clear,172
2025-03-04,R07,20,1,0,Clear,106
2025-03-04,R07,21,1,0,Clear,69
2025-03-04,R07,22,1,0,Cloudy,40
2025-03-04,R08,6,1,0,Clear,136
2025-03-04,R08,7,1,0,Cloudy,202
2025-03-04,R08,8,1,0,Cloudy,287
2025-03-04,R08,9,1,0,Clear,236
2025-03-04,R08,10,1,0,Clear,119
2025-03-04,R08,11,1,0,Cloudy,79
2025-03-04,R08,12,1,0,Clear,83
2025-03-04,R08,13,1,0,Clear,33
2025-03-04,R08,14,1,0,Rain,39
2025-03-04,R08,15,1,0,Clear,79
2025-03-04,R08,16,1,0,Cloudy,146
2025-03-04,R08,17,1,0,Clear,273
2025-03-04,R08,18,1,0,Clear,327
2025-03-04,R08,19,1,0,Clear,251
2025-03-04,R08,20,1,0,Clear,153
2025-03-04,R08,21,1,0,Rain,90
2025-03-04,R08,22,1,0,Cloudy,50
2025-03-05,R01,6,2,0,Clear,111
2025-03-05,R01,7,2,0,Clear,213
2025-03-05,R01,8,2,0,Clear,266
2025-03-05,R01,9,2,0,Cloudy,188
2025-03-05,R01,10,2,0,Clear,112
2025-03-05,R01,11,2,0,Clear,66
2025-03-05,R01,12,2,0,Clear,50
2025-03-05,R01,13,2,0,Cloudy,75
2025-03-05,R01,14,2,0,Clear,58
2025-03-05,R01,15,2,0,Cloudy,71
2025-03-05,R01,16,2,0,Rain,146
2025-03-05,R01,17,2,0,Clear,238
2025-03-05,R01,18,2,0,Cloudy,283
2025-03-05,R01,19,2,0,Rain,269
2025-03-05,R01,20,2,0,Cloudy,130
2025-03-05,R01,21,2,0,Clear,81
2025-03-05,R01,22,2,0,Cloudy,64
2025-03-05,R02,6,2,0,Clear,142
2025-03-05,R02,7,2,0,Rain,280
2025-03-05,R02,8,2,0,Cloudy,286
2025-03-05,R02,9,2,0,Rain,289
2025-03-05,R02,10,2,0,Rain,134
2025-03-05,R02,11,2,0,Clear,77
2025-03-05,R02,12,2,0,Cloudy,62
2025-03-05,R02,13,2,0,Cloudy,71
2025-03-05,R02,14,2,0,Clear,88
2025-03-05,R02,15,2,0,Clear,84
2025-03-05,R02,16,2,0,Clear,171
2025-03-05,R02,17,2,0,Clear,309
2025-03-05,R02,18,2,0,Cloudy,366
2025-03-05,R02,19,2,0,Cloudy,272
2025-03-05,R02,20,2,0,Clear,157
2025-03-05,R02,21,2,0,Clear,70
2025-03-05,R02,22,2,0,Clear,38
2025-03-05,R03,6,2,0,Rain,92
2025-03-05,R03,7,2,0,Cloudy,175
2025-03-05,R03,8,2,0,Clear,234
2025-03-05,R03,9,2,0,Cloudy,167
2025-03-05,R03,10,2,0,Clear,88
2025-03-05,R03,11,2,0,Clear,57
2025-03-05,R03,12,2,0,Clear,42
2025-03-05,R03,13,2,0,Clear,36
2025-03-05,R03,14,2,0,Rain,52
2025-03-05,R03,15,2,0,Clear,57
2025-03-05,R03,16,2,0,Clear,122
2025-03-05,R03,17,2,0,Clear,210
2025-03-05,R03,18,2,0,Clear,261
2025-03-05,R03,19,2,0,Clear,182
2025-03-05,R03,20,2,0,Clear,134
2025-03-05,R03,21,2,0,Clear,61
2025-03-05,R03,22,2,0,Clear,70
2025-03-05,R04,6,2,0,Cloudy,155
2025-03-05,R04,7,2,0,Cloudy,255
2025-03-05,R04,8,2,0,Clear,370
2025-03-05,R04,9,2,0,Clear,299
2025-03-05,R04,10,2,0,Clear,148
2025-03-05,R04,11,2,0,Rain,79
2025-03-05,R04,12,2,0,Clear,52
2025-03-05,R04,13,2,0,Cloudy,43
2025-03-05,R04,14,2,0,Cloudy,39
2025-03-05,R04,15,2,0,Cloudy,94
2025-03-05,R04,16,2,0,Rain,198
2025-03-05,R04,17,2,0,Cloudy,307
2025-03-05,R04,18,2,0,Clear,439
2025-03-05,R04,19,2,0,Cloudy,322
2025-03-05,R04,20,2,0,Rain,200
2025-03-05,R04,21,2,0,Cloudy,129
2025-03-05,R04,22,2,0,Clear,75
2025-03-05,R05,6,2,0,Cloudy,61
2025-03-05,R05,7,2,0,Clear,232
2025-03-05,R05,8,2,0,Clear,277
2025-03-05,R05,9,2,0,Clear,166
2025-03-05,R05,10,2,0,Rain,122
2025-03-05,R05,11,2,0,Clear,58
2025-03-05,R05,12,2,0,Clear,60
2025-03-05,R05,13,2,0,Cloudy,47
2025-03-05,R05,14,2,0,Clear,44
2025-03-05,R05,15,2,0,Rain,72
2025-03-05,R05,16,2,0,Clear,150
2025-03-05,R05,17,2,0,Clear,224
2025-03-05,R05,18,2,0,Clear,305
2025-03-05,R05,19,2,0,Clear,237
2025-03-05,R05,20,2,0,Cloudy,106
2025-03-05,R05,21,2,0,Cloudy,83
2025-03-05,R05,22,2,0,Cloudy,36
2025-03-05,R06,6,2,0,Clear,130
2025-03-05,R06,7,2,0,Cloudy,244
2025-03-05,R06,8,2,0,Clear,335
2025-03-05,R06,9,2,0,Clear,267
2025-03-05,R06,10,2,0,Clear,155
2025-03-05,R06,11,2,0,Clear,91
2025-03-05,R06,12,2,0,Clear,55
2025-03-05,R06,13,2,0,Cloudy,50
2025-03-05,R06,14,2,0,Clear,79
2025-03-05,R06,15,2,0,Cloudy,74
2025-03-05,R06,16,2,0,Clear,179
2025-03-05,R06,17,2,0,Cloudy,313
2025-03-05,R06,18,2,0,Clear,376
2025-03-05,R06,19,2,0,Cloudy,273
2025-03-05,R06,20,2,0,Clear,167
2025-03-05,R06,21,2,0,Clear,83
2025-03-05,R06,22,2,0,Cloudy,49
2025-03-05,R07,6,2,0,Clear,78
2025-03-05,R07,7,2,0,Clear,184
2025-03-05,R07,8,2,0,Clear,201
2025-03-05,R07,9,2,0,Clear,150
2025-03-05,R07,10,2,0,Rain,89
2025-03-05,R07,11,2,0,Cloudy,33
2025-03-05,R07,12,2,0,Cloudy,33
2025-03-05,R07,13,2,0,Cloudy,53
2025-03-05,R07,14,2,0,Clear,40
2025-03-05,R07,15,2,0,Cloudy,65
2025-03-05,R07,16,2,0,Clear,115
2025-03-05,R07,17,2,0,Cloudy,200
2025-03-05,R07,18,2,0,Clear,232
2025-03-05,R07,19,2,0,Clear,209
2025-03-05,R07,20,2,0,Clear,119
2025-03-05,R07,21,2,0,Rain,65
2025-03-05,R07,22,2,0,Clear,28
2025-03-05,R08,6,2,0,Rain,150
2025-03-05,R08,7,2,0,Clear,247
2025-03-05,R08,8,2,0,Clear,311
2025-03-05,R08,9,2,0,Clear,196
2025-03-05,R08,10,2,0,Clear,118
2025-03-05,R08,11,2,0,Clear,75
2025-03-05,R08,12,2,0,Rain,55
2025-03-05,R08,13,2,0,Clear,47
2025-03-05,R08,14,2,0,Clear,49
2025-03-05,R08,15,2,0,Clear,62
2025-03-05,R08,16,2,0,Clear,164
2025-03-05,R08,17,2,0,Clear,265
2025-03-05,R08,18,2,0,Clear,331
2025-03-05,R08,19,2,0,Clear,272
2025-03-05,R08,20,2,0,Cloudy,157
2025-03-05,R08,21,2,0,Cloudy,82
2025-03-05,R08,22,2,0,Clear,62
2025-03-06,R01,6,3,0,Clear,83
2025-03-06,R01,7,3,0,Clear,225
2025-03-06,R01,8,3,0,Cloudy,278
2025-03-06,R01,9,3,0,Cloudy,201
2025-03-06,R01,10,3,0,Rain,109
2025-03-06,R01,11,3,0,Cloudy,52
2025-03-06,R01,12,3,0,Cloudy,33
2025-03-06,R01,13,3,0,Rain,76
2025-03-06,R01,14,3,0,Clear,48
2025-03-06,R01,15,3,0,Rain,87
2025-03-06,R01,16,3,0,Clear,141
2025-03-06,R01,17,3,0,Clear,257
2025-03-06,R01,18,3,0,Clear,295
2025-03-06,R01,19,3,0,Clear,252
2025-03-06,R01,20,3,0,Clear,138
2025-03-06,R01,21,3,0,Clear,92
2025-03-06,R01,22,3,0,Clear,24
2025-03-06,R02,6,3,0,Clear,129
2025-03-06,R02,7,3,0,Clear,263
2025-03-06,R02,8,3,0,Clear,330
2025-03-06,R02,9,3,0,Clear,228
2025-03-06,R02,10,3,0,Clear,144
2025-03-06,R02,11,3,0,Clear,61
2025-03-06,R02,12,3,0,Clear,50
2025-03-06,R02,13,3,0,Clear,72
2025-03-06,R02,14,3,0,Clear,58
2025-03-06,R02,15,3,0,Cloudy,62
2025-03-06,R02,16,3,0,Cloudy,143
2025-03-06,R02,17,3,0,Cloudy,277
2025-03-06,R02,18,3,0,Rain,392
2025-03-06,R02,19,3,0,Clear,289
2025-03-06,R02,20,3,0,Cloudy,166
2025-03-06,R02,21,3,0,Clear,94
2025-03-06,R02,22,3,0,Clear,59
2025-03-06,R03,6,3,0,Rain,115
2025-03-06,R03,7,3,0,Clear,181
2025-03-06,R03,8,3,0,Clear,225
2025-03-06,R03,9,3,0,Cloudy,156
2025-03-06,R03,10,3,0,Cloudy,103
2025-03-06,R03,11,3,0,Clear,46
2025-03-06,R03,12,3,0,Cloudy,35
2025-03-06,R03,13,3,0,Clear,63
2025-03-06,R03,14,3,0,Cloudy,29
2025-03-06,R03,15,3,0,Rain,56
2025-03-06,R03,16,3,0,Rain,126
2025-03-06,R03,17,3,0,Cloudy,178
2025-03-06,R03,18,3,0,Clear,237
2025-03-06,R03,19,3,0,Clear,227
2025-03-06,R03,20,3,0,Cloudy,107
2025-03-06,R03,21,3,0,Cloudy,63
2025-03-06,R03,22,3,0,Clear,25
2025-03-06,R04,6,3,0,Clear,139
2025-03-06,R04,7,3,0,Rain,337
2025-03-06,R04,8,3,0,Clear,348
2025-03-06,R04,9,3,0,Cloudy,272
2025-03-06,R04,10,3,0,Rain,130
2025-03-06,R04,11,3,0,Clear,63
2025-03-06,R04,12,3,0,Clear,63
2025-03-06,R04,13,3,0,Clear,78
2025-03-06,R04,14,3,0,Clear,72
2025-03-06,R04,15,3,0,Clear,99
2025-03-06,R04,16,3,0,Rain,221
2025-03-06,R04,17,3,0,Clear,339
2025-03-06,R04,18,3,0,Clear,389
2025-03-06,R04,19,3,0,Rain,368
2025-03-06,R04,20,3,0,Clear,186
2025-03-06,R04,21,3,0,Clear,98
2025-03-06,R04,22,3,0,Clear,64
2025-03-06,R05,6,3,0,Cloudy,100
2025-03-06,R05,7,3,0,Rain,225
2025-03-06,R05,8,3,0,Clear,238
2025-03-06,R05,9,3,0,Clear,190
2025-03-06,R05,10,3,0,Clear,116
2025-03-06,R05,11,3,0,Rain,75
2025-03-06,R05,12,3,0,Cloudy,65
2025-03-06,R05,13,3,0,Cloudy,44
2025-03-06,R05,14,3,0,Clear,40
2025-03-06,R05,15,3,0,Clear,62
2025-03-06,R05,16,3,0,Clear,136
2025-03-06,R05,17,3,0,Clear,224
2025-03-06,R05,18,3,0,Clear,310
2025-03-06,R05,19,3,0,Clear,229
2025-03-06,R05,20,3,0,Cloudy,144
2025-03-06,R05,21,3,0,Cloudy,53
2025-03-06,R05,22,3,0,Clear,47
2025-03-06,R06,6,3,0,Cloudy,127
2025-03-06,R06,7,3,0,Rain,269
2025-03-06,R06,8,3,0,Clear,332
2025-03-06,R06,9,3,0,Clear,266
2025-03-06,R06,10,3,0,Clear,111
2025-03-06,R06,11,3,0,Clear,84
2025-03-06,R06,12,3,0,Clear,66
2025-03-06,R06,13,3,0,Cloudy,57
2025-03-06,R06,14,3,0,Clear,76
2025-03-06,R06,15,3,0,Cloudy,99
2025-03-06,R06,16,3,0,Cloudy,206
2025-03-06,R06,17,3,0,Clear,291
2025-03-06,R06,18,3,0,Cloudy,381
2025-03-06,R06,19,3,0,Clear,324
2025-03-06,R06,20,3,0,Clear,183
2025-03-06,R06,21,3,0,Clear,80
2025-03-06,R06,22,3,0,Clear,60
2025-03-06,R07,6,3,0,Cloudy,68
2025-03-06,R07,7,3,0,Clear,150
2025-03-06,R07,8,3,0,Cloudy,192
2025-03-06,R07,9,3,0,Clear,170
2025-03-06,R07,10,3,0,Clear,107
2025-03-06,R07,11,3,0,Clear,39
2025-03-06,R07,12,3,0,Cloudy,36
2025-03-06,R07,13,3,0,Cloudy,21
2025-03-06,R07,14,3,0,Rain,57
2025-03-06,R07,15,3,0,Clear,60
2025-03-06,R07,16,3,0,Clear,100
2025-03-06,R07,17,3,0,Clear,159
2025-03-06,R07,18,3,0,Cloudy,209
2025-03-06,R07,19,3,0,Cloudy,172
2025-03-06,R07,20,3,0,Clear,79
2025-03-06,R07,21,3,0,Cloudy,34
2025-03-06,R07,22,3,0,Clear,40
2025-03-06,R08,6,3,0,Rain,160
2025-03-06,R08,7,3,0,Clear,247
2025-03-06,R08,8,3,0,Cloudy,275
2025-03-06,R08,9,3,0,Rain,249
2025-03-06,R08,10,3,0,Clear,114
2025-03-06,R08,11,3,0,Clear,57
2025-03-06,R08,12,3,0,Clear,51
2025-03-06,R08,13,3,0,Clear,83
2025-03-06,R08,14,3,0,Clear,53
2025-03-06,R08,15,3,0,Clear,82
2025-03-06,R08,16,3,0,Clear,141
2025-03-06,R08,17,3,0,Cloudy,265
2025-03-06,R08,18,3,0,Cloudy,316
2025-03-06,R08,19,3,0,Clear,268
2025-03-06,R08,20,3,0,Rain,159
2025-03-06,R08,21,3,0,Clear,72
2025-03-06,R08,22,3,0,Rain,57
2025-03-07,R01,6,4,0,Cloudy,100
2025-03-07,R01,7,4,0,Clear,197
2025-03-07,R01,8,4,0,Cloudy,251
2025-03-07,R01,9,4,0,Cloudy,200
2025-03-07,R01,10,4,0,Cloudy,116
2025-03-07,R01,11,4,0,Cloudy,82
2025-03-07,R01,12,4,0,Clear,25
2025-03-07,R01,13,4,0,Clear,53
2025-03-07,R01,14,4,0,Clear,48
2025-03-07,R01,15,4,0,Clear,47
2025-03-07,R01,16,4,0,Clear,134
2025-03-07,R01,17,4,0,Rain,250
2025-03-07,R01,18,4,0,Rain,345
2025-03-07,R01,19,4,0,Clear,256
2025-03-07,R01,20,4,0,Cloudy,136
2025-03-07,R01,21,4,0,Clear,65
2025-03-07,R01,22,4,0,Clear,72
2025-03-07,R02,6,4,0,Clear,117
2025-03-07,R02,7,4,0,Clear,242
2025-03-07,R02,8,4,0,Clear,314
2025-03-07,R02,9,4,0,Clear,247
2025-03-07,R02,10,4,0,Clear,165
2025-03-07,R02,11,4,0,Cloudy,91
2025-03-07,R02,12,4,0,Clear,65
2025-03-07,R02,13,4,0,Clear,57
2025-03-07,R02,14,4,0,Rain,68
2025-03-07,R02,15,4,0,Clear,99
2025-03-07,R02,16,4,0,Rain,201
2025-03-07,R02,17,4,0,Cloudy,260
2025-03-07,R02,18,4,0,Cloudy,363
2025-03-07,R02,19,4,0,Clear,299
2025-03-07,R02,20,4,0,Clear,161
2025-03-07,R02,21,4,0,Clear,86
2025-03-07,R02,22,4,0,Rain,75
2025-03-07,R03,6,4,0,Clear,99
2025-03-07,R03,7,4,0,Cloudy,149
2025-03-07,R03,8,4,0,Clear,220
2025-03-07,R03,9,4,0,Rain,192
2025-03-07,R03,10,4,0,Cloudy,103
2025-03-07,R03,11,4,0,Cloudy,65
2025-03-07,R03,12,4,0,Rain,28
2025-03-07,R03,13,4,0,Rain,44
2025-03-07,R03,14,4,0,Cloudy,32
2025-03-07,R03,15,4,0,Clear,68
2025-03-07,R03,16,4,0,Cloudy,142
2025-03-07,R03,17,4,0,Clear,218
2025-03-07,R03,18,4,0,Cloudy,243
2025-03-07,R03,19,4,0,Clear,215
2025-03-07,R03,20,4,0,Cloudy,131
2025-03-07,R03,21,4,0,Cloudy,71
2025-03-07,R03,22,4,0,Clear,28
2025-03-07,R04,6,4,0,Rain,192
2025-03-07,R04,7,4,0,Cloudy,268
2025-03-07,R04,8,4,0,Rain,405
2025-03-07,R04,9,4,0,Clear,301
2025-03-07,R04,10,4,0,Cloudy,174
2025-03-07,R04,11,4,0,Clear,78
2025-03-07,R04,12,4,0,Clear,83
2025-03-07,R04,13,4,0,Rain,65
2025-03-07,R04,14,4,0,Cloudy,71
2025-03-07,R04,15,4,0,Rain,92
2025-03-07,R04,16,4,0,Clear,186
2025-03-07,R04,17,4,0,Cloudy,319
2025-03-07,R04,18,4,0,Clear,421
2025-03-07,R04,19,4,0,Clear,343
2025-03-07,R04,20,4,0,Clear,207
2025-03-07,R04,21,4,0,Clear,97
2025-03-07,R04,22,4,0,Clear,70
2025-03-07,R05,6,4,0,Clear,107
2025-03-07,R05,7,4,0,Cloudy,184
2025-03-07,R05,8,4,0,Clear,244
2025-03-07,R05,9,4,0,Clear,202
2025-03-07,R05,10,4,0,Rain,129
2025-03-07,R05,11,4,0,Clear,64
2025-03-07,R05,12,4,0,Cloudy,39
2025-03-07,R05,13,4,0,Rain,53
2025-03-07,R05,14,4,0,Rain,49
2025-03-07,R05,15,4,0,Clear,80
2025-03-07,R05,16,4,0,Clear,148
2025-03-07,R05,17,4,0,Cloudy,235
2025-03-07,R05,18,4,0,Cloudy,271
2025-03-07,R05,19,4,0,Cloudy,217
2025-03-07,R05,20,4,0,Cloudy,142
2025-03-07,R05,21,4,0,Clear,68
2025-03-07,R05,22,4,0,Rain,57
2025-03-07,R06,6,4,0,Cloudy,137
2025-03-07,R06,7,4,0,Clear,263
2025-03-07,R06,8,4,0,Clear,347
2025-03-07,R06,9,4,0,Clear,245
2025-03-07,R06,10,4,0,Clear,147
2025-03-07,R06,11,4,0,Rain,115
2025-03-07,R06,12,4,0,Rain,58
2025-03-07,R06,13,4,0,Rain,62
2025-03-07,R06,14,4,0,Clear,69
2025-03-07,R06,15,4,0,Clear,73
2025-03-07,R06,16,4,0,Cloudy,166
2025-03-07,R06,17,4,0,Clear,307
2025-03-07,R06,18,4,0,Clear,381
2025-03-07,R06,19,4,0,Clear,306
2025-03-07,R06,20,4,0,Cloudy,170
2025-03-07,R06,21,4,0,Clear,87
2025-03-07,R06,22,4,0,Clear,66
2025-03-07,R07,6,4,0,Clear,84
2025-03-07,R07,7,4,0,Clear,167
2025-03-07,R07,8,4,0,Clear,212
2025-03-07,R07,9,4,0,Cloudy,126
2025-03-07,R07,10,4,0,Cloudy,93
2025-03-07,R07,11,4,0,Clear,33
2025-03-07,R07,12,4,0,Clear,36
2025-03-07,R07,13,4,0,Clear,15
2025-03-07,R07,14,4,0,Cloudy,10
2025-03-07,R07,15,4,0,Clear,85
2025-03-07,R07,16,4,0,Clear,104
2025-03-07,R07,17,4,0,Clear,177
2025-03-07,R07,18,4,0,Rain,247
2025-03-07,R07,19,4,0,Clear,177
2025-03-07,R07,20,4,0,Clear,115
2025-03-07,R07,21,4,0,Rain,64
2025-03-07,R07,22,4,0,Clear,48
2025-03-07,R08,6,4,0,Clear,114
2025-03-07,R08,7,4,0,Cloudy,199
2025-03-07,R08,8,4,0,Rain,339
2025-03-07,R08,9,4,0,Cloudy,223
2025-03-07,R08,10,4,0,Cloudy,101
2025-03-07,R08,11,4,0,Cloudy,49
2025-03-07,R08,12,4,0,Cloudy,54
2025-03-07,R08,13,4,0,Clear,62
2025-03-07,R08,14,4,0,Clear,46
2025-03-07,R08,15,4,0,Cloudy,100
2025-03-07,R08,16,4,0,Rain,183
2025-03-07,R08,17,4,0,Cloudy,272
2025-03-07,R08,18,4,0,Rain,372
2025-03-07,R08,19,4,0,Clear,274
2025-03-07,R08,20,4,0,Rain,157
2025-03-07,R08,21,4,0,Cloudy,68
2025-03-07,R08,22,4,0,Cloudy,54
2025-03-08,R01,6,5,1,Rain,90
2025-03-08,R01,7,5,1,Clear,147
2025-03-08,R01,8,5,1,Clear,159
2025-03-08,R01,9,5,1,Cloudy,123
2025-03-08,R01,10,5,1,Clear,81
2025-03-08,R01,11,5,1,Clear,48
2025-03-08,R01,12,5,1,Cloudy,27
2025-03-08,R01,13,5,1,Clear,43
2025-03-08,R01,14,5,1,Clear,45
2025-03-08,R01,15,5,1,Rain,86
2025-03-08,R01,16,5,1,Clear,98
2025-03-08,R01,17,5,1,Clear,164
2025-03-08,R01,18,5,1,Clear,197
2025-03-08,R01,19,5,1,Cloudy,142
2025-03-08,R01,20,5,1,Cloudy,100
2025-03-08,R01,21,5,1,Clear,58
2025-03-08,R01,22,5,1,Clear,20
2025-03-08,R02,6,5,1,Cloudy,93
2025-03-08,R02,7,5,1,Clear,172
2025-03-08,R02,8,5,1,Clear,213
2025-03-08,R02,9,5,1,Clear,144
2025-03-08,R02,10,5,1,Rain,106
2025-03-08,R02,11,5,1,Clear,74
2025-03-08,R02,12,5,1,Cloudy,28
2025-03-08,R02,13,5,1,Clear,42
2025-03-08,R02,14,5,1,Clear,50
2025-03-08,R02,15,5,1,Clear,30
2025-03-08,R02,16,5,1,Clear,103
2025-03-08,R02,17,5,1,Clear,180
2025-03-08,R02,18,5,1,Cloudy,255
2025-03-08,R02,19,5,1,Cloudy,157
2025-03-08,R02,20,5,1,Cloudy,105
2025-03-08,R02,21,5,1,Clear,65
2025-03-08,R02,22,5,1,Clear,32
2025-03-08,R03,6,5,1,Clear,34
2025-03-08,R03,7,5,1,Clear,115
2025-03-08,R03,8,5,1,Cloudy,131
2025-03-08,R03,9,5,1,Rain,135
2025-03-08,R03,10,5,1,Clear,74
2025-03-08,R03,11,5,1,Clear,19
2025-03-08,R03,12,5,1,Cloudy,17
2025-03-08,R03,13,5,1,Clear,19
2025-03-08,R03,14,5,1,Clear,40
2025-03-08,R03,15,5,1,Cloudy,41
2025-03-08,R03,16,5,1,Cloudy,60
2025-03-08,R03,17,5,1,Clear,154
2025-03-08,R03,18,5,1,Clear,161
2025-03-08,R03,19,5,1,Clear,132
2025-03-08,R03,20,5,1,Clear,67
2025-03-08,R03,21,5,1,Clear,44
2025-03-08,R03,22,5,1,Clear,25
2025-03-08,R04,6,5,1,Clear,123
2025-03-08,R04,7,5,1,Clear,195
2025-03-08,R04,8,5,1,Clear,235
2025-03-08,R04,9,5,1,Rain,212
2025-03-08,R04,10,5,1,Cloudy,119
2025-03-08,R04,11,5,1,Clear,40
2025-03-08,R04,12,5,1,Clear,52
2025-03-08,R04,13,5,1,Clear,20
2025-03-08,R04,14,5,1,Rain,72
2025-03-08,R04,15,5,1,Rain,69
2025-03-08,R04,16,5,1,Clear,119
2025-03-08,R04,17,5,1,Cloudy,236
2025-03-08,R04,18,5,1,Cloudy,263
2025-03-08,R04,19,5,1,Clear,228
2025-03-08,R04,20,5,1,Cloudy,117
2025-03-08,R04,21,5,1,Cloudy,59
2025-03-08,R04,22,5,1,Clear,22
2025-03-08,R05,6,5,1,Clear,79
2025-03-08,R05,7,5,1,Clear,117
2025-03-08,R05,8,5,1,Clear,187
2025-03-08,R05,9,5,1,Clear,121
2025-03-08,R05,10,5,1,Clear,74
2025-03-08,R05,11,5,1,Rain,36
2025-03-08,R05,12,5,1,Cloudy,24
2025-03-08,R05,13,5,1,Clear,28
2025-03-08,R05,14,5,1,Clear,38
2025-03-08,R05,15,5,1,Clear,69
2025-03-08,R05,16,5,1,Clear,86
2025-03-08,R05,17,5,1,Clear,133
2025-03-08,R05,18,5,1,Clear,214
2025-03-08,R05,19,5,1,Clear,170
2025-03-08,R05,20,5,1,Cloudy,72
2025-03-08,R05,21,5,1,Clear,31
2025-03-08,R05,22,5,1,Clear,39
2025-03-08,R06,6,5,1,Cloudy,92
2025-03-08,R06,7,5,1,Cloudy,192
2025-03-08,R06,8,5,1,Clear,235
2025-03-08,R06,9,5,1,Clear,170
2025-03-08,R06,10,5,1,Clear,83
2025-03-08,R06,11,5,1,Clear,53
2025-03-08,R06,12,5,1,Clear,17
2025-03-08,R06,13,5,1,Clear,20
2025-03-08,R06,14,5,1,Cloudy,26
2025-03-08,R06,15,5,1,Clear,54
2025-03-08,R06,16,5,1,Clear,120
2025-03-08,R06,17,5,1,Rain,240
2025-03-08,R06,18,5,1,Clear,278
2025-03-08,R06,19,5,1,Cloudy,213
2025-03-08,R06,20,5,1,Rain,145
2025-03-08,R06,21,5,1,Clear,57
2025-03-08,R06,22,5,1,Cloudy,30
2025-03-08,R07,6,5,1,Rain,65
2025-03-08,R07,7,5,1,Clear,109
2025-03-08,R07,8,5,1,Clear,117
2025-03-08,R07,9,5,1,Cloudy,93
2025-03-08,R07,10,5,1,Rain,48
2025-03-08,R07,11,5,1,Cloudy,10
2025-03-08,R07,12,5,1,Clear,28
2025-03-08,R07,13,5,1,Rain,38
2025-03-08,R07,14,5,1,Cloudy,47
2025-03-08,R07,15,5,1,Clear,34
2025-03-08,R07,16,5,1,Clear,46
2025-03-08,R07,17,5,1,Clear,148
2025-03-08,R07,18,5,1,Clear,177
2025-03-08,R07,19,5,1,Cloudy,156
2025-03-08,R07,20,5,1,Clear,103
2025-03-08,R07,21,5,1,Cloudy,38
2025-03-08,R07,22,5,1,Clear,26
2025-03-08,R08,6,5,1,Clear,94
2025-03-08,R08,7,5,1,Cloudy,128
2025-03-08,R08,8,5,1,Rain,211
2025-03-08,R08,9,5,1,Cloudy,145
2025-03-08,R08,10,5,1,Cloudy,94
2025-03-08,R08,11,5,1,Rain,67
2025-03-08,R08,12,5,1,Clear,35
2025-03-08,R08,13,5,1,Cloudy,16
2025-03-08,R08,14,5,1,Clear,51
2025-03-08,R08,15,5,1,Cloudy,33
2025-03-08,R08,16,5,1,Clear,99
2025-03-08,R08,17,5,1,Clear,189
2025-03-08,R08,18,5,1,Rain,231
2025-03-08,R08,19,5,1,Clear,175
2025-03-08,R08,20,5,1,Cloudy,114
2025-03-08,R08,21,5,1,Clear,66
2025-03-08,R08,22,5,1,Clear,22
2025-03-09,R01,6,6,1,Clear,81
2025-03-09,R01,7,6,1,Cloudy,110
2025-03-09,R01,8,6,1,Rain,210
2025-03-09,R01,9,6,1,Cloudy,125
2025-03-09,R01,10,6,1,Cloudy,69
2025-03-09,R01,11,6,1,Clear,43
2025-03-09,R01,12,6,1,Clear,18
2025-03-09,R01,13,6,1,Cloudy,20
2025-03-09,R01,14,6,1,Clear,59
2025-03-09,R01,15,6,1,Cloudy,44
2025-03-09,R01,16,6,1,Clear,99
2025-03-09,R01,17,6,1,Cloudy,161
2025-03-09,R01,18,6,1,Cloudy,214
2025-03-09,R01,19,6,1,Rain,197
2025-03-09,R01,20,6,1,Cloudy,51
2025-03-09,R01,21,6,1,Cloudy,33
2025-03-09,R01,22,6,1,Clear,56
2025-03-09,R02,6,6,1,Cloudy,111
2025-03-09,R02,7,6,1,Cloudy,143
2025-03-09,R02,8,6,1,Clear,211
2025-03-09,R02,9,6,1,Clear,167
2025-03-09,R02,10,6,1,Clear,85
2025-03-09,R02,11,6,1,Clear,58
2025-03-09,R02,12,6,1,Clear,37
2025-03-09,R02,13,6,1,Rain,35
2025-03-09,R02,14,6,1,Clear,52
2025-03-09,R02,15,6,1,Cloudy,29
2025-03-09,R02,16,6,1,Cloudy,111
2025-03-09,R02,17,6,1,Cloudy,195
2025-03-09,R02,18,6,1,Clear,265
2025-03-09,R02,19,6,1,Clear,200
2025-03-09,R02,20,6,1,Rain,103
2025-03-09,R02,21,6,1,Clear,62
2025-03-09,R02,22,6,1,Cloudy,15
2025-03-09,R03,6,6,1,Cloudy,64
2025-03-09,R03,7,6,1,Clear,134
2025-03-09,R03,8,6,1,Rain,164
2025-03-09,R03,9,6,1,Clear,114
2025-03-09,R03,10,6,1,Clear,73
2025-03-09,R03,11,6,1,Cloudy,37
2025-03-09,R03,12,6,1,Rain,40
2025-03-09,R03,13,6,1,Clear,59
2025-03-09,R03,14,6,1,Clear,23
2025-03-09,R03,15,6,1,Clear,48
2025-03-09,R03,16,6,1,Cloudy,96
2025-03-09,R03,17,6,1,Cloudy,151
2025-03-09,R03,18,6,1,Cloudy,168
2025-03-09,R03,19,6,1,Cloudy,127
2025-03-09,R03,20,6,1,Clear,89
2025-03-09,R03,21,6,1,Clear,52
2025-03-09,R03,22,6,1,Cloudy,40
2025-03-09,R04,6,6,1,Clear,88
2025-03-09,R04,7,6,1,Cloudy,207
2025-03-09,R04,8,6,1,Cloudy,253
2025-03-09,R04,9,6,1,Clear,192
2025-03-09,R04,10,6,1,Clear,122
2025-03-09,R04,11,6,1,Clear,55
2025-03-09,R04,12,6,1,Cloudy,65
2025-03-09,R04,13,6,1,Cloudy,43
2025-03-09,R04,14,6,1,Cloudy,33
2025-03-09,R04,15,6,1,Cloudy,94
2025-03-09,R04,16,6,1,Clear,143
2025-03-09,R04,17,6,1,Clear,226
2025-03-09,R04,18,6,1,Cloudy,288
2025-03-09,R04,19,6,1,Rain,261
2025-03-09,R04,20,6,1,Clear,127
2025-03-09,R04,21,6,1,Clear,93
2025-03-09,R04,22,6,1,Clear,60
2025-03-09,R05,6,6,1,Clear,78
2025-03-09,R05,7,6,1,Clear,136
2025-03-09,R05,8,6,1,Clear,161
2025-03-09,R05,9,6,1,Clear,103
2025-03-09,R05,10,6,1,Clear,83
2025-03-09,R05,11,6,1,Clear,24
2025-03-09,R05,12,6,1,Clear,19
2025-03-09,R05,13,6,1,Rain,32
2025-03-09,R05,14,6,1,Clear,32
2025-03-09,R05,15,6,1,Clear,38
2025-03-09,R05,16,6,1,Cloudy,97
2025-03-09,R05,17,6,1,Rain,154
2025-03-09,R05,18,6,1,Clear,208
2025-03-09,R05,19,6,1,Clear,157
2025-03-09,R05,20,6,1,Clear,81
2025-03-09,R05,21,6,1,Clear,27
2025-03-09,R05,22,6,1,Clear,37
2025-03-09,R06,6,6,1,Clear,79
2025-03-09,R06,7,6,1,Clear,161
2025-03-09,R06,8,6,1,Clear,249
2025-03-09,R06,9,6,1,Clear,159
2025-03-09,R06,10,6,1,Clear,72
2025-03-09,R06,11,6,1,Clear,61
2025-03-09,R06,12,6,1,Cloudy,44
2025-03-09,R06,13,6,1,Rain,37
2025-03-09,R06,14,6,1,Cloudy,29
2025-03-09,R06,15,6,1,Clear,54
2025-03-09,R06,16,6,1,Clear,114
2025-03-09,R06,17,6,1,Cloudy,206
2025-03-09,R06,18,6,1,Cloudy,248
2025-03-09,R06,19,6,1,Clear,206
2025-03-09,R06,20,6,1,Clear,116
2025-03-09,R06,21,6,1,Cloudy,70
2025-03-09,R06,22,6,1,Cloudy,30
2025-03-09,R07,6,6,1,Rain,39
2025-03-09,R07,7,6,1,Cloudy,115
2025-03-09,R07,8,6,1,Clear,127
2025-03-09,R07,9,6,1,Clear,131
2025-03-09,R07,10,6,1,Clear,48
2025-03-09,R07,11,6,1,Clear,30
2025-03-09,R07,12,6,1,Clear,12
2025-03-09,R07,13,6,1,Clear,27
2025-03-09,R07,14,6,1,Rain,23
2025-03-09,R07,15,6,1,Clear,34
2025-03-09,R07,16,6,1,Rain,78
2025-03-09,R07,17,6,1,Cloudy,108
2025-03-09,R07,18,6,1,Cloudy,144
2025-03-09,R07,19,6,1,Rain,124
2025-03-09,R07,20,6,1,Clear,72
2025-03-09,R07,21,6,1,Rain,16
2025-03-09,R07,22,6,1,Clear,10
2025-03-09,R08,6,6,1,Clear,71
2025-03-09,R08,7,6,1,Clear,140
2025-03-09,R08,8,6,1,Cloudy,173
2025-03-09,R08,9,6,1,Clear,164
2025-03-09,R08,10,6,1,Clear,79
2025-03-09,R08,11,6,1,Clear,39
2025-03-09,R08,12,6,1,Clear,40
2025-03-09,R08,13,6,1,Rain,44
2025-03-09,R08,14,6,1,Clear,31
2025-03-09,R08,15,6,1,Clear,70
2025-03-09,R08,16,6,1,Rain,114
2025-03-09,R08,17,6,1,Clear,194
2025-03-09,R08,18,6,1,Clear,219
2025-03-09,R08,19,6,1,Clear,189
2025-03-09,R08,20,6,1,Clear,116
2025-03-09,R08,21,6,1,Clear,64
2025-03-09,R08,22,6,1,Rain,49
2025-03-10,R01,6,0,0,Cloudy,95
2025-03-10,R01,7,0,0,Clear,193
2025-03-10,R01,8,0,0,Cloudy,234
2025-03-10,R01,9,0,0,Clear,203
2025-03-10,R01,10,0,0,Rain,115
2025-03-10,R01,11,0,0,Rain,72
2025-03-10,R01,12,0,0,Rain,54
2025-03-10,R01,13,0,0,Clear,30
2025-03-10,R01,14,0,0,Clear,64
2025-03-10,R01,15,0,0,Cloudy,72
2025-03-10,R01,16,0,0,Clear,131
2025-03-10,R01,17,0,0,Clear,240
2025-03-10,R01,18,0,0,Clear,325
2025-03-10,R01,19,0,0,Clear,232
2025-03-10,R01,20,0,0,Clear,162
2025-03-10,R01,21,0,0,Rain,78
2025-03-10,R01,22,0,0,Clear,49
2025-03-10,R02,6,0,0,Clear,136
2025-03-10,R02,7,0,0,Clear,226
2025-03-10,R02,8,0,0,Clear,319
2025-03-10,R02,9,0,0,Cloudy,242
2025-03-10,R02,10,0,0,Clear,125
2025-03-10,R02,11,0,0,Clear,71
2025-03-10,R02,12,0,0,Cloudy,83
2025-03-10,R02,13,0,0,Clear,67
2025-03-10,R02,14,0,0,Clear,48
2025-03-10,R02,15,0,0,Clear,80
2025-03-10,R02,16,0,0,Clear,163
2025-03-10,R02,17,0,0,Clear,305
2025-03-10,R02,18,0,0,Clear,347
2025-03-10,R02,19,0,0,Clear,301
2025-03-10,R02,20,0,0,Clear,176
2025-03-10,R02,21,0,0,Cloudy,82
2025-03-10,R02,22,0,0,Rain,80
2025-03-10,R03,6,0,0,Clear,79
2025-03-10,R03,7,0,0,Cloudy,177
2025-03-10,R03,8,0,0,Clear,196
2025-03-10,R03,9,0,0,Clear,159
2025-03-10,R03,10,0,0,Rain,77
2025-03-10,R03,11,0,0,Clear,39
2025-03-10,R03,12,0,0,Clear,48
2025-03-10,R03,13,0,0,Clear,44
2025-03-10,R03,14,0,0,Cloudy,42
2025-03-10,R03,15,0,0,Cloudy,46
2025-03-10,R03,16,0,0,Cloudy,108
2025-03-10,R03,17,0,0,Rain,240
2025-03-10,R03,18,0,0,Clear,239
2025-03-10,R03,19,0,0,Cloudy,181
2025-03-10,R03,20,0,0,Cloudy,100
2025-03-10,R03,21,0,0,Clear,62
2025-03-10,R03,22,0,0,Cloudy,47
2025-03-10,R04,6,0,0,Clear,161
2025-03-10,R04,7,0,0,Clear,279
2025-03-10,R04,8,0,0,Cloudy,335
2025-03-10,R04,9,0,0,Cloudy,258
2025-03-10,R04,10,0,0,Cloudy,148
2025-03-10,R04,11,0,0,Clear,61
2025-03-10,R04,12,0,0,Clear,63
2025-03-10,R04,13,0,0,Clear,62
2025-03-10,R04,14,0,0,Cloudy,74
2025-03-10,R04,15,0,0,Clear,83
2025-03-10,R04,16,0,0,Clear,202
2025-03-10,R04,17,0,0,Cloudy,320
2025-03-10,R04,18,0,0,Rain,478
2025-03-10,R04,19,0,0,Clear,356
2025-03-10,R04,20,0,0,Cloudy,195
2025-03-10,R04,21,0,0,Cloudy,67
2025-03-10,R04,22,0,0,Clear,53
2025-03-10,R05,6,0,0,Clear,119
2025-03-10,R05,7,0,0,Cloudy,184
2025-03-10,R05,8,0,0,Rain,302
2025-03-10,R05,9,0,0,Cloudy,187
2025-03-10,R05,10,0,0,Clear,114
2025-03-10,R05,11,0,0,Clear,65
2025-03-10,R05,12,0,0,Clear,46
2025-03-10,R05,13,0,0,Cloudy,55
2025-03-10,R05,14,0,0,Clear,58
2025-03-10,R05,15,0,0,Clear,55
2025-03-10,R05,16,0,0,Clear,165
2025-03-10,R05,17,0,0,Clear,219
2025-03-10,R05,18,0,0,Clear,280
2025-03-10,R05,19,0,0,Clear,243
2025-03-10,R05,20,0,0,Cloudy,132
2025-03-10,R05,21,0,0,Clear,81
2025-03-10,R05,22,0,0,Cloudy,10
2025-03-10,R06,6,0,0,Rain,150
2025-03-10,R06,7,0,0,Cloudy,252
2025-03-10,R06,8,0,0,Rain,360
2025-03-10,R06,9,0,0,Cloudy,246
2025-03-10,R06,10,0,0,Clear,159
2025-03-10,R06,11,0,0,Clear,59
2025-03-10,R06,12,0,0,Clear,75
2025-03-10,R06,13,0,0,Clear,57
2025-03-10,R06,14,0,0,Clear,52
2025-03-10,R06,15,0,0,Rain,91
2025-03-10,R06,16,0,0,Cloudy,164
2025-03-10,R06,17,0,0,Clear,325
2025-03-10,R06,18,0,0,Clear,388
2025-03-10,R06,19,0,0,Rain,324
2025-03-10,R06,20,0,0,Rain,209
2025-03-10,R06,21,0,0,Clear,103
2025-03-10,R06,22,0,0,Rain,47
2025-03-10,R07,6,0,0,Cloudy,62
2025-03-10,R07,7,0,0,Cloudy,158
2025-03-10,R07,8,0,0,Clear,193
2025-03-10,R07,9,0,0,Cloudy,155
2025-03-10,R07,10,0,0,Clear,50
2025-03-10,R07,11,0,0,Clear,10
2025-03-10,R07,12,0,0,Clear,44
2025-03-10,R07,13,0,0,Clear,26
2025-03-10,R07,14,0,0,Clear,47
2025-03-10,R07,15,0,0,Cloudy,63
2025-03-10,R07,16,0,0,Clear,94
2025-03-10,R07,17,0,0,Rain,195
2025-03-10,R07,18,0,0,Rain,237
2025-03-10,R07,19,0,0,Cloudy,160
2025-03-10,R07,20,0,0,Clear,105
2025-03-10,R07,21,0,0,Cloudy,62
2025-03-10,R07,22,0,0,Clear,27
2025-03-10,R08,6,0,0,Cloudy,105
2025-03-10,R08,7,0,0,Clear,223
2025-03-10,R08,8,0,0,Cloudy,285
2025-03-10,R08,9,0,0,Clear,244
2025-03-10,R08,10,0,0,Clear,118
2025-03-10,R08,11,0,0,Clear,40
2025-03-10,R08,12,0,0,Cloudy,36
2025-03-10,R08,13,0,0,Clear,47
2025-03-10,R08,14,0,0,Clear,45
2025-03-10,R08,15,0,0,Clear,64
2025-03-10,R08,16,0,0,Clear,157
2025-03-10,R08,17,0,0,Cloudy,291
2025-03-10,R08,18,0,0,Clear,322
2025-03-10,R08,19,0,0,Clear,276
2025-03-10,R08,20,0,0,Clear,163
2025-03-10,R08,21,0,0,Cloudy,85
2025-03-10,R08,22,0,0,Clear,56
2025-03-11,R01,6,1,0,Clear,94
2025-03-11,R01,7,1,0,Cloudy,209
2025-03-11,R01,8,1,0,Clear,246
2025-03-11,R01,9,1,0,Rain,228
2025-03-11,R01,10,1,0,Clear,108
2025-03-11,R01,11,1,0,Rain,51
2025-03-11,R01,12,1,0,Clear,41
2025-03-11,R01,13,1,0,Clear,55
2025-03-11,R01,14,1,0,Clear,49
2025-03-11,R01,15,1,0,Clear,54
2025-03-11,R01,16,1,0,Cloudy,143
2025-03-11,R01,17,1,0,Clear,273
2025-03-11,R01,18,1,0,Cloudy,269
2025-03-11,R01,19,1,0,Cloudy,232
2025-03-11,R01,20,1,0,Cloudy,133
2025-03-11,R01,21,1,0,Clear,56
2025-03-11,R01,22,1,0,Clear,69
2025-03-11,R02,6,1,0,Cloudy,123
2025-03-11,R02,7,1,0,Cloudy,245
2025-03-11,R02,8,1,0,Rain,353
2025-03-11,R02,9,1,0,Clear,264
2025-03-11,R02,10,1,0,Clear,135
2025-03-11,R02,11,1,0,Clear,65
2025-03-11,R02,12,1,0,Cloudy,61
2025-03-11,R02,13,1,0,Clear,45
2025-03-11,R02,14,1,0,Clear,69
2025-03-11,R02,15,1,0,Clear,74
2025-03-11,R02,16,1,0,Clear,166
2025-03-11,R02,17,1,0,Cloudy,271
2025-03-11,R02,18,1,0,Clear,363
2025-03-11,R02,19,1,0,Clear,312
2025-03-11,R02,20,1,0,Clear,159
2025-03-11,R02,21,1,0,Clear,99
2025-03-11,R02,22,1,0,Clear,78
2025-03-11,R03,6,1,0,Clear,102
2025-03-11,R03,7,1,0,Clear,174
2025-03-11,R03,8,1,0,Rain,244
2025-03-11,R03,9,1,0,Clear,163
2025-03-11,R03,10,1,0,Rain,79
2025-03-11,R03,11,1,0,Clear,50
2025-03-11,R03,12,1,0,Clear,58
2025-03-11,R03,13,1,0,Clear,59
2025-03-11,R03,14,1,0,Clear,23
2025-03-11,R03,15,1,0,Cloudy,77
2025-03-11,R03,16,1,0,Cloudy,117
2025-03-11,R03,17,1,0,Clear,209
2025-03-11,R03,18,1,0,Clear,268
2025-03-11,R03,19,1,0,Cloudy,205
2025-03-11,R03,20,1,0,Clear,103
2025-03-11,R03,21,1,0,Clear,50
2025-03-11,R03,22,1,0,Clear,19
2025-03-11,R04,6,1,0,Clear,156
2025-03-11,R04,7,1,0,Clear,271
2025-03-11,R04,8,1,0,Cloudy,334
2025-03-11,R04,9,1,0,Clear,299
2025-03-11,R04,10,1,0,Cloudy,148
2025-03-11,R04,11,1,0,Cloudy,84
2025-03-11,R04,12,1,0,Clear,96
2025-03-11,R04,13,1,0,Cloudy,22
2025-03-11,R04,14,1,0,Clear,58
2025-03-11,R04,15,1,0,Cloudy,90
2025-03-11,R04,16,1,0,Cloudy,170
2025-03-11,R04,17,1,0,Clear,347
2025-03-11,R04,18,1,0,Rain,451
2025-03-11,R04,19,1,0,Clear,320
2025-03-11,R04,20,1,0,Clear,196
2025-03-11,R04,21,1,0,Clear,106
2025-03-11,R04,22,1,0,Clear,56
2025-03-11,R05,6,1,0,Cloudy,97
2025-03-11,R05,7,1,0,Clear,206
2025-03-11,R05,8,1,0,Cloudy,257
2025-03-11,R05,9,1,0,Clear,190
2025-03-11,R05,10,1,0,Cloudy,107
2025-03-11,R05,11,1,0,Clear,50
2025-03-11,R05,12,1,0,Cloudy,44
2025-03-11,R05,13,1,0,Cloudy,29
2025-03-11,R05,14,1,0,Clear,57
2025-03-11,R05,15,1,0,Clear,85
2025-03-11,R05,16,1,0,Clear,133
2025-03-11,R05,17,1,0,Rain,256
2025-03-11,R05,18,1,0,Cloudy,268
2025-03-11,R05,19,1,0,Clear,219
2025-03-11,R05,20,1,0,Clear,145
2025-03-11,R05,21,1,0,Clear,87
2025-03-11,R05,22,1,0,Cloudy,36
2025-03-11,R06,6,1,0,Cloudy,134
2025-03-11,R06,7,1,0,Cloudy,254
2025-03-11,R06,8,1,0,Clear,328
2025-03-11,R06,9,1,0,Rain,309
2025-03-11,R06,10,1,0,Cloudy,134
2025-03-11,R06,11,1,0,Cloudy,52
2025-03-11,R06,12,1,0,Clear,76
2025-03-11,R06,13,1,0,Clear,28
2025-03-11,R06,14,1,0,Cloudy,60
2025-03-11,R06,15,1,0,Rain,96
2025-03-11,R06,16,1,0,Cloudy,176
2025-03-11,R06,17,1,0,Rain,334
2025-03-11,R06,18,1,0,Clear,401
2025-03-11,R06,19,1,0,Rain,357
2025-03-11,R06,20,1,0,Clear,199
2025-03-11,R06,21,1,0,Cloudy,116
2025-03-11,R06,22,1,0,Cloudy,68
2025-03-11,R07,6,1,0,Clear,80
2025-03-11,R07,7,1,0,Clear,143
2025-03-11,R07,8,1,0,Clear,202
2025-03-11,R07,9,1,0,Clear,179
2025-03-11,R07,10,1,0,Cloudy,55
2025-03-11,R07,11,1,0,Rain,31
2025-03-11,R07,12,1,0,Rain,43
2025-03-11,R07,13,1,0,Cloudy,12
2025-03-11,R07,14,1,0,Clear,17
2025-03-11,R07,15,1,0,Clear,70
2025-03-11,R07,16,1,0,Cloudy,110
2025-03-11,R07,17,1,0,Clear,170
2025-03-11,R07,18,1,0,Clear,205
2025-03-11,R07,19,1,0,Clear,201
2025-03-11,R07,20,1,0,Cloudy,82
2025-03-11,R07,21,1,0,Rain,41
2025-03-11,R07,22,1,0,Clear,24
2025-03-11,R08,6,1,0,Clear,128
2025-03-11,R08,7,1,0,Cloudy,248
2025-03-11,R08,8,1,0,Cloudy,270
2025-03-11,R08,9,1,0,Cloudy,234
2025-03-11,R08,10,1,0,Clear,124
2025-03-11,R08,11,1,0,Clear,40
2025-03-11,R08,12,1,0,Clear,46
2025-03-11,R08,13,1,0,Clear,67
2025-03-11,R08,14,1,0,Clear,71
2025-03-11,R08,15,1,0,Clear,72
2025-03-11,R08,16,1,0,Clear,167
2025-03-11,R08,17,1,0,Clear,272
2025-03-11,R08,18,1,0,Clear,341
2025-03-11,R08,19,1,0,Clear,291
2025-03-11,R08,20,1,0,Rain,163
2025-03-11,R08,21,1,0,Clear,77
2025-03-11,R08,22,1,0,Clear,75
2025-03-12,R01,6,2,0,Clear,141
2025-03-12,R01,7,2,0,Clear,223
2025-03-12,R01,8,2,0,Clear,273
2025-03-12,R01,9,2,0,Clear,222
2025-03-12,R01,10,2,0,Clear,104
2025-03-12,R01,11,2,0,Clear,62
2025-03-12,R01,12,2,0,Clear,28
2025-03-12,R01,13,2,0,Cloudy,38
2025-03-12,R01,14,2,0,Clear,58
2025-03-12,R01,15,2,0,Clear,77
2025-03-12,R01,16,2,0,Cloudy,103
2025-03-12,R01,17,2,0,Clear,245
2025-03-12,R01,18,2,0,Clear,308
2025-03-12,R01,19,2,0,Clear,252
2025-03-12,R01,20,2,0,Rain,139
2025-03-12,R01,21,2,0,Rain,92
2025-03-12,R01,22,2,0,Rain,84
2025-03-12,R02,6,2,0,Clear,144
2025-03-12,R02,7,2,0,Clear,249
2025-03-12,R02,8,2,0,Cloudy,321
2025-03-12,R02,9,2,0,Cloudy,225
2025-03-12,R02,10,2,0,Cloudy,132
2025-03-12,R02,11,2,0,Clear,71
2025-03-12,R02,12,2,0,Clear,80
2025-03-12,R02,13,2,0,Clear,44
2025-03-12,R02,14,2,0,Clear,48
2025-03-12,R02,15,2,0,Clear,106
2025-03-12,R02,16,2,0,Clear,175
2025-03-12,R02,17,2,0,Clear,277
2025-03-12,R02,18,2,0,Rain,417
2025-03-12,R02,19,2,0,Cloudy,264
2025-03-12,R02,20,2,0,Clear,159
2025-03-12,R02,21,2,0,Clear,93
2025-03-12,R02,22,2,0,Rain,47
2025-03-12,R03,6,2,0,Cloudy,90
2025-03-12,R03,7,2,0,Clear,167
2025-03-12,R03,8,2,0,Cloudy,206
2025-03-12,R03,9,2,0,Clear,182
2025-03-12,R03,10,2,0,Clear,103
2025-03-12,R03,11,2,0,Cloudy,73
2025-03-12,R03,12,2,0,Clear,56
2025-03-12,R03,13,2,0,Clear,13
2025-03-12,R03,14,2,0,Clear,31
2025-03-12,R03,15,2,0,Clear,50
2025-03-12,R03,16,2,0,Clear,131
2025-03-12,R03,17,2,0,Rain,247
2025-03-12,R03,18,2,0,Clear,234
2025-03-12,R03,19,2,0,Cloudy,206
2025-03-12,R03,20,2,0,Rain,129
2025-03-12,R03,21,2,0,Cloudy,31
2025-03-12,R03,22,2,0,Rain,46
2025-03-12,R04,6,2,0,Cloudy,134
2025-03-12,R04,7,2,0,Clear,281
2025-03-12,R04,8,2,0,Rain,403
2025-03-12,R04,9,2,0,Cloudy,260
2025-03-12,R04,10,2,0,Cloudy,148
2025-03-12,R04,11,2,0,Cloudy,76
2025-03-12,R04,12,2,0,Rain,70
2025-03-12,R04,13,2,0,Clear,74
2025-03-12,R04,14,2,0,Clear,75
2025-03-12,R04,15,2,0,Clear,71
2025-03-12,R04,16,2,0,Clear,199
2025-03-12,R04,17,2,0,Cloudy,320
2025-03-12,R04,18,2,0,Clear,430
2025-03-12,R04,19,2,0,Clear,341
2025-03-12,R04,20,2,0,Rain,208
2025-03-12,R04,21,2,0,Clear,92
2025-03-12,R04,22,2,0,Cloudy,44
2025-03-12,R05,6,2,0,Clear,107
2025-03-12,R05,7,2,0,Cloudy,177
2025-03-12,R05,8,2,0,Clear,275
2025-03-12,R05,9,2,0,Clear,201
2025-03-12,R05,10,2,0,Cloudy,85
2025-03-12,R05,11,2,0,Clear,32
2025-03-12,R05,12,2,0,Cloudy,22
2025-03-12,R05,13,2,0,Cloudy,49
2025-03-12,R05,14,2,0,Rain,75
2025-03-12,R05,15,2,0,Clear,80
2025-03-12,R05,16,2,0,Cloudy,126
2025-03-12,R05,17,2,0,Rain,289
2025-03-12,R05,18,2,0,Rain,332
2025-03-12,R05,19,2,0,Clear,241
2025-03-12,R05,20,2,0,Cloudy,123
2025-03-12,R05,21,2,0,Cloudy,88
2025-03-12,R05,22,2,0,Clear,46
2025-03-12,R06,6,2,0,Clear,129
2025-03-12,R06,7,2,0,Clear,262
2025-03-12,R06,8,2,0,Clear,339
2025-03-12,R06,9,2,0,Clear,276
2025-03-12,R06,10,2,0,Rain,143
2025-03-12,R06,11,2,0,Clear,68
2025-03-12,R06,12,2,0,Clear,53
2025-03-12,R06,13,2,0,Rain,65
2025-03-12,R06,14,2,0,Rain,57
2025-03-12,R06,15,2,0,Clear,112
2025-03-12,R06,16,2,0,Cloudy,146
2025-03-12,R06,17,2,0,Clear,333
2025-03-12,R06,18,2,0,Rain,432
2025-03-12,R06,19,2,0,Rain,330
2025-03-12,R06,20,2,0,Clear,176
2025-03-12,R06,21,2,0,Cloudy,78
2025-03-12,R06,22,2,0,Clear,77
2025-03-12,R07,6,2,0,Cloudy,96
2025-03-12,R07,7,2,0,Clear,195
2025-03-12,R07,8,2,0,Clear,201
2025-03-12,R07,9,2,0,Clear,130
2025-03-12,R07,10,2,0,Cloudy,63
2025-03-12,R07,11,2,0,Cloudy,48
2025-03-12,R07,12,2,0,Cloudy,31
2025-03-12,R07,13,2,0,Rain,49
2025-03-12,R07,14,2,0,Cloudy,40
2025-03-12,R07,15,2,0,Clear,42
2025-03-12,R07,16,2,0,Clear,99
2025-03-12,R07,17,2,0,Cloudy,180
2025-03-12,R07,18,2,0,Cloudy,213
2025-03-12,R07,19,2,0,Clear,191
2025-03-12,R07,20,2,0,Rain,95
2025-03-12,R07,21,2,0,Clear,43
2025-03-12,R07,22,2,0,Cloudy,53
2025-03-12,R08,6,2,0,Cloudy,99
2025-03-12,R08,7,2,0,Clear,242
2025-03-12,R08,8,2,0,Cloudy,260
2025-03-12,R08,9,2,0,Clear,233
2025-03-12,R08,10,2,0,Clear,117
2025-03-12,R08,11,2,0,Clear,55
2025-03-12,R08,12,2,0,Rain,62
2025-03-12,R08,13,2,0,Clear,69
2025-03-12,R08,14,2,0,Cloudy,45
2025-03-12,R08,15,2,0,Cloudy,49
2025-03-12,R08,16,2,0,Cloudy,146
2025-03-12,R08,17,2,0,Cloudy,245
2025-03-12,R08,18,2,0,Cloudy,329
2025-03-12,R08,19,2,0,Cloudy,251
2025-03-12,R08,20,2,0,Clear,148
2025-03-12,R08,21,2,0,Clear,78
2025-03-12,R08,22,2,0,Cloudy,71
2025-03-13,R01,6,3,0,Clear,119
2025-03-13,R01,7,3,0,Cloudy,184
2025-03-13,R01,8,3,0,Clear,252
2025-03-13,R01,9,3,0,Clear,232
2025-03-13,R01,10,3,0,Clear,103
2025-03-13,R01,11,3,0,Clear,78
2025-03-13,R01,12,3,0,Clear,47
2025-03-13,R01,13,3,0,Rain,42
2025-03-13,R01,14,3,0,Clear,43
2025-03-13,R01,15,3,0,Cloudy,69
2025-03-13,R01,16,3,0,Clear,114
2025-03-13,R01,17,3,0,Clear,239
2025-03-13,R01,18,3,0,Cloudy,316
2025-03-13,R01,19,3,0,Cloudy,267
2025-03-13,R01,20,3,0,Clear,134
2025-03-13,R01,21,3,0,Clear,84
2025-03-13,R01,22,3,0,Cloudy,55
2025-03-13,R02,6,3,0,Clear,116
2025-03-13,R02,7,3,0,Clear,258
2025-03-13,R02,8,3,0,Clear,313
2025-03-13,R02,9,3,0,Clear,250
2025-03-13,R02,10,3,0,Clear,145
2025-03-13,R02,11,3,0,Clear,68
2025-03-13,R02,12,3,0,Rain,60
2025-03-13,R02,13,3,0,Clear,65
2025-03-13,R02,14,3,0,Cloudy,76
2025-03-13,R02,15,3,0,Clear,96
2025-03-13,R02,16,3,0,Clear,165
2025-03-13,R02,17,3,0,Rain,339
2025-03-13,R02,18,3,0,Clear,367
2025-03-13,R02,19,3,0,Clear,315
2025-03-13,R02,20,3,0,Rain,211
2025-03-13,R02,21,3,0,Clear,95
2025-03-13,R02,22,3,0,Cloudy,78
2025-03-13,R03,6,3,0,Clear,112
2025-03-13,R03,7,3,0,Clear,172
2025-03-13,R03,8,3,0,Clear,241
2025-03-13,R03,9,3,0,Cloudy,164
2025-03-13,R03,10,3,0,Cloudy,98
2025-03-13,R03,11,3,0,Clear,51
2025-03-13,R03,12,3,0,Clear,20
2025-03-13,R03,13,3,0,Rain,74
2025-03-13,R03,14,3,0,Cloudy,51
2025-03-13,R03,15,3,0,Rain,80
2025-03-13,R03,16,3,0,Clear,120
2025-03-13,R03,17,3,0,Cloudy,212
2025-03-13,R03,18,3,0,Cloudy,197
2025-03-13,R03,19,3,0,Cloudy,191
2025-03-13,R03,20,3,0,Clear,65
2025-03-13,R03,21,3,0,Cloudy,58
2025-03-13,R03,22,3,0,Clear,29
2025-03-13,R04,6,3,0,Clear,156
2025-03-13,R04,7,3,0,Clear,303
2025-03-13,R04,8,3,0,Rain,399
2025-03-13,R04,9,3,0,Cloudy,251
2025-03-13,R04,10,3,0,Clear,167
2025-03-13,R04,11,3,0,Clear,91
2025-03-13,R04,12,3,0,Rain,101
2025-03-13,R04,13,3,0,Clear,55
2025-03-13,R04,14,3,0,Clear,81
2025-03-13,R04,15,3,0,Clear,85
2025-03-13,R04,16,3,0,Clear,194
2025-03-13,R04,17,3,0,Clear,340
2025-03-13,R04,18,3,0,Clear,393
2025-03-13,R04,19,3,0,Clear,354
2025-03-13,R04,20,3,0,Clear,206
2025-03-13,R04,21,3,0,Clear,109
2025-03-13,R04,22,3,0,Rain,62
2025-03-13,R05,6,3,0,Clear,98
2025-03-13,R05,7,3,0,Clear,215
2025-03-13,R05,8,3,0,Clear,257
2025-03-13,R05,9,3,0,Clear,198
2025-03-13,R05,10,3,0,Rain,137
2025-03-13,R05,11,3,0,Clear,61
2025-03-13,R05,12,3,0,Clear,32
2025-03-13,R05,13,3,0,Clear,61
2025-03-13,R05,14,3,0,Cloudy,31
2025-03-13,R05,15,3,0,Cloudy,68
2025-03-13,R05,16,3,0,Clear,141
2025-03-13,R05,17,3,0,Cloudy,234
2025-03-13,R05,18,3,0,Cloudy,255
2025-03-13,R05,19,3,0,Cloudy,192
2025-03-13,R05,20,3,0,Clear,105
2025-03-13,R05,21,3,0,Clear,93
2025-03-13,R05,22,3,0,Clear,29
2025-03-13,R06,6,3,0,Rain,180
2025-03-13,R06,7,3,0,Clear,280
2025-03-13,R06,8,3,0,Cloudy,304
2025-03-13,R06,9,3,0,Clear,236
2025-03-13,R06,10,3,0,Clear,142
2025-03-13,R06,11,3,0,Clear,70
2025-03-13,R06,12,3,0,Cloudy,78
2025-03-13,R06,13,3,0,Clear,65
2025-03-13,R06,14,3,0,Rain,73
2025-03-13,R06,15,3,0,Clear,91
2025-03-13,R06,16,3,0,Rain,208
2025-03-13,R06,17,3,0,Clear,311
2025-03-13,R06,18,3,0,Cloudy,390
2025-03-13,R06,19,3,0,Clear,290
2025-03-13,R06,20,3,0,Cloudy,164
2025-03-13,R06,21,3,0,Clear,103
2025-03-13,R06,22,3,0,Cloudy,68
2025-03-13,R07,6,3,0,Cloudy,105
2025-03-13,R07,7,3,0,Rain,157
2025-03-13,R07,8,3,0,Cloudy,146
2025-03-13,R07,9,3,0,Clear,167
2025-03-13,R07,10,3,0,Clear,85
2025-03-13,R07,11,3,0,Clear,60
2025-03-13,R07,12,3,0,Cloudy,40
2025-03-13,R07,13,3,0,Rain,10
2025-03-13,R07,14,3,0,Clear,45
2025-03-13,R07,15,3,0,Clear,44
2025-03-13,R07,16,3,0,Clear,99
2025-03-13,R07,17,3,0,Cloudy,168
2025-03-13,R07,18,3,0,Clear,205
2025-03-13,R07,19,3,0,Clear,169
2025-03-13,R07,20,3,0,Clear,115
2025-03-13,R07,21,3,0,Cloudy,63
2025-03-13,R07,22,3,0,Clear,15
2025-03-13,R08,6,3,0,Clear,128
2025-03-13,R08,7,3,0,Rain,269
2025-03-13,R08,8,3,0,Clear,299
2025-03-13,R08,9,3,0,Cloudy,223
2025-03-13,R08,10,3,0,Clear,101
2025-03-13,R08,11,3,0,Clear,87
2025-03-13,R08,12,3,0,Clear,39
2025-03-13,R08,13,3,0,Clear,49
2025-03-13,R08,14,3,0,Cloudy,68
2025-03-13,R08,15,3,0,Cloudy,102
2025-03-13,R08,16,3,0,Cloudy,144
2025-03-13,R08,17,3,0,Cloudy,292
2025-03-13,R08,18,3,0,Clear,340
2025-03-13,R08,19,3,0,Rain,303
2025-03-13,R08,20,3,0,Clear,144
2025-03-13,R08,21,3,0,Clear,78
2025-03-13,R08,22,3,0,Clear,62
2025-03-14,R01,6,4,0,Rain,133
2025-03-14,R01,7,4,0,Clear,219
2025-03-14,R01,8,4,0,Cloudy,248
2025-03-14,R01,9,4,0,Clear,232
2025-03-14,R01,10,4,0,Clear,114
2025-03-14,R01,11,4,0,Rain,69
2025-03-14,R01,12,4,0,Clear,35
2025-03-14,R01,13,4,0,Cloudy,56
2025-03-14,R01,14,4,0,Clear,53
2025-03-14,R01,15,4,0,Clear,72
2025-03-14,R01,16,4,0,Rain,139
2025-03-14,R01,17,4,0,Clear,232
2025-03-14,R01,18,4,0,Clear,313
2025-03-14,R01,19,4,0,Cloudy,259
2025-03-14,R01,20,4,0,Cloudy,132
2025-03-14,R01,21,4,0,Cloudy,68
2025-03-14,R01,22,4,0,Cloudy,60
2025-03-14,R02,6,4,0,Clear,151
2025-03-14,R02,7,4,0,Cloudy,227
2025-03-14,R02,8,4,0,Clear,304
2025-03-14,R02,9,4,0,Clear,249
2025-03-14,R02,10,4,0,Rain,154
2025-03-14,R02,11,4,0,Clear,42
2025-03-14,R02,12,4,0,Clear,53
2025-03-14,R02,13,4,0,Clear,55
2025-03-14,R02,14,4,0,Clear,58
2025-03-14,R02,15,4,0,Clear,69
2025-03-14,R02,16,4,0,Cloudy,154
2025-03-14,R02,17,4,0,Cloudy,275
2025-03-14,R02,18,4,0,Cloudy,328
2025-03-14,R02,19,4,0,Clear,299
2025-03-14,R02,20,4,0,Clear,182
2025-03-14,R02,21,4,0,Clear,102
2025-03-14,R02,22,4,0,Cloudy,49
2025-03-14,R03,6,4,0,Clear,100
2025-03-14,R03,7,4,0,Cloudy,169
2025-03-14,R03,8,4,0,Clear,249
2025-03-14,R03,9,4,0,Cloudy,171
2025-03-14,R03,10,4,0,Clear,101
2025-03-14,R03,11,4,0,Clear,67
2025-03-14,R03,12,4,0,Clear,24
2025-03-14,R03,13,4,0,Clear,41
2025-03-14,R03,14,4,0,Rain,72
2025-03-14,R03,15,4,0,Clear,87
2025-03-14,R03,16,4,0,Clear,112
2025-03-14,R03,17,4,0,Clear,167
2025-03-14,R03,18,4,0,Cloudy,261
2025-03-14,R03,19,4,0,Cloudy,189
2025-03-14,R03,20,4,0,Rain,134
2025-03-14,R03,21,4,0,Rain,46
2025-03-14,R03,22,4,0,Cloudy,61
2025-03-14,R04,6,4,0,Clear,148
2025-03-14,R04,7,4,0,Cloudy,248
2025-03-14,R04,8,4,0,Clear,363
2025-03-14,R04,9,4,0,Rain,279
2025-03-14,R04,10,4,0,Clear,162
2025-03-14,R04,11,4,0,Clear,100
2025-03-14,R04,12,4,0,Rain,60
2025-03-14,R04,13,4,0,Clear,51
2025-03-14,R04,14,4,0,Clear,80
2025-03-14,R04,15,4,0,Cloudy,106
2025-03-14,R04,16,4,0,Clear,185
2025-03-14,R04,17,4,0,Cloudy,305
2025-03-14,R04,18,4,0,Clear,429
2025-03-14,R04,19,4,0,Rain,350
2025-03-14,R04,20,4,0,Clear,187
2025-03-14,R04,21,4,0,Rain,76
2025-03-14,R04,22,4,0,Rain,66
2025-03-14,R05,6,4,0,Clear,116
2025-03-14,R05,7,4,0,Cloudy,177
2025-03-14,R05,8,4,0,Clear,285
2025-03-14,R05,9,4,0,Rain,237
2025-03-14,R05,10,4,0,Cloudy,94
2025-03-14,R05,11,4,0,Clear,65
2025-03-14,R05,12,4,0,Clear,36
2025-03-14,R05,13,4,0,Cloudy,46
2025-03-14,R05,14,4,0,Cloudy,38
2025-03-14,R05,15,4,0,Clear,57
2025-03-14,R05,16,4,0,Clear,147
2025-03-14,R05,17,4,0,Clear,226
2025-03-14,R05,18,4,0,Clear,280
2025-03-14,R05,19,4,0,Clear,239
2025-03-14,R05,20,4,0,Clear,140
2025-03-14,R05,21,4,0,Cloudy,52
2025-03-14,R05,22,4,0,Clear,57
2025-03-14,R06,6,4,0,Clear,130
2025-03-14,R06,7,4,0,Clear,245
2025-03-14,R06,8,4,0,Cloudy,313
2025-03-14,R06,9,4,0,Cloudy,244
2025-03-14,R06,10,4,0,Clear,115
2025-03-14,R06,11,4,0,Rain,91
2025-03-14,R06,12,4,0,Clear,90
2025-03-14,R06,13,4,0,Clear,62
2025-03-14,R06,14,4,0,Clear,74
2025-03-14,R06,15,4,0,Clear,72
2025-03-14,R06,16,4,0,Cloudy,185
2025-03-14,R06,17,4,0,Clear,310
2025-03-14,R06,18,4,0,Clear,366
2025-03-14,R06,19,4,0,Clear,329
2025-03-14,R06,20,4,0,Cloudy,167
2025-03-14,R06,21,4,0,Cloudy,102
2025-03-14,R06,22,4,0,Clear,96
2025-03-14,R07,6,4,0,Clear,60
2025-03-14,R07,7,4,0,Clear,141
2025-03-14,R07,8,4,0,Clear,205
2025-03-14,R07,9,4,0,Clear,152
2025-03-14,R07,10,4,0,Clear,48
2025-03-14,R07,11,4,0,Clear,39
2025-03-14,R07,12,4,0,Clear,32
2025-03-14,R07,13,4,0,Clear,34
2025-03-14,R07,14,4,0,Clear,27
2025-03-14,R07,15,4,0,Clear,75
2025-03-14,R07,16,4,0,Cloudy,75
2025-03-14,R07,17,4,0,Clear,185
2025-03-14,R07,18,4,0,Cloudy,200
2025-03-14,R07,19,4,0,Cloudy,160
2025-03-14,R07,20,4,0,Clear,122
2025-03-14,R07,21,4,0,Clear,50
2025-03-14,R07,22,4,0,Rain,47
2025-03-14,R08,6,4,0,Rain,148
2025-03-14,R08,7,4,0,Clear,232
2025-03-14,R08,8,4,0,Clear,316
2025-03-14,R08,9,4,0,Cloudy,199
2025-03-14,R08,10,4,0,Cloudy,122
2025-03-14,R08,11,4,0,Clear,38
2025-03-14,R08,12,4,0,Rain,88
2025-03-14,R08,13,4,0,Clear,58
2025-03-14,R08,14,4,0,Rain,39
2025-03-14,R08,15,4,0,Cloudy,84
2025-03-14,R08,16,4,0,Clear,179
2025-03-14,R08,17,4,0,Cloudy,253
2025-03-14,R08,18,4,0,Clear,332
2025-03-14,R08,19,4,0,Clear,285
2025-03-14,R08,20,4,0,Clear,165
2025-03-14,R08,21,4,0,Clear,83
2025-03-14,R08,22,4,0,Cloudy,44
2025-03-15,R01,6,5,1,Clear,70
2025-03-15,R01,7,5,1,Clear,129
2025-03-15,R01,8,5,1,Clear,157
2025-03-15,R01,9,5,1,Clear,161
2025-03-15,R01,10,5,1,Rain,95
2025-03-15,R01,11,5,1,Rain,56
2025-03-15,R01,12,5,1,Clear,43
2025-03-15,R01,13,5,1,Cloudy,28
2025-03-15,R01,14,5,1,Clear,31
2025-03-15,R01,15,5,1,Clear,34
2025-03-15,R01,16,5,1,Clear,110
2025-03-15,R01,17,5,1,Clear,208
2025-03-15,R01,18,5,1,Clear,215
2025-03-15,R01,19,5,1,Cloudy,174
2025-03-15,R01,20,5,1,Rain,122
2025-03-15,R01,21,5,1,Cloudy,71
2025-03-15,R01,22,5,1,Clear,24
2025-03-15,R02,6,5,1,Clear,68
2025-03-15,R02,7,5,1,Clear,172
2025-03-15,R02,8,5,1,Cloudy,202
2025-03-15,R02,9,5,1,Cloudy,196
2025-03-15,R02,10,5,1,Clear,76
2025-03-15,R02,11,5,1,Clear,78
2025-03-15,R02,12,5,1,Clear,38
2025-03-15,R02,13,5,1,Clear,23
2025-03-15,R02,14,5,1,Clear,67
2025-03-15,R02,15,5,1,Cloudy,45
2025-03-15,R02,16,5,1,Clear,130
2025-03-15,R02,17,5,1,Clear,204
2025-03-15,R02,18,5,1,Cloudy,260
2025-03-15,R02,19,5,1,Cloudy,207
2025-03-15,R02,20,5,1,Clear,113
2025-03-15,R02,21,5,1,Clear,85
2025-03-15,R02,22,5,1,Clear,50
2025-03-15,R03,6,5,1,Clear,64
2025-03-15,R03,7,5,1,Clear,121
2025-03-15,R03,8,5,1,Clear,166
2025-03-15,R03,9,5,1,Clear,115
2025-03-15,R03,10,5,1,Cloudy,52
2025-03-15,R03,11,5,1,Cloudy,22
2025-03-15,R03,12,5,1,Clear,33
2025-03-15,R03,13,5,1,Cloudy,16
2025-03-15,R03,14,5,1,Clear,45
2025-03-15,R03,15,5,1,Clear,39
2025-03-15,R03,16,5,1,Clear,89
2025-03-15,R03,17,5,1,Clear,159
2025-03-15,R03,18,5,1,Cloudy,185
2025-03-15,R03,19,5,1,Clear,144
2025-03-15,R03,20,5,1,Cloudy,47
2025-03-15,R03,21,5,1,Clear,15
2025-03-15,R03,22,5,1,Clear,45
2025-03-15,R04,6,5,1,Clear,90
2025-03-15,R04,7,5,1,Clear,190
2025-03-15,R04,8,5,1,Rain,290
2025-03-15,R04,9,5,1,Cloudy,176
2025-03-15,R04,10,5,1,Rain,96
2025-03-15,R04,11,5,1,Clear,53
2025-03-15,R04,12,5,1,Rain,62
2025-03-15,R04,13,5,1,Clear,38
2025-03-15,R04,14,5,1,Cloudy,55
2025-03-15,R04,15,5,1,Rain,59
2025-03-15,R04,16,5,1,Cloudy,113
2025-03-15,R04,17,5,1,Clear,226
2025-03-15,R04,18,5,1,Clear,302
2025-03-15,R04,19,5,1,Cloudy,210
2025-03-15,R04,20,5,1,Cloudy,116
2025-03-15,R04,21,5,1,Clear,62
2025-03-15,R04,22,5,1,Clear,58
2025-03-15,R05,6,5,1,Cloudy,82
2025-03-15,R05,7,5,1,Clear,155
2025-03-15,R05,8,5,1,Clear,206
2025-03-15,R05,9,5,1,Cloudy,134
2025-03-15,R05,10,5,1,Cloudy,59
2025-03-15,R05,11,5,1,Clear,39
2025-03-15,R05,12,5,1,Cloudy,18
2025-03-15,R05,13,5,1,Clear,34
2025-03-15,R05,14,5,1,Clear,24
2025-03-15,R05,15,5,1,Clear,68
2025-03-15,R05,16,5,1,Clear,97
2025-03-15,R05,17,5,1,Clear,186
2025-03-15,R05,18,5,1,Cloudy,200
2025-03-15,R05,19,5,1,Clear,173
2025-03-15,R05,20,5,1,Cloudy,70
2025-03-15,R05,21,5,1,Clear,58
2025-03-15,R05,22,5,1,Cloudy,63
2025-03-15,R06,6,5,1,Clear,91
2025-03-15,R06,7,5,1,Clear,196
2025-03-15,R06,8,5,1,Cloudy,195
2025-03-15,R06,9,5,1,Clear,165
2025-03-15,R06,10,5,1,Cloudy,90
2025-03-15,R06,11,5,1,Clear,45
2025-03-15,R06,12,5,1,Clear,32
2025-03-15,R06,13,5,1,Clear,34
2025-03-15,R06,14,5,1,Cloudy,50
2025-03-15,R06,15,5,1,Cloudy,77
2025-03-15,R06,16,5,1,Cloudy,124
2025-03-15,R06,17,5,1,Cloudy,210
2025-03-15,R06,18,5,1,Cloudy,246
2025-03-15,R06,19,5,1,Clear,198
2025-03-15,R06,20,5,1,Clear,121
2025-03-15,R06,21,5,1,Clear,77
2025-03-15,R06,22,5,1,Rain,53
2025-03-15,R07,6,5,1,Rain,78
2025-03-15,R07,7,5,1,Clear,130
2025-03-15,R07,8,5,1,Cloudy,131
2025-03-15,R07,9,5,1,Clear,119
2025-03-15,R07,10,5,1,Rain,30
2025-03-15,R07,11,5,1,Clear,27
2025-03-15,R07,12,5,1,Clear,25
2025-03-15,R07,13,5,1,Rain,35
2025-03-15,R07,14,5,1,Rain,56
2025-03-15,R07,15,5,1,Clear,43
2025-03-15,R07,16,5,1,Clear,47
2025-03-15,R07,17,5,1,Cloudy,125
2025-03-15,R07,18,5,1,Rain,161
2025-03-15,R07,19,5,1,Clear,131
2025-03-15,R07,20,5,1,Cloudy,78
2025-03-15,R07,21,5,1,Clear,13
2025-03-15,R07,22,5,1,Clear,26
2025-03-15,R08,6,5,1,Clear,84
2025-03-15,R08,7,5,1,Clear,164
2025-03-15,R08,8,5,1,Clear,193
2025-03-15,R08,9,5,1,Clear,145
2025-03-15,R08,10,5,1,Rain,120
2025-03-15,R08,11,5,1,Cloudy,48
2025-03-15,R08,12,5,1,Cloudy,23
2025-03-15,R08,13,5,1,Clear,30
2025-03-15,R08,14,5,1,Cloudy,65
2025-03-15,R08,15,5,1,Clear,77
2025-03-15,R08,16,5,1,Clear,99
2025-03-15,R08,17,5,1,Clear,173
2025-03-15,R08,18,5,1,Clear,216
2025-03-15,R08,19,5,1,Clear,205
2025-03-15,R08,20,5,1,Rain,113
2025-03-15,R08,21,5,1,Clear,36
2025-03-15,R08,22,5,1,Clear,33
2025-03-16,R01,6,6,1,Rain,90
2025-03-16,R01,7,6,1,Cloudy,135
2025-03-16,R01,8,6,1,Clear,204
2025-03-16,R01,9,6,1,Cloudy,141
2025-03-16,R01,10,6,1,Rain,92
2025-03-16,R01,11,6,1,Clear,57
2025-03-16,R01,12,6,1,Cloudy,45
2025-03-16,R01,13,6,1,Clear,27
2025-03-16,R01,14,6,1,Clear,22
2025-03-16,R01,15,6,1,Rain,61
2025-03-16,R01,16,6,1,Clear,100
2025-03-16,R01,17,6,1,Clear,176
2025-03-16,R01,18,6,1,Clear,246
2025-03-16,R01,19,6,1,Rain,194
2025-03-16,R01,20,6,1,Rain,133
2025-03-16,R01,21,6,1,Cloudy,45
2025-03-16,R01,22,6,1,Clear,43
2025-03-16,R02,6,6,1,Rain,85
2025-03-16,R02,7,6,1,Cloudy,149
2025-03-16,R02,8,6,1,Clear,218
2025-03-16,R02,9,6,1,Clear,157
2025-03-16,R02,10,6,1,Rain,110
2025-03-16,R02,11,6,1,Cloudy,55
2025-03-16,R02,12,6,1,Clear,32
2025-03-16,R02,13,6,1,Cloudy,35
2025-03-16,R02,14,6,1,Cloudy,58
2025-03-16,R02,15,6,1,Cloudy,61
2025-03-16,R02,16,6,1,Cloudy,143
2025-03-16,R02,17,6,1,Cloudy,187
2025-03-16,R02,18,6,1,Clear,247
2025-03-16,R02,19,6,1,Rain,222
2025-03-16,R02,20,6,1,Clear,94
2025-03-16,R02,21,6,1,Cloudy,56
2025-03-16,R02,22,6,1,Clear,41
2025-03-16,R03,6,6,1,Cloudy,71
2025-03-16,R03,7,6,1,Clear,137
2025-03-16,R03,8,6,1,Clear,148
2025-03-16,R03,9,6,1,Clear,90
2025-03-16,R03,10,6,1,Clear,67
2025-03-16,R03,11,6,1,Clear,22
2025-03-16,R03,12,6,1,Clear,33
2025-03-16,R03,13,6,1,Cloudy,30
2025-03-16,R03,14,6,1,Cloudy,19
2025-03-16,R03,15,6,1,Cloudy,43
2025-03-16,R03,16,6,1,Clear,61
2025-03-16,R03,17,6,1,Clear,145
2025-03-16,R03,18,6,1,Cloudy,175
2025-03-16,R03,19,6,1,Clear,148
2025-03-16,R03,20,6,1,Clear,115
2025-03-16,R03,21,6,1,Rain,40
2025-03-16,R03,22,6,1,Rain,45
2025-03-16,R04,6,6,1,Cloudy,108
2025-03-16,R04,7,6,1,Cloudy,193
2025-03-16,R04,8,6,1,Clear,269
2025-03-16,R04,9,6,1,Clear,201
2025-03-16,R04,10,6,1,Rain,100
2025-03-16,R04,11,6,1,Clear,45
2025-03-16,R04,12,6,1,Clear,53
2025-03-16,R04,13,6,1,Clear,21
2025-03-16,R04,14,6,1,Rain,52
2025-03-16,R04,15,6,1,Cloudy,61
2025-03-16,R04,16,6,1,Cloudy,134
2025-03-16,R04,17,6,1,Clear,213
2025-03-16,R04,18,6,1,Clear,293
2025-03-16,R04,19,6,1,Rain,251
2025-03-16,R04,20,6,1,Cloudy,130
2025-03-16,R04,21,6,1,Clear,54
2025-03-16,R04,22,6,1,Clear,59
2025-03-16,R05,6,6,1,Clear,89
2025-03-16,R05,7,6,1,Clear,186
2025-03-16,R05,8,6,1,Clear,180
2025-03-16,R05,9,6,1,Rain,166
2025-03-16,R05,10,6,1,Cloudy,56
2025-03-16,R05,11,6,1,Clear,60
2025-03-16,R05,12,6,1,Clear,13
2025-03-16,R05,13,6,1,Cloudy,56
2025-03-16,R05,14,6,1,Clear,38
2025-03-16,R05,15,6,1,Rain,36
2025-03-16,R05,16,6,1,Clear,89
2025-03-16,R05,17,6,1,Clear,177
2025-03-16,R05,18,6,1,Clear,198
2025-03-16,R05,19,6,1,Clear,161
2025-03-16,R05,20,6,1,Clear,107
2025-03-16,R05,21,6,1,Clear,49
2025-03-16,R05,22,6,1,Cloudy,51
2025-03-16,R06,6,6,1,Clear,89
2025-03-16,R06,7,6,1,Clear,198
2025-03-16,R06,8,6,1,Rain,230
2025-03-16,R06,9,6,1,Clear,181
2025-03-16,R06,10,6,1,Clear,99
2025-03-16,R06,11,6,1,Cloudy,42
2025-03-16,R06,12,6,1,Cloudy,45
2025-03-16,R06,13,6,1,Clear,21
2025-03-16,R06,14,6,1,Cloudy,48
2025-03-16,R06,15,6,1,Rain,56
2025-03-16,R06,16,6,1,Clear,104
2025-03-16,R06,17,6,1,Clear,215
2025-03-16,R06,18,6,1,Rain,269
2025-03-16,R06,19,6,1,Clear,186
2025-03-16,R06,20,6,1,Cloudy,123
2025-03-16,R06,21,6,1,Clear,51
2025-03-16,R06,22,6,1,Cloudy,52
2025-03-16,R07,6,6,1,Clear,53
2025-03-16,R07,7,6,1,Clear,106
2025-03-16,R07,8,6,1,Clear,148
2025-03-16,R07,9,6,1,Clear,111
2025-03-16,R07,10,6,1,Clear,65
2025-03-16,R07,11,6,1,Clear,40
2025-03-16,R07,12,6,1,Clear,16
2025-03-16,R07,13,6,1,Rain,33
2025-03-16,R07,14,6,1,Clear,15
2025-03-16,R07,15,6,1,Clear,44
2025-03-16,R07,16,6,1,Clear,67
2025-03-16,R07,17,6,1,Rain,134
2025-03-16,R07,18,6,1,Rain,190
2025-03-16,R07,19,6,1,Cloudy,124
2025-03-16,R07,20,6,1,Clear,63
2025-03-16,R07,21,6,1,Rain,20
2025-03-16,R07,22,6,1,Cloudy,27
2025-03-16,R08,6,6,1,Clear,65
2025-03-16,R08,7,6,1,Clear,185
2025-03-16,R08,8,6,1,Rain,223
2025-03-16,R08,9,6,1,Clear,172
2025-03-16,R08,10,6,1,Cloudy,62
2025-03-16,R08,11,6,1,Cloudy,52
2025-03-16,R08,12,6,1,Clear,54
2025-03-16,R08,13,6,1,Rain,50
2025-03-16,R08,14,6,1,Rain,56
2025-03-16,R08,15,6,1,Clear,63
2025-03-16,R08,16,6,1,Rain,114
2025-03-16,R08,17,6,1,Cloudy,165
2025-03-16,R08,18,6,1,Clear,221
2025-03-16,R08,19,6,1,Clear,176
2025-03-16,R08,20,6,1,Rain,145
2025-03-16,R08,21,6,1,Clear,61
2025-03-16,R08,22,6,1,Clear,58
2025-03-17,R01,6,0,0,Cloudy,100
2025-03-17,R01,7,0,0,Clear,223
2025-03-17,R01,8,0,0,Clear,259
2025-03-17,R01,9,0,0,Cloudy,197
2025-03-17,R01,10,0,0,Clear,108
2025-03-17,R01,11,0,0,Clear,87
2025-03-17,R01,12,0,0,Cloudy,37
2025-03-17,R01,13,0,0,Clear,59
2025-03-17,R01,14,0,0,Clear,60
2025-03-17,R01,15,0,0,Cloudy,107
2025-03-17,R01,16,0,0,Rain,142
2025-03-17,R01,17,0,0,Clear,269
2025-03-17,R01,18,0,0,Clear,328
2025-03-17,R01,19,0,0,Clear,255
2025-03-17,R01,20,0,0,Cloudy,137
2025-03-17,R01,21,0,0,Cloudy,48
2025-03-17,R01,22,0,0,Clear,35
2025-03-17,R02,6,0,0,Cloudy,123
2025-03-17,R02,7,0,0,Cloudy,223
2025-03-17,R02,8,0,0,Clear,333
2025-03-17,R02,9,0,0,Clear,231
2025-03-17,R02,10,0,0,Clear,114
2025-03-17,R02,11,0,0,Clear,82
2025-03-17,R02,12,0,0,Cloudy,61
2025-03-17,R02,13,0,0,Clear,61
2025-03-17,R02,14,0,0,Clear,74
2025-03-17,R02,15,0,0,Cloudy,76
2025-03-17,R02,16,0,0,Rain,182
2025-03-17,R02,17,0,0,Cloudy,283
2025-03-17,R02,18,0,0,Cloudy,346
2025-03-17,R02,19,0,0,Clear,285
2025-03-17,R02,20,0,0,Cloudy,176
2025-03-17,R02,21,0,0,Clear,74
2025-03-17,R02,22,0,0,Cloudy,55
2025-03-17,R03,6,0,0,Clear,78
2025-03-17,R03,7,0,0,Cloudy,197
2025-03-17,R03,8,0,0,Clear,224
2025-03-17,R03,9,0,0,Clear,161
2025-03-17,R03,10,0,0,Clear,88
2025-03-17,R03,11,0,0,Cloudy,53
2025-03-17,R03,12,0,0,Clear,55
2025-03-17,R03,13,0,0,Clear,29
2025-03-17,R03,14,0,0,Clear,65
2025-03-17,R03,15,0,0,Cloudy,60
2025-03-17,R03,16,0,0,Cloudy,120
2025-03-17,R03,17,0,0,Clear,199
2025-03-17,R03,18,0,0,Clear,271
2025-03-17,R03,19,0,0,Rain,232
2025-03-17,R03,20,0,0,Clear,111
2025-03-17,R03,21,0,0,Rain,64
2025-03-17,R03,22,0,0,Clear,58
2025-03-17,R04,6,0,0,Cloudy,151
2025-03-17,R04,7,0,0,Rain,311
2025-03-17,R04,8,0,0,Cloudy,357
2025-03-17,R04,9,0,0,Clear,291
2025-03-17,R04,10,0,0,Clear,127
2025-03-17,R04,11,0,0,Clear,49
2025-03-17,R04,12,0,0,Rain,73
2025-03-17,R04,13,0,0,Rain,102
2025-03-17,R04,14,0,0,Rain,92
2025-03-17,R04,15,0,0,Clear,128
2025-03-17,R04,16,0,0,Cloudy,169
2025-03-17,R04,17,0,0,Clear,351
2025-03-17,R04,18,0,0,Rain,458
2025-03-17,R04,19,0,0,Rain,356
2025-03-17,R04,20,0,0,Cloudy,167
2025-03-17,R04,21,0,0,Cloudy,83
2025-03-17,R04,22,0,0,Clear,51
2025-03-17,R05,6,0,0,Clear,90
2025-03-17,R05,7,0,0,Clear,203
2025-03-17,R05,8,0,0,Clear,232
2025-03-17,R05,9,0,0,Clear,190
2025-03-17,R05,10,0,0,Clear,103
2025-03-17,R05,11,0,0,Cloudy,45
2025-03-17,R05,12,0,0,Clear,29
2025-03-17,R05,13,0,0,Clear,47
2025-03-17,R05,14,0,0,Clear,39
2025-03-17,R05,15,0,0,Rain,69
2025-03-17,R05,16,0,0,Cloudy,151
2025-03-17,R05,17,0,0,Rain,260
2025-03-17,R05,18,0,0,Rain,332
2025-03-17,R05,19,0,0,Clear,230
2025-03-17,R05,20,0,0,Rain,143
2025-03-17,R05,21,0,0,Clear,53
2025-03-17,R05,22,0,0,Rain,39
2025-03-17,R06,6,0,0,Rain,169
2025-03-17,R06,7,0,0,Cloudy,250
2025-03-17,R06,8,0,0,Clear,351
2025-03-17,R06,9,0,0,Cloudy,264
2025-03-17,R06,10,0,0,Clear,133
2025-03-17,R06,11,0,0,Cloudy,103
2025-03-17,R06,12,0,0,Rain,80
2025-03-17,R06,13,0,0,Clear,64
2025-03-17,R06,14,0,0,Clear,59
2025-03-17,R06,15,0,0,Cloudy,79
2025-03-17,R06,16,0,0,Clear,180
2025-03-17,R06,17,0,0,Rain,348
2025-03-17,R06,18,0,0,Clear,356
2025-03-17,R06,19,0,0,Cloudy,289
2025-03-17,R06,20,0,0,Cloudy,172
2025-03-17,R06,21,0,0,Cloudy,95
2025-03-17,R06,22,0,0,Clear,65
2025-03-17,R07,6,0,0,Cloudy,83
2025-03-17,R07,7,0,0,Cloudy,134
2025-03-17,R07,8,0,0,Clear,201
2025-03-17,R07,9,0,0,Clear,156
2025-03-17,R07,10,0,0,Clear,96
2025-03-17,R07,11,0,0,Cloudy,64
2025-03-17,R07,12,0,0,Clear,51
2025-03-17,R07,13,0,0,Clear,32
2025-03-17,R07,14,0,0,Clear,23
2025-03-17,R07,15,0,0,Clear,44
2025-03-17,R07,16,0,0,Clear,125
2025-03-17,R07,17,0,0,Clear,182
2025-03-17,R07,18,0,0,Rain,248
2025-03-17,R07,19,0,0,Cloudy,182
2025-03-17,R07,20,0,0,Cloudy,98
2025-03-17,R07,21,0,0,Cloudy,69
2025-03-17,R07,22,0,0,Clear,21
2025-03-17,R08,6,0,0,Clear,132
2025-03-17,R08,7,0,0,Clear,260
2025-03-17,R08,8,0,0,Clear,317
2025-03-17,R08,9,0,0,Clear,253
2025-03-17,R08,10,0,0,Clear,106
2025-03-17,R08,11,0,0,Cloudy,68
2025-03-17,R08,12,0,0,Clear,54
2025-03-17,R08,13,0,0,Clear,43
2025-03-17,R08,14,0,0,Clear,62
2025-03-17,R08,15,0,0,Cloudy,63
2025-03-17,R08,16,0,0,Clear,164
2025-03-17,R08,17,0,0,Clear,263
2025-03-17,R08,18,0,0,Clear,344
2025-03-17,R08,19,0,0,Clear,265
2025-03-17,R08,20,0,0,Cloudy,145
2025-03-17,R08,21,0,0,Clear,78
2025-03-17,R08,22,0,0,Clear,57
2025-03-18,R01,6,1,0,Clear,113
2025-03-18,R01,7,1,0,Cloudy,194
2025-03-18,R01,8,1,0,Clear,258
2025-03-18,R01,9,1,0,Clear,228
2025-03-18,R01,10,1,0,Cloudy,107
2025-03-18,R01,11,1,0,Cloudy,63
2025-03-18,R01,12,1,0,Clear,45
2025-03-18,R01,13,1,0,Clear,83
2025-03-18,R01,14,1,0,Clear,55
2025-03-18,R01,15,1,0,Cloudy,88
2025-03-18,R01,16,1,0,Rain,155
2025-03-18,R01,17,1,0,Cloudy,244
2025-03-18,R01,18,1,0,Clear,306
2025-03-18,R01,19,1,0,Clear,265
2025-03-18,R01,20,1,0,Rain,152
2025-03-18,R01,21,1,0,Rain,68
2025-03-18,R01,22,1,0,Clear,57
2025-03-18,R02,6,1,0,Clear,149
2025-03-18,R02,7,1,0,Clear,248
2025-03-18,R02,8,1,0,Clear,313
2025-03-18,R02,9,1,0,Clear,233
2025-03-18,R02,10,1,0,Cloudy,141
2025-03-18,R02,11,1,0,Cloudy,57
2025-03-18,R02,12,1,0,Clear,54
2025-03-18,R02,13,1,0,Rain,58
2025-03-18,R02,14,1,0,Clear,62
2025-03-18,R02,15,1,0,Rain,106
2025-03-18,R02,16,1,0,Clear,198
2025-03-18,R02,17,1,0,Clear,300
2025-03-18,R02,18,1,0,Rain,383
2025-03-18,R02,19,1,0,Cloudy,277
2025-03-18,R02,20,1,0,Clear,175
2025-03-18,R02,21,1,0,Cloudy,102
2025-03-18,R02,22,1,0,Clear,79
2025-03-18,R03,6,1,0,Clear,91
2025-03-18,R03,7,1,0,Clear,175
2025-03-18,R03,8,1,0,Clear,226
2025-03-18,R03,9,1,0,Rain,193
2025-03-18,R03,10,1,0,Cloudy,86
2025-03-18,R03,11,1,0,Clear,74
2025-03-18,R03,12,1,0,Cloudy,29
2025-03-18,R03,13,1,0,Cloudy,51
2025-03-18,R03,14,1,0,Clear,54
2025-03-18,R03,15,1,0,Clear,60
2025-03-18,R03,16,1,0,Clear,108
2025-03-18,R03,17,1,0,Cloudy,194
2025-03-18,R03,18,1,0,Rain,287
2025-03-18,R03,19,1,0,Clear,169
2025-03-18,R03,20,1,0,Clear,102
2025-03-18,R03,21,1,0,Cloudy,27
2025-03-18,R03,22,1,0,Cloudy,45
2025-03-18,R04,6,1,0,Clear,156
2025-03-18,R04,7,1,0,Cloudy,254
2025-03-18,R04,8,1,0,Cloudy,333
2025-03-18,R04,9,1,0,Cloudy,272
2025-03-18,R04,10,1,0,Clear,131
2025-03-18,R04,11,1,0,Cloudy,88
2025-03-18,R04,12,1,0,Clear,64
2025-03-18,R04,13,1,0,Clear,65
2025-03-18,R04,14,1,0,Clear,72
2025-03-18,R04,15,1,0,Cloudy,79
2025-03-18,R04,16,1,0,Clear,195
2025-03-18,R04,17,1,0,Clear,346
2025-03-18,R04,18,1,0,Clear,406
2025-03-18,R04,19,1,0,Cloudy,307
2025-03-18,R04,20,1,0,Clear,222
2025-03-18,R04,21,1,0,Clear,89
2025-03-18,R04,22,1,0,Clear,65
2025-03-18,R05,6,1,0,Clear,127
2025-03-18,R05,7,1,0,Clear,179
2025-03-18,R05,8,1,0,Cloudy,240
2025-03-18,R05,9,1,0,Clear,209
2025-03-18,R05,10,1,0,Cloudy,100
2025-03-18,R05,11,1,0,Clear,35
2025-03-18,R05,12,1,0,Cloudy,29
2025-03-18,R05,13,1,0,Clear,21
2025-03-18,R05,14,1,0,Clear,47
2025-03-18,R05,15,1,0,Clear,77
2025-03-18,R05,16,1,0,Cloudy,119
2025-03-18,R05,17,1,0,Cloudy,219
2025-03-18,R05,18,1,0,Clear,288
2025-03-18,R05,19,1,0,Clear,255
2025-03-18,R05,20,1,0,Clear,139
2025-03-18,R05,21,1,0,Rain,80
2025-03-18,R05,22,1,0,Cloudy,62
2025-03-18,R06,6,1,0,Clear,122
2025-03-18,R06,7,1,0,Clear,267
2025-03-18,R06,8,1,0,Cloudy,311
2025-03-18,R06,9,1,0,Clear,284
2025-03-18,R06,10,1,0,Clear,156
2025-03-18,R06,11,1,0,Clear,70
2025-03-18,R06,12,1,0,Clear,58
2025-03-18,R06,13,1,0,Clear,48
2025-03-18,R06,14,1,0,Clear,78
2025-03-18,R06,15,1,0,Clear,103
2025-03-18,R06,16,1,0,Clear,176
2025-03-18,R06,17,1,0,Clear,310
2025-03-18,R06,18,1,0,Clear,378
2025-03-18,R06,19,1,0,Rain,362
2025-03-18,R06,20,1,0,Cloudy,167
2025-03-18,R06,21,1,0,Clear,88
2025-03-18,R06,22,1,0,Cloudy,72
2025-03-18,R07,6,1,0,Clear,50
2025-03-18,R07,7,1,0,Cloudy,139
2025-03-18,R07,8,1,0,Clear,208
2025-03-18,R07,9,1,0,Clear,174
2025-03-18,R07,10,1,0,Clear,72
2025-03-18,R07,11,1,0,Rain,56
2025-03-18,R07,12,1,0,Cloudy,25
2025-03-18,R07,13,1,0,Clear,64
2025-03-18,R07,14,1,0,Cloudy,38
2025-03-18,R07,15,1,0,Clear,63
2025-03-18,R07,16,1,0,Cloudy,68
2025-03-18,R07,17,1,0,Clear,174
2025-03-18,R07,18,1,0,Clear,232
2025-03-18,R07,19,1,0,Rain,179
2025-03-18,R07,20,1,0,Clear,105
2025-03-18,R07,21,1,0,Clear,77
2025-03-18,R07,22,1,0,Clear,49
2025-03-18,R08,6,1,0,Clear,131
2025-03-18,R08,7,1,0,Cloudy,213
2025-03-18,R08,8,1,0,Clear,282
2025-03-18,R08,9,1,0,Clear,232
2025-03-18,R08,10,1,0,Clear,133
2025-03-18,R08,11,1,0,Clear,55
2025-03-18,R08,12,1,0,Clear,66
2025-03-18,R08,13,1,0,Clear,56
2025-03-18,R08,14,1,0,Cloudy,44
2025-03-18,R08,15,1,0,Clear,61
2025-03-18,R08,16,1,0,Cloudy,129
2025-03-18,R08,17,1,0,Clear,274
2025-03-18,R08,18,1,0,Rain,388
2025-03-18,R08,19,1,0,Clear,265
2025-03-18,R08,20,1,0,Clear,176
2025-03-18,R08,21,1,0,Clear,59
2025-03-18,R08,22,1,0,Cloudy,55
2025-03-19,R01,6,2,0,Clear,112
2025-03-19,R01,7,2,0,Cloudy,205
2025-03-19,R01,8,2,0,Rain,300
2025-03-19,R01,9,2,0,Clear,206
2025-03-19,R01,10,2,0,Cloudy,100
2025-03-19,R01,11,2,0,Cloudy,71
2025-03-19,R01,12,2,0,Clear,51
2025-03-19,R01,13,2,0,Cloudy,16
2025-03-19,R01,14,2,0,Clear,48
2025-03-19,R01,15,2,0,Cloudy,67
2025-03-19,R01,16,2,0,Clear,140
2025-03-19,R01,17,2,0,Clear,261
2025-03-19,R01,18,2,0,Cloudy,282
2025-03-19,R01,19,2,0,Clear,254
2025-03-19,R01,20,2,0,Clear,167
2025-03-19,R01,21,2,0,Clear,92
2025-03-19,R01,22,2,0,Clear,44
2025-03-19,R02,6,2,0,Clear,135
2025-03-19,R02,7,2,0,Clear,214
2025-03-19,R02,8,2,0,Clear,328
2025-03-19,R02,9,2,0,Clear,233
2025-03-19,R02,10,2,0,Clear,133
2025-03-19,R02,11,2,0,Clear,71
2025-03-19,R02,12,2,0,Rain,80
2025-03-19,R02,13,2,0,Clear,61
2025-03-19,R02,14,2,0,Clear,60
2025-03-19,R02,15,2,0,Cloudy,93
2025-03-19,R02,16,2,0,Clear,187
2025-03-19,R02,17,2,0,Clear,263
2025-03-19,R02,18,2,0,Clear,355
2025-03-19,R02,19,2,0,Clear,319
2025-03-19,R02,20,2,0,Clear,201
2025-03-19,R02,21,2,0,Clear,78
2025-03-19,R02,22,2,0,Clear,75
2025-03-19,R03,6,2,0,Clear,82
2025-03-19,R03,7,2,0,Rain,176
2025-03-19,R03,8,2,0,Clear,221
2025-03-19,R03,9,2,0,Cloudy,178
2025-03-19,R03,10,2,0,Clear,89
2025-03-19,R03,11,2,0,Cloudy,62
2025-03-19,R03,12,2,0,Clear,56
2025-03-19,R03,13,2,0,Clear,33
2025-03-19,R03,14,2,0,Clear,36
2025-03-19,R03,15,2,0,Clear,59
2025-03-19,R03,16,2,0,Clear,118
2025-03-19,R03,17,2,0,Clear,204
2025-03-19,R03,18,2,0,Clear,254
2025-03-19,R03,19,2,0,Cloudy,188
2025-03-19,R03,20,2,0,Clear,102
2025-03-19,R03,21,2,0,Clear,89
2025-03-19,R03,22,2,0,Clear,35
2025-03-19,R04,6,2,0,Rain,145
2025-03-19,R04,7,2,0,Clear,296
2025-03-19,R04,8,2,0,Clear,352
2025-03-19,R04,9,2,0,Clear,295
2025-03-19,R04,10,2,0,Cloudy,134
2025-03-19,R04,11,2,0,Clear,114
2025-03-19,R04,12,2,0,Cloudy,83
2025-03-19,R04,13,2,0,Clear,63
2025-03-19,R04,14,2,0,Rain,86
2025-03-19,R04,15,2,0,Clear,106
2025-03-19,R04,16,2,0,Clear,184
2025-03-19,R04,17,2,0,Cloudy,328
2025-03-19,R04,18,2,0,Cloudy,392
2025-03-19,R04,19,2,0,Clear,342
2025-03-19,R04,20,2,0,Rain,222
2025-03-19,R04,21,2,0,Rain,111
2025-03-19,R04,22,2,0,Clear,60
2025-03-19,R05,6,2,0,Cloudy,108
2025-03-19,R05,7,2,0,Cloudy,200
2025-03-19,R05,8,2,0,Cloudy,253
2025-03-19,R05,9,2,0,Cloudy,201
2025-03-19,R05,10,2,0,Cloudy,106
2025-03-19,R05,11,2,0,Clear,37
2025-03-19,R05,12,2,0,Clear,79
2025-03-19,R05,13,2,0,Cloudy,54
2025-03-19,R05,14,2,0,Clear,45
2025-03-19,R05,15,2,0,Rain,92
2025-03-19,R05,16,2,0,Clear,121
2025-03-19,R05,17,2,0,Clear,247
2025-03-19,R05,18,2,0,Cloudy,272
2025-03-19,R05,19,2,0,Cloudy,209
2025-03-19,R05,20,2,0,Clear,122
2025-03-19,R05,21,2,0,Clear,78
2025-03-19,R05,22,2,0,Clear,58
2025-03-19,R06,6,2,0,Cloudy,121
2025-03-19,R06,7,2,0,Clear,261
2025-03-19,R06,8,2,0,Rain,378
2025-03-19,R06,9,2,0,Clear,258
2025-03-19,R06,10,2,0,Cloudy,161
2025-03-19,R06,11,2,0,Clear,84
2025-03-19,R06,12,2,0,Clear,61
2025-03-19,R06,13,2,0,Cloudy,73
2025-03-19,R06,14,2,0,Cloudy,70
2025-03-19,R06,15,2,0,Clear,99
2025-03-19,R06,16,2,0,Clear,187
2025-03-19,R06,17,2,0,Clear,325
2025-03-19,R06,18,2,0,Clear,377
2025-03-19,R06,19,2,0,Cloudy,269
2025-03-19,R06,20,2,0,Clear,196
2025-03-19,R06,21,2,0,Clear,96
2025-03-19,R06,22,2,0,Clear,60
2025-03-19,R07,6,2,0,Clear,70
2025-03-19,R07,7,2,0,Clear,140
2025-03-19,R07,8,2,0,Rain,218
2025-03-19,R07,9,2,0,Cloudy,144
2025-03-19,R07,10,2,0,Rain,105
2025-03-19,R07,11,2,0,Cloudy,51
2025-03-19,R07,12,2,0,Clear,47
2025-03-19,R07,13,2,0,Rain,53
2025-03-19,R07,14,2,0,Clear,42
2025-03-19,R07,15,2,0,Clear,77
2025-03-19,R07,16,2,0,Clear,95
2025-03-19,R07,17,2,0,Rain,213
2025-03-19,R07,18,2,0,Cloudy,183
2025-03-19,R07,19,2,0,Clear,156
2025-03-19,R07,20,2,0,Clear,88
2025-03-19,R07,21,2,0,Clear,54
2025-03-19,R07,22,2,0,Clear,12
2025-03-19,R08,6,2,0,Clear,123
2025-03-19,R08,7,2,0,Clear,228
2025-03-19,R08,8,2,0,Cloudy,310
2025-03-19,R08,9,2,0,Clear,214
2025-03-19,R08,10,2,0,Cloudy,119
2025-03-19,R08,11,2,0,Clear,76
2025-03-19,R08,12,2,0,Cloudy,27
2025-03-19,R08,13,2,0,Rain,80
2025-03-19,R08,14,2,0,Cloudy,65
2025-03-19,R08,15,2,0,Cloudy,95
2025-03-19,R08,16,2,0,Clear,162
2025-03-19,R08,17,2,0,Clear,266
2025-03-19,R08,18,2,0,Clear,319
2025-03-19,R08,19,2,0,Cloudy,224
2025-03-19,R08,20,2,0,Cloudy,161
2025-03-19,R08,21,2,0,Clear,77
2025-03-19,R08,22,2,0,Rain,36
2025-03-20,R01,6,3,0,Cloudy,102
2025-03-20,R01,7,3,0,Cloudy,199
2025-03-20,R01,8,3,0,Rain,318
2025-03-20,R01,9,3,0,Cloudy,196
2025-03-20,R01,10,3,0,Clear,113
2025-03-20,R01,11,3,0,Clear,62
2025-03-20,R01,12,3,0,Cloudy,61
2025-03-20,R01,13,3,0,Clear,39
2025-03-20,R01,14,3,0,Clear,59
2025-03-20,R01,15,3,0,Rain,76
2025-03-20,R01,16,3,0,Clear,163
2025-03-20,R01,17,3,0,Cloudy,258
2025-03-20,R01,18,3,0,Cloudy,292
2025-03-20,R01,19,3,0,Clear,256
2025-03-20,R01,20,3,0,Cloudy,132
2025-03-20,R01,21,3,0,Clear,51
2025-03-20,R01,22,3,0,Clear,53
2025-03-20,R02,6,3,0,Cloudy,125
2025-03-20,R02,7,3,0,Rain,270
2025-03-20,R02,8,3,0,Rain,349
2025-03-20,R02,9,3,0,Clear,256
2025-03-20,R02,10,3,0,Cloudy,131
2025-03-20,R02,11,3,0,Clear,70
2025-03-20,R02,12,3,0,Rain,85
2025-03-20,R02,13,3,0,Clear,31
2025-03-20,R02,14,3,0,Cloudy,50
2025-03-20,R02,15,3,0,Clear,101
2025-03-20,R02,16,3,0,Cloudy,142
2025-03-20,R02,17,3,0,Rain,303
2025-03-20,R02,18,3,0,Cloudy,315
2025-03-20,R02,19,3,0,Clear,287
2025-03-20,R02,20,3,0,Clear,169
2025-03-20,R02,21,3,0,Clear,83
2025-03-20,R02,22,3,0,Cloudy,62
2025-03-20,R03,6,3,0,Clear,67
2025-03-20,R03,7,3,0,Clear,163
2025-03-20,R03,8,3,0,Rain,254
2025-03-20,R03,9,3,0,Clear,180
2025-03-20,R03,10,3,0,Clear,85
2025-03-20,R03,11,3,0,Rain,58
2025-03-20,R03,12,3,0,Clear,40
2025-03-20,R03,13,3,0,Clear,40
2025-03-20,R03,14,3,0,Cloudy,45
2025-03-20,R03,15,3,0,Cloudy,82
2025-03-20,R03,16,3,0,Clear,142
2025-03-20,R03,17,3,0,Cloudy,171
2025-03-20,R03,18,3,0,Cloudy,234
2025-03-20,R03,19,3,0,Cloudy,177
2025-03-20,R03,20,3,0,Clear,123
2025-03-20,R03,21,3,0,Clear,59
2025-03-20,R03,22,3,0,Clear,58
2025-03-20,R04,6,3,0,Cloudy,144
2025-03-20,R04,7,3,0,Clear,307
2025-03-20,R04,8,3,0,Cloudy,369
2025-03-20,R04,9,3,0,Clear,307
2025-03-20,R04,10,3,0,Clear,123
2025-03-20,R04,11,3,0,Clear,88
2025-03-20,R04,12,3,0,Clear,62
2025-03-20,R04,13,3,0,Clear,63
2025-03-20,R04,14,3,0,Clear,83
2025-03-20,R04,15,3,0,Cloudy,92
2025-03-20,R04,16,3,0,Clear,195
2025-03-20,R04,17,3,0,Clear,340
2025-03-20,R04,18,3,0,Cloudy,365
2025-03-20,R04,19,3,0,Clear,333
2025-03-20,R04,20,3,0,Clear,210
2025-03-20,R04,21,3,0,Clear,73
2025-03-20,R04,22,3,0,Clear,79
2025-03-20,R05,6,3,0,Clear,95
2025-03-20,R05,7,3,0,Clear,196
2025-03-20,R05,8,3,0,Clear,269
2025-03-20,R05,9,3,0,Cloudy,174
2025-03-20,R05,10,3,0,Cloudy,97
2025-03-20,R05,11,3,0,Clear,36
2025-03-20,R05,12,3,0,Rain,58
2025-03-20,R05,13,3,0,Clear,36
2025-03-20,R05,14,3,0,Clear,31
2025-03-20,R05,15,3,0,Clear,72
2025-03-20,R05,16,3,0,Cloudy,105
2025-03-20,R05,17,3,0,Clear,233
2025-03-20,R05,18,3,0,Clear,281
2025-03-20,R05,19,3,0,Rain,265
2025-03-20,R05,20,3,0,Cloudy,132
2025-03-20,R05,21,3,0,Clear,62
2025-03-20,R05,22,3,0,Clear,71
2025-03-20,R06,6,3,0,Cloudy,148
2025-03-20,R06,7,3,0,Clear,251
2025-03-20,R06,8,3,0,Cloudy,352
2025-03-20,R06,9,3,0,Clear,275
2025-03-20,R06,10,3,0,Clear,146
2025-03-20,R06,11,3,0,Clear,83
2025-03-20,R06,12,3,0,Cloudy,41
2025-03-20,R06,13,3,0,Clear,78
2025-03-20,R06,14,3,0,Clear,40
2025-03-20,R06,15,3,0,Clear,100
2025-03-20,R06,16,3,0,Clear,195
2025-03-20,R06,17,3,0,Clear,301
2025-03-20,R06,18,3,0,Clear,397
2025-03-20,R06,19,3,0,Clear,315
2025-03-20,R06,20,3,0,Clear,192
2025-03-20,R06,21,3,0,Cloudy,103
2025-03-20,R06,22,3,0,Clear,88
2025-03-20,R07,6,3,0,Clear,100
2025-03-20,R07,7,3,0,Clear,128
2025-03-20,R07,8,3,0,Clear,182
2025-03-20,R07,9,3,0,Cloudy,151
2025-03-20,R07,10,3,0,Rain,104
2025-03-20,R07,11,3,0,Clear,30
2025-03-20,R07,12,3,0,Cloudy,44
2025-03-20,R07,13,3,0,Clear,55
2025-03-20,R07,14,3,0,Clear,52
2025-03-20,R07,15,3,0,Clear,64
2025-03-20,R07,16,3,0,Clear,103
2025-03-20,R07,17,3,0,Clear,179
2025-03-20,R07,18,3,0,Clear,252
2025-03-20,R07,19,3,0,Cloudy,125
2025-03-20,R07,20,3,0,Clear,97
2025-03-20,R07,21,3,0,Cloudy,38
2025-03-20,R07,22,3,0,Clear,19
2025-03-20,R08,6,3,0,Cloudy,125
2025-03-20,R08,7,3,0,Clear,240
2025-03-20,R08,8,3,0,Clear,299
2025-03-20,R08,9,3,0,Rain,263
2025-03-20,R08,10,3,0,Clear,136
2025-03-20,R08,11,3,0,Clear,65
2025-03-20,R08,12,3,0,Cloudy,59
2025-03-20,R08,13,3,0,Cloudy,46
2025-03-20,R08,14,3,0,Clear,66
2025-03-20,R08,15,3,0,Rain,111
2025-03-20,R08,16,3,0,Cloudy,162
2025-03-20,R08,17,3,0,Clear,301
2025-03-20,R08,18,3,0,Clear,332
2025-03-20,R08,19,3,0,Clear,266
2025-03-20,R08,20,3,0,Clear,164
2025-03-20,R08,21,3,0,Clear,76
2025-03-20,R08,22,3,0,Clear,67
2025-03-21,R01,6,4,0,Cloudy,109
2025-03-21,R01,7,4,0,Rain,220
2025-03-21,R01,8,4,0,Rain,305
2025-03-21,R01,9,4,0,Cloudy,187
2025-03-21,R01,10,4,0,Rain,145
2025-03-21,R01,11,4,0,Clear,59
2025-03-21,R01,12,4,0,Clear,39
2025-03-21,R01,13,4,0,Clear,52
2025-03-21,R01,14,4,0,Cloudy,55
2025-03-21,R01,15,4,0,Clear,68
2025-03-21,R01,16,4,0,Rain,150
2025-03-21,R01,17,4,0,Rain,253
2025-03-21,R01,18,4,0,Clear,321
2025-03-21,R01,19,4,0,Clear,271
2025-03-21,R01,20,4,0,Clear,159
2025-03-21,R01,21,4,0,Cloudy,60
2025-03-21,R01,22,4,0,Clear,59
2025-03-21,R02,6,4,0,Clear,137
2025-03-21,R02,7,4,0,Cloudy,215
2025-03-21,R02,8,4,0,Clear,313
2025-03-21,R02,9,4,0,Cloudy,241
2025-03-21,R02,10,4,0,Clear,105
2025-03-21,R02,11,4,0,Cloudy,54
2025-03-21,R02,12,4,0,Clear,70
2025-03-21,R02,13,4,0,Cloudy,43
2025-03-21,R02,14,4,0,Clear,42
2025-03-21,R02,15,4,0,Clear,104
2025-03-21,R02,16,4,0,Cloudy,149
2025-03-21,R02,17,4,0,Clear,307
2025-03-21,R02,18,4,0,Clear,389
2025-03-21,R02,19,4,0,Clear,281
2025-03-21,R02,20,4,0,Cloudy,158
2025-03-21,R02,21,4,0,Cloudy,88
2025-03-21,R02,22,4,0,Clear,76
2025-03-21,R03,6,4,0,Clear,85
2025-03-21,R03,7,4,0,Clear,139
2025-03-21,R03,8,4,0,Clear,207
2025-03-21,R03,9,4,0,Clear,169
2025-03-21,R03,10,4,0,Clear,104
2025-03-21,R03,11,4,0,Clear,49
2025-03-21,R03,12,4,0,Cloudy,48
2025-03-21,R03,13,4,0,Clear,35
2025-03-21,R03,14,4,0,Cloudy,43
2025-03-21,R03,15,4,0,Clear,74
2025-03-21,R03,16,4,0,Clear,134
2025-03-21,R03,17,4,0,Clear,235
2025-03-21,R03,18,4,0,Cloudy,242
2025-03-21,R03,19,4,0,Cloudy,168
2025-03-21,R03,20,4,0,Cloudy,118
2025-03-21,R03,21,4,0,Clear,35
2025-03-21,R03,22,4,0,Clear,52
2025-03-21,R04,6,4,0,Cloudy,145
2025-03-21,R04,7,4,0,Clear,302
2025-03-21,R04,8,4,0,Cloudy,339
2025-03-21,R04,9,4,0,Clear,289
2025-03-21,R04,10,4,0,Rain,175
2025-03-21,R04,11,4,0,Cloudy,46
2025-03-21,R04,12,4,0,Clear,74
2025-03-21,R04,13,4,0,Clear,34
2025-03-21,R04,14,4,0,Cloudy,57
2025-03-21,R04,15,4,0,Clear,107
2025-03-21,R04,16,4,0,Rain,185
2025-03-21,R04,17,4,0,Cloudy,328
2025-03-21,R04,18,4,0,Rain,466
2025-03-21,R04,19,4,0,Clear,353
2025-03-21,R04,20,4,0,Cloudy,159
2025-03-21,R04,21,4,0,Clear,130
2025-03-21,R04,22,4,0,Cloudy,49
2025-03-21,R05,6,4,0,Clear,110
2025-03-21,R05,7,4,0,Cloudy,185
2025-03-21,R05,8,4,0,Cloudy,241
2025-03-21,R05,9,4,0,Cloudy,215
2025-03-21,R05,10,4,0,Clear,91
2025-03-21,R05,11,4,0,Cloudy,78
2025-03-21,R05,12,4,0,Rain,64
2025-03-21,R05,13,4,0,Cloudy,44
2025-03-21,R05,14,4,0,Clear,50
2025-03-21,R05,15,4,0,Rain,87
2025-03-21,R05,16,4,0,Clear,131
2025-03-21,R05,17,4,0,Clear,235
2025-03-21,R05,18,4,0,Clear,296
2025-03-21,R05,19,4,0,Cloudy,245
2025-03-21,R05,20,4,0,Rain,149
2025-03-21,R05,21,4,0,Clear,47
2025-03-21,R05,22,4,0,Clear,53
2025-03-21,R06,6,4,0,Rain,154
2025-03-21,R06,7,4,0,Clear,256
2025-03-21,R06,8,4,0,Rain,378
2025-03-21,R06,9,4,0,Clear,257
2025-03-21,R06,10,4,0,Clear,139
2025-03-21,R06,11,4,0,Cloudy,75
2025-03-21,R06,12,4,0,Clear,66
2025-03-21,R06,13,4,0,Clear,67
2025-03-21,R06,14,4,0,Cloudy,71
2025-03-21,R06,15,4,0,Clear,97
2025-03-21,R06,16,4,0,Clear,158
2025-03-21,R06,17,4,0,Clear,318
2025-03-21,R06,18,4,0,Clear,400
2025-03-21,R06,19,4,0,Cloudy,270
2025-03-21,R06,20,4,0,Clear,158
2025-03-21,R06,21,4,0,Cloudy,78
2025-03-21,R06,22,4,0,Clear,79
2025-03-21,R07,6,4,0,Clear,70
2025-03-21,R07,7,4,0,Clear,166
2025-03-21,R07,8,4,0,Clear,199
2025-03-21,R07,9,4,0,Cloudy,136
2025-03-21,R07,10,4,0,Rain,131
2025-03-21,R07,11,4,0,Clear,27
2025-03-21,R07,12,4,0,Clear,37
2025-03-21,R07,13,4,0,Clear,22
2025-03-21,R07,14,4,0,Clear,43
2025-03-21,R07,15,4,0,Clear,42
2025-03-21,R07,16,4,0,Clear,98
2025-03-21,R07,17,4,0,Cloudy,160
2025-03-21,R07,18,4,0,Clear,219
2025-03-21,R07,19,4,0,Clear,195
2025-03-21,R07,20,4,0,Clear,84
2025-03-21,R07,21,4,0,Cloudy,40
2025-03-21,R07,22,4,0,Clear,33
2025-03-21,R08,6,4,0,Clear,121
2025-03-21,R08,7,4,0,Clear,253
2025-03-21,R08,8,4,0,Clear,288
2025-03-21,R08,9,4,0,Clear,247
2025-03-21,R08,10,4,0,Clear,146
2025-03-21,R08,11,4,0,Clear,66
2025-03-21,R08,12,4,0,Clear,41
2025-03-21,R08,13,4,0,Clear,71
2025-03-21,R08,14,4,0,Clear,70
2025-03-21,R08,15,4,0,Cloudy,63
2025-03-21,R08,16,4,0,Rain,198
2025-03-21,R08,17,4,0,Rain,294
2025-03-21,R08,18,4,0,Clear,337
2025-03-21,R08,19,4,0,Clear,285
2025-03-21,R08,20,4,0,Clear,180
2025-03-21,R08,21,4,0,Clear,88
2025-03-21,R08,22,4,0,Clear,54
2025-03-22,R01,6,5,1,Clear,71
2025-03-22,R01,7,5,1,Rain,155
2025-03-22,R01,8,5,1,Clear,218
2025-03-22,R01,9,5,1,Clear,151
2025-03-22,R01,10,5,1,Clear,79
2025-03-22,R01,11,5,1,Clear,54
2025-03-22,R01,12,5,1,Clear,31
2025-03-22,R01,13,5,1,Clear,54
2025-03-22,R01,14,5,1,Rain,47
2025-03-22,R01,15,5,1,Rain,53
2025-03-22,R01,16,5,1,Clear,91
2025-03-22,R01,17,5,1,Clear,147
2025-03-22,R01,18,5,1,Clear,224
2025-03-22,R01,19,5,1,Clear,133
2025-03-22,R01,20,5,1,Rain,88
2025-03-22,R01,21,5,1,Clear,72
2025-03-22,R01,22,5,1,Clear,24
2025-03-22,R02,6,5,1,Clear,81
2025-03-22,R02,7,5,1,Cloudy,188
2025-03-22,R02,8,5,1,Cloudy,218
2025-03-22,R02,9,5,1,Clear,172
2025-03-22,R02,10,5,1,Clear,117
2025-03-22,R02,11,5,1,Clear,49
2025-03-22,R02,12,5,1,Cloudy,31
2025-03-22,R02,13,5,1,Clear,42
2025-03-22,R02,14,5,1,Clear,58
2025-03-22,R02,15,5,1,Cloudy,40
2025-03-22,R02,16,5,1,Clear,105
2025-03-22,R02,17,5,1,Cloudy,176
2025-03-22,R02,18,5,1,Cloudy,217
2025-03-22,R02,19,5,1,Clear,199
2025-03-22,R02,20,5,1,Clear,99
2025-03-22,R02,21,5,1,Clear,36
2025-03-22,R02,22,5,1,Clear,32
2025-03-22,R03,6,5,1,Cloudy,48
2025-03-22,R03,7,5,1,Cloudy,118
2025-03-22,R03,8,5,1,Cloudy,156
2025-03-22,R03,9,5,1,Clear,110
2025-03-22,R03,10,5,1,Rain,35
2025-03-22,R03,11,5,1,Cloudy,22
2025-03-22,R03,12,5,1,Rain,58
2025-03-22,R03,13,5,1,Clear,40
2025-03-22,R03,14,5,1,Clear,35
2025-03-22,R03,15,5,1,Cloudy,35
2025-03-22,R03,16,5,1,Clear,93
2025-03-22,R03,17,5,1,Clear,125
2025-03-22,R03,18,5,1,Cloudy,175
2025-03-22,R03,19,5,1,Clear,148
2025-03-22,R03,20,5,1,Cloudy,86
2025-03-22,R03,21,5,1,Clear,44
2025-03-22,R03,22,5,1,Cloudy,10
2025-03-22,R04,6,5,1,Clear,89
2025-03-22,R04,7,5,1,Clear,203
2025-03-22,R04,8,5,1,Cloudy,241
2025-03-22,R04,9,5,1,Rain,207
2025-03-22,R04,10,5,1,Clear,96
2025-03-22,R04,11,5,1,Clear,75
2025-03-22,R04,12,5,1,Rain,51
2025-03-22,R04,13,5,1,Cloudy,31
2025-03-22,R04,14,5,1,Clear,69
2025-03-22,R04,15,5,1,Rain,95
2025-03-22,R04,16,5,1,Rain,146
2025-03-22,R04,17,5,1,Cloudy,220
2025-03-22,R04,18,5,1,Clear,297
2025-03-22,R04,19,5,1,Cloudy,226
2025-03-22,R04,20,5,1,Clear,113
2025-03-22,R04,21,5,1,Clear,90
2025-03-22,R04,22,5,1,Clear,27
2025-03-22,R05,6,5,1,Clear,80
2025-03-22,R05,7,5,1,Clear,121
2025-03-22,R05,8,5,1,Clear,185
2025-03-22,R05,9,5,1,Clear,127
2025-03-22,R05,10,5,1,Cloudy,60
2025-03-22,R05,11,5,1,Rain,56
2025-03-22,R05,12,5,1,Rain,19
2025-03-22,R05,13,5,1,Rain,28
2025-03-22,R05,14,5,1,Clear,18
2025-03-22,R05,15,5,1,Cloudy,48
2025-03-22,R05,16,5,1,Clear,128
2025-03-22,R05,17,5,1,Rain,162
2025-03-22,R05,18,5,1,Cloudy,193
2025-03-22,R05,19,5,1,Rain,197
2025-03-22,R05,20,5,1,Clear,65
2025-03-22,R05,21,5,1,Clear,39
2025-03-22,R05,22,5,1,Cloudy,17
2025-03-22,R06,6,5,1,Clear,77
2025-03-22,R06,7,5,1,Clear,185
2025-03-22,R06,8,5,1,Cloudy,220
2025-03-22,R06,9,5,1,Clear,201
2025-03-22,R06,10,5,1,Cloudy,101
2025-03-22,R06,11,5,1,Clear,54
2025-03-22,R06,12,5,1,Clear,47
2025-03-22,R06,13,5,1,Clear,34
2025-03-22,R06,14,5,1,Clear,50
2025-03-22,R06,15,5,1,Clear,43
2025-03-22,R06,16,5,1,Clear,121
2025-03-22,R06,17,5,1,Clear,221
2025-03-22,R06,18,5,1,Cloudy,244
2025-03-22,R06,19,5,1,Clear,204
2025-03-22,R06,20,5,1,Clear,124
2025-03-22,R06,21,5,1,Clear,53
2025-03-22,R06,22,5,1,Clear,42
2025-03-22,R07,6,5,1,Clear,68
2025-03-22,R07,7,5,1,Clear,117
2025-03-22,R07,8,5,1,Cloudy,129
2025-03-22,R07,9,5,1,Cloudy,84
2025-03-22,R07,10,5,1,Clear,51
2025-03-22,R07,11,5,1,Cloudy,31
2025-03-22,R07,12,5,1,Clear,15
2025-03-22,R07,13,5,1,Clear,49
2025-03-22,R07,14,5,1,Clear,16
2025-03-22,R07,15,5,1,Cloudy,36
2025-03-22,R07,16,5,1,Clear,46
2025-03-22,R07,17,5,1,Rain,149
2025-03-22,R07,18,5,1,Clear,173
2025-03-22,R07,19,5,1,Cloudy,102
2025-03-22,R07,20,5,1,Cloudy,45
2025-03-22,R07,21,5,1,Cloudy,38
2025-03-22,R07,22,5,1,Clear,53
2025-03-22,R08,6,5,1,Clear,65
2025-03-22,R08,7,5,1,Cloudy,145
2025-03-22,R08,8,5,1,Cloudy,196
2025-03-22,R08,9,5,1,Cloudy,151
2025-03-22,R08,10,5,1,Clear,91
2025-03-22,R08,11,5,1,Clear,66
2025-03-22,R08,12,5,1,Clear,52
2025-03-22,R08,13,5,1,Clear,32
2025-03-22,R08,14,5,1,Clear,20
2025-03-22,R08,15,5,1,Clear,72
2025-03-22,R08,16,5,1,Cloudy,97
2025-03-22,R08,17,5,1,Clear,189
2025-03-22,R08,18,5,1,Clear,244
2025-03-22,R08,19,5,1,Cloudy,192
2025-03-22,R08,20,5,1,Clear,120
2025-03-22,R08,21,5,1,Clear,81
2025-03-22,R08,22,5,1,Clear,10
2025-03-23,R01,6,6,1,Cloudy,72
2025-03-23,R01,7,6,1,Clear,136
2025-03-23,R01,8,6,1,Cloudy,161
2025-03-23,R01,9,6,1,Clear,137
2025-03-23,R01,10,6,1,Cloudy,65
2025-03-23,R01,11,6,1,Clear,46
2025-03-23,R01,12,6,1,Cloudy,40
2025-03-23,R01,13,6,1,Cloudy,17
2025-03-23,R01,14,6,1,Clear,49
2025-03-23,R01,15,6,1,Cloudy,63
2025-03-23,R01,16,6,1,Clear,65
2025-03-23,R01,17,6,1,Cloudy,169
2025-03-23,R01,18,6,1,Cloudy,192
2025-03-23,R01,19,6,1,Cloudy,180
2025-03-23,R01,20,6,1,Cloudy,92
2025-03-23,R01,21,6,1,Cloudy,38
2025-03-23,R01,22,6,1,Cloudy,19
2025-03-23,R02,6,6,1,Clear,93
2025-03-23,R02,7,6,1,Clear,165
2025-03-23,R02,8,6,1,Clear,200
2025-03-23,R02,9,6,1,Clear,149
2025-03-23,R02,10,6,1,Clear,95
2025-03-23,R02,11,6,1,Clear,30
2025-03-23,R02,12,6,1,Clear,10
2025-03-23,R02,13,6,1,Cloudy,51
2025-03-23,R02,14,6,1,Cloudy,27
2025-03-23,R02,15,6,1,Clear,67
2025-03-23,R02,16,6,1,Clear,118
2025-03-23,R02,17,6,1,Cloudy,181
2025-03-23,R02,18,6,1,Cloudy,254
2025-03-23,R02,19,6,1,Cloudy,199
2025-03-23,R02,20,6,1,Clear,114
2025-03-23,R02,21,6,1,Clear,49
2025-03-23,R02,22,6,1,Cloudy,48
2025-03-23,R03,6,6,1,Clear,73
2025-03-23,R03,7,6,1,Clear,119
2025-03-23,R03,8,6,1,Clear,151
2025-03-23,R03,9,6,1,Clear,128
2025-03-23,R03,10,6,1,Clear,62
2025-03-23,R03,11,6,1,Clear,24
2025-03-23,R03,12,6,1,Clear,10
2025-03-23,R03,13,6,1,Clear,26
2025-03-23,R03,14,6,1,Clear,10
2025-03-23,R03,15,6,1,Rain,57
2025-03-23,R03,16,6,1,Clear,79
2025-03-23,R03,17,6,1,Clear,153
2025-03-23,R03,18,6,1,Clear,176
2025-03-23,R03,19,6,1,Cloudy,139
2025-03-23,R03,20,6,1,Cloudy,66
2025-03-23,R03,21,6,1,Clear,40
2025-03-23,R03,22,6,1,Clear,33
2025-03-23,R04,6,6,1,Cloudy,99
2025-03-23,R04,7,6,1,Clear,196
2025-03-23,R04,8,6,1,Cloudy,220
2025-03-23,R04,9,6,1,Clear,170
2025-03-23,R04,10,6,1,Clear,88
2025-03-23,R04,11,6,1,Cloudy,19
2025-03-23,R04,12,6,1,Clear,23
2025-03-23,R04,13,6,1,Cloudy,46
2025-03-23,R04,14,6,1,Clear,44
2025-03-23,R04,15,6,1,Cloudy,54
2025-03-23,R04,16,6,1,Clear,128
2025-03-23,R04,17,6,1,Cloudy,190
2025-03-23,R04,18,6,1,Cloudy,265
2025-03-23,R04,19,6,1,Cloudy,199
2025-03-23,R04,20,6,1,Clear,149
2025-03-23,R04,21,6,1,Rain,84
2025-03-23,R04,22,6,1,Clear,55
2025-03-23,R05,6,6,1,Clear,74
2025-03-23,R05,7,6,1,Clear,146
2025-03-23,R05,8,6,1,Clear,174
2025-03-23,R05,9,6,1,Cloudy,117
2025-03-23,R05,10,6,1,Clear,80
2025-03-23,R05,11,6,1,Clear,54
2025-03-23,R05,12,6,1,Clear,18
2025-03-23,R05,13,6,1,Clear,10
2025-03-23,R05,14,6,1,Clear,60
2025-03-23,R05,15,6,1,Clear,68
2025-03-23,R05,16,6,1,Clear,93
2025-03-23,R05,17,6,1,Clear,133
2025-03-23,R05,18,6,1,Cloudy,191
2025-03-23,R05,19,6,1,Clear,197
2025-03-23,R05,20,6,1,Clear,102
2025-03-23,R05,21,6,1,Cloudy,53
2025-03-23,R05,22,6,1,Clear,33
2025-03-23,R06,6,6,1,Clear,102
2025-03-23,R06,7,6,1,Clear,189
2025-03-23,R06,8,6,1,Clear,233
2025-03-23,R06,9,6,1,Clear,177
2025-03-23,R06,10,6,1,Clear,98
2025-03-23,R06,11,6,1,Clear,54
2025-03-23,R06,12,6,1,Cloudy,12
2025-03-23,R06,13,6,1,Clear,72
2025-03-23,R06,14,6,1,Clear,52
2025-03-23,R06,15,6,1,Cloudy,76
2025-03-23,R06,16,6,1,Clear,126
2025-03-23,R06,17,6,1,Cloudy,193
2025-03-23,R06,18,6,1,Cloudy,259
2025-03-23,R06,19,6,1,Cloudy,179
2025-03-23,R06,20,6,1,Clear,130
2025-03-23,R06,21,6,1,Clear,77
2025-03-23,R06,22,6,1,Cloudy,41
2025-03-23,R07,6,6,1,Cloudy,59
2025-03-23,R07,7,6,1,Cloudy,70
2025-03-23,R07,8,6,1,Cloudy,132
2025-03-23,R07,9,6,1,Rain,109
2025-03-23,R07,10,6,1,Cloudy,59
2025-03-23,R07,11,6,1,Clear,29
2025-03-23,R07,12,6,1,Clear,23
2025-03-23,R07,13,6,1,Clear,31
2025-03-23,R07,14,6,1,Rain,24
2025-03-23,R07,15,6,1,Clear,35
2025-03-23,R07,16,6,1,Cloudy,93
2025-03-23,R07,17,6,1,Clear,140
2025-03-23,R07,18,6,1,Clear,148
2025-03-23,R07,19,6,1,Cloudy,115
2025-03-23,R07,20,6,1,Clear,62
2025-03-23,R07,21,6,1,Clear,32
2025-03-23,R07,22,6,1,Clear,21
2025-03-23,R08,6,6,1,Rain,94
2025-03-23,R08,7,6,1,Cloudy,123
2025-03-23,R08,8,6,1,Clear,198
2025-03-23,R08,9,6,1,Cloudy,142
2025-03-23,R08,10,6,1,Clear,104
2025-03-23,R08,11,6,1,Clear,46
2025-03-23,R08,12,6,1,Cloudy,38
2025-03-23,R08,13,6,1,Cloudy,28
2025-03-23,R08,14,6,1,Clear,39
2025-03-23,R08,15,6,1,Rain,57
2025-03-23,R08,16,6,1,Rain,120
2025-03-23,R08,17,6,1,Clear,195
2025-03-23,R08,18,6,1,Clear,214
2025-03-23,R08,19,6,1,Clear,197
2025-03-23,R08,20,6,1,Clear,95
2025-03-23,R08,21,6,1,Clear,84
2025-03-23,R08,22,6,1,Clear,41
2025-03-24,R01,6,0,0,Clear,116
2025-03-24,R01,7,0,0,Cloudy,203
2025-03-24,R01,8,0,0,Cloudy,256
2025-03-24,R01,9,0,0,Cloudy,190
2025-03-24,R01,10,0,0,Cloudy,109
2025-03-24,R01,11,0,0,Cloudy,60
2025-03-24,R01,12,0,0,Clear,39
2025-03-24,R01,13,0,0,Clear,31
2025-03-24,R01,14,0,0,Clear,65
2025-03-24,R01,15,0,0,Clear,70
2025-03-24,R01,16,0,0,Cloudy,133
2025-03-24,R01,17,0,0,Clear,254
2025-03-24,R01,18,0,0,Rain,330
2025-03-24,R01,19,0,0,Cloudy,240
2025-03-24,R01,20,0,0,Cloudy,134
2025-03-24,R01,21,0,0,Cloudy,70
2025-03-24,R01,22,0,0,Clear,68
2025-03-24,R02,6,0,0,Rain,149
2025-03-24,R02,7,0,0,Clear,248
2025-03-24,R02,8,0,0,Clear,307
2025-03-24,R02,9,0,0,Cloudy,239
2025-03-24,R02,10,0,0,Cloudy,137
2025-03-24,R02,11,0,0,Clear,70
2025-03-24,R02,12,0,0,Cloudy,67
2025-03-24,R02,13,0,0,Clear,61
2025-03-24,R02,14,0,0,Clear,63
2025-03-24,R02,15,0,0,Clear,94
2025-03-24,R02,16,0,0,Clear,153
2025-03-24,R02,17,0,0,Clear,291
2025-03-24,R02,18,0,0,Cloudy,338
2025-03-24,R02,19,0,0,Clear,294
2025-03-24,R02,20,0,0,Clear,194
2025-03-24,R02,21,0,0,Clear,90
2025-03-24,R02,22,0,0,Cloudy,40
2025-03-24,R03,6,0,0,Clear,84
2025-03-24,R03,7,0,0,Rain,191
2025-03-24,R03,8,0,0,Rain,247
2025-03-24,R03,9,0,0,Clear,139
2025-03-24,R03,10,0,0,Clear,99
2025-03-24,R03,11,0,0,Clear,58
2025-03-24,R03,12,0,0,Clear,26
2025-03-24,R03,13,0,0,Cloudy,49
2025-03-24,R03,14,0,0,Clear,40
2025-03-24,R03,15,0,0,Cloudy,46
2025-03-24,R03,16,0,0,Clear,103
2025-03-24,R03,17,0,0,Clear,212
2025-03-24,R03,18,0,0,Cloudy,231
2025-03-24,R03,19,0,0,Cloudy,197
2025-03-24,R03,20,0,0,Clear,103
2025-03-24,R03,21,0,0,Clear,57
2025-03-24,R03,22,0,0,Cloudy,46
2025-03-24,R04,6,0,0,Clear,168
2025-03-24,R04,7,0,0,Clear,303
2025-03-24,R04,8,0,0,Cloudy,360
2025-03-24,R04,9,0,0,Clear,322
2025-03-24,R04,10,0,0,Clear,156
2025-03-24,R04,11,0,0,Cloudy,63
2025-03-24,R04,12,0,0,Rain,66
2025-03-24,R04,13,0,0,Cloudy,78
2025-03-24,R04,14,0,0,Cloudy,57
2025-03-24,R04,15,0,0,Clear,64
2025-03-24,R04,16,0,0,Clear,190
2025-03-24,R04,17,0,0,Clear,350
2025-03-24,R04,18,0,0,Rain,451
2025-03-24,R04,19,0,0,Clear,356
2025-03-24,R04,20,0,0,Cloudy,209
2025-03-24,R04,21,0,0,Rain,115
2025-03-24,R04,22,0,0,Clear,100
2025-03-24,R05,6,0,0,Clear,137
2025-03-24,R05,7,0,0,Rain,243
2025-03-24,R05,8,0,0,Clear,270
2025-03-24,R05,9,0,0,Clear,207
2025-03-24,R05,10,0,0,Clear,111
2025-03-24,R05,11,0,0,Clear,57
2025-03-24,R05,12,0,0,Cloudy,52
2025-03-24,R05,13,0,0,Clear,20
2025-03-24,R05,14,0,0,Clear,72
2025-03-24,R05,15,0,0,Rain,108
2025-03-24,R05,16,0,0,Cloudy,101
2025-03-24,R05,17,0,0,Cloudy,235
2025-03-24,R05,18,0,0,Clear,314
2025-03-24,R05,19,0,0,Clear,240
2025-03-24,R05,20,0,0,Clear,135
2025-03-24,R05,21,0,0,Clear,67
2025-03-24,R05,22,0,0,Clear,42
2025-03-24,R06,6,0,0,Cloudy,137
2025-03-24,R06,7,0,0,Clear,282
2025-03-24,R06,8,0,0,Clear,314
2025-03-24,R06,9,0,0,Clear,252
2025-03-24,R06,10,0,0,Cloudy,124
2025-03-24,R06,11,0,0,Clear,57
2025-03-24,R06,12,0,0,Clear,71
2025-03-24,R06,13,0,0,Cloudy,64
2025-03-24,R06,14,0,0,Clear,79
2025-03-24,R06,15,0,0,Clear,65
2025-03-24,R06,16,0,0,Cloudy,180
2025-03-24,R06,17,0,0,Rain,362
2025-03-24,R06,18,0,0,Cloudy,372
2025-03-24,R06,19,0,0,Clear,315
2025-03-24,R06,20,0,0,Clear,179
2025-03-24,R06,21,0,0,Clear,100
2025-03-24,R06,22,0,0,Cloudy,66
2025-03-24,R07,6,0,0,Cloudy,68
2025-03-24,R07,7,0,0,Clear,124
2025-03-24,R07,8,0,0,Clear,189
2025-03-24,R07,9,0,0,Cloudy,171
2025-03-24,R07,10,0,0,Clear,54
2025-03-24,R07,11,0,0,Cloudy,46
2025-03-24,R07,12,0,0,Rain,62
2025-03-24,R07,13,0,0,Clear,48
2025-03-24,R07,14,0,0,Clear,53
2025-03-24,R07,15,0,0,Cloudy,65
2025-03-24,R07,16,0,0,Clear,83
2025-03-24,R07,17,0,0,Cloudy,190
2025-03-24,R07,18,0,0,Rain,267
2025-03-24,R07,19,0,0,Clear,164
2025-03-24,R07,20,0,0,Rain,109
2025-03-24,R07,21,0,0,Clear,56
2025-03-24,R07,22,0,0,Cloudy,31
2025-03-24,R08,6,0,0,Cloudy,108
2025-03-24,R08,7,0,0,Clear,224
2025-03-24,R08,8,0,0,Clear,310
2025-03-24,R08,9,0,0,Clear,248
2025-03-24,R08,10,0,0,Cloudy,108
2025-03-24,R08,11,0,0,Rain,90
2025-03-24,R08,12,0,0,Cloudy,46
2025-03-24,R08,13,0,0,Clear,37
2025-03-24,R08,14,0,0,Clear,63
2025-03-24,R08,15,0,0,Cloudy,79
2025-03-24,R08,16,0,0,Rain,180
2025-03-24,R08,17,0,0,Rain,310
2025-03-24,R08,18,0,0,Clear,344
2025-03-24,R08,19,0,0,Clear,276
2025-03-24,R08,20,0,0,Cloudy,163
2025-03-24,R08,21,0,0,Cloudy,88
2025-03-24,R08,22,0,0,Cloudy,50
2025-03-25,R01,6,1,0,Cloudy,101
2025-03-25,R01,7,1,0,Clear,191
2025-03-25,R01,8,1,0,Clear,252
2025-03-25,R01,9,1,0,Clear,211
2025-03-25,R01,10,1,0,Clear,126
2025-03-25,R01,11,1,0,Cloudy,47
2025-03-25,R01,12,1,0,Rain,65
2025-03-25,R01,13,1,0,Cloudy,49
2025-03-25,R01,14,1,0,Clear,42
2025-03-25,R01,15,1,0,Cloudy,73
2025-03-25,R01,16,1,0,Cloudy,137
2025-03-25,R01,17,1,0,Rain,267
2025-03-25,R01,18,1,0,Rain,349
2025-03-25,R01,19,1,0,Clear,265
2025-03-25,R01,20,1,0,Clear,141
2025-03-25,R01,21,1,0,Rain,68
2025-03-25,R01,22,1,0,Clear,67
2025-03-25,R02,6,1,0,Clear,113
2025-03-25,R02,7,1,0,Clear,255
2025-03-25,R02,8,1,0,Clear,310
2025-03-25,R02,9,1,0,Cloudy,220
2025-03-25,R02,10,1,0,Clear,127
2025-03-25,R02,11,1,0,Clear,74
2025-03-25,R02,12,1,0,Clear,45
2025-03-25,R02,13,1,0,Clear,39
2025-03-25,R02,14,1,0,Clear,38
2025-03-25,R02,15,1,0,Clear,112
2025-03-25,R02,16,1,0,Clear,176
2025-03-25,R02,17,1,0,Clear,286
2025-03-25,R02,18,1,0,Clear,372
2025-03-25,R02,19,1,0,Clear,298
2025-03-25,R02,20,1,0,Clear,181
2025-03-25,R02,21,1,0,Clear,87
2025-03-25,R02,22,1,0,Cloudy,72
2025-03-25,R03,6,1,0,Rain,94
2025-03-25,R03,7,1,0,Clear,178
2025-03-25,R03,8,1,0,Rain,258
2025-03-25,R03,9,1,0,Cloudy,168
2025-03-25,R03,10,1,0,Clear,121
2025-03-25,R03,11,1,0,Clear,61
2025-03-25,R03,12,1,0,Clear,47
2025-03-25,R03,13,1,0,Clear,35
2025-03-25,R03,14,1,0,Cloudy,44
2025-03-25,R03,15,1,0,Clear,80
2025-03-25,R03,16,1,0,Clear,112
2025-03-25,R03,17,1,0,Cloudy,182
2025-03-25,R03,18,1,0,Clear,248
2025-03-25,R03,19,1,0,Clear,199
2025-03-25,R03,20,1,0,Cloudy,119
2025-03-25,R03,21,1,0,Clear,88
2025-03-25,R03,22,1,0,Clear,24
2025-03-25,R04,6,1,0,Cloudy,113
2025-03-25,R04,7,1,0,Cloudy,271
2025-03-25,R04,8,1,0,Clear,354
2025-03-25,R04,9,1,0,Cloudy,275
2025-03-25,R04,10,1,0,Clear,160
2025-03-25,R04,11,1,0,Clear,77
2025-03-25,R04,12,1,0,Clear,76
2025-03-25,R04,13,1,0,Clear,57
2025-03-25,R04,14,1,0,Clear,62
2025-03-25,R04,15,1,0,Clear,91
2025-03-25,R04,16,1,0,Clear,189
2025-03-25,R04,17,1,0,Cloudy,319
2025-03-25,R04,18,1,0,Rain,458
2025-03-25,R04,19,1,0,Clear,342
2025-03-25,R04,20,1,0,Clear,203
2025-03-25,R04,21,1,0,Rain,115
2025-03-25,R04,22,1,0,Cloudy,89
2025-03-25,R05,6,1,0,Rain,119
2025-03-25,R05,7,1,0,Clear,213
2025-03-25,R05,8,1,0,Clear,237
2025-03-25,R05,9,1,0,Clear,205
2025-03-25,R05,10,1,0,Cloudy,99
2025-03-25,R05,11,1,0,Cloudy,52
2025-03-25,R05,12,1,0,Clear,64
2025-03-25,R05,13,1,0,Clear,75
2025-03-25,R05,14,1,0,Cloudy,55
2025-03-25,R05,15,1,0,Clear,48
2025-03-25,R05,16,1,0,Clear,130
2025-03-25,R05,17,1,0,Cloudy,205
2025-03-25,R05,18,1,0,Cloudy,278
2025-03-25,R05,19,1,0,Clear,245
2025-03-25,R05,20,1,0,Cloudy,106
2025-03-25,R05,21,1,0,Clear,92
2025-03-25,R05,22,1,0,Clear,34
2025-03-25,R06,6,1,0,Cloudy,138
2025-03-25,R06,7,1,0,Cloudy,269
2025-03-25,R06,8,1,0,Cloudy,322
2025-03-25,R06,9,1,0,Clear,256
2025-03-25,R06,10,1,0,Clear,131
2025-03-25,R06,11,1,0,Cloudy,76
2025-03-25,R06,12,1,0,Rain,79
2025-03-25,R06,13,1,0,Clear,66
2025-03-25,R06,14,1,0,Clear,55
2025-03-25,R06,15,1,0,Rain,102
2025-03-25,R06,16,1,0,Clear,168
2025-03-25,R06,17,1,0,Clear,302
2025-03-25,R06,18,1,0,Clear,373
2025-03-25,R06,19,1,0,Cloudy,290
2025-03-25,R06,20,1,0,Clear,180
2025-03-25,R06,21,1,0,Cloudy,50
2025-03-25,R06,22,1,0,Rain,74
2025-03-25,R07,6,1,0,Cloudy,81
2025-03-25,R07,7,1,0,Clear,143
2025-03-25,R07,8,1,0,Clear,196
2025-03-25,R07,9,1,0,Cloudy,145
2025-03-25,R07,10,1,0,Clear,97
2025-03-25,R07,11,1,0,Cloudy,20
2025-03-25,R07,12,1,0,Cloudy,15
2025-03-25,R07,13,1,0,Clear,42
2025-03-25,R07,14,1,0,Cloudy,45
2025-03-25,R07,15,1,0,Rain,67
2025-03-25,R07,16,1,0,Clear,111
2025-03-25,R07,17,1,0,Rain,178
2025-03-25,R07,18,1,0,Rain,271
2025-03-25,R07,19,1,0,Clear,195
2025-03-25,R07,20,1,0,Clear,83
2025-03-25,R07,21,1,0,Clear,51
2025-03-25,R07,22,1,0,Clear,33
2025-03-25,R08,6,1,0,Cloudy,115
2025-03-25,R08,7,1,0,Clear,227
2025-03-25,R08,8,1,0,Clear,284
2025-03-25,R08,9,1,0,Clear,235
2025-03-25,R08,10,1,0,Cloudy,134
2025-03-25,R08,11,1,0,Clear,61
2025-03-25,R08,12,1,0,Clear,59
2025-03-25,R08,13,1,0,Cloudy,49
2025-03-25,R08,14,1,0,Cloudy,62
2025-03-25,R08,15,1,0,Clear,81
2025-03-25,R08,16,1,0,Clear,150
2025-03-25,R08,17,1,0,Clear,271
2025-03-25,R08,18,1,0,Clear,356
2025-03-25,R08,19,1,0,Clear,277
2025-03-25,R08,20,1,0,Rain,174
2025-03-25,R08,21,1,0,Clear,99
2025-03-25,R08,22,1,0,Clear,77
2025-03-26,R01,6,2,0,Clear,83
2025-03-26,R01,7,2,0,Cloudy,181
2025-03-26,R01,8,2,0,Clear,283
2025-03-26,R01,9,2,0,Clear,214
2025-03-26,R01,10,2,0,Clear,132
2025-03-26,R01,11,2,0,Cloudy,36
2025-03-26,R01,12,2,0,Cloudy,50
2025-03-26,R01,13,2,0,Clear,57
2025-03-26,R01,14,2,0,Clear,48
2025-03-26,R01,15,2,0,Clear,86
2025-03-26,R01,16,2,0,Clear,155
2025-03-26,R01,17,2,0,Clear,251
2025-03-26,R01,18,2,0,Cloudy,289
2025-03-26,R01,19,2,0,Clear,264
2025-03-26,R01,20,2,0,Rain,161
2025-03-26,R01,21,2,0,Cloudy,78
2025-03-26,R01,22,2,0,Cloudy,52
2025-03-26,R02,6,2,0,Clear,136
2025-03-26,R02,7,2,0,Clear,249
2025-03-26,R02,8,2,0,Clear,329
2025-03-26,R02,9,2,0,Cloudy,225
2025-03-26,R02,10,2,0,Clear,112
2025-03-26,R02,11,2,0,Cloudy,69
2025-03-26,R02,12,2,0,Cloudy,74
2025-03-26,R02,13,2,0,Clear,60
2025-03-26,R02,14,2,0,Clear,59
2025-03-26,R02,15,2,0,Rain,93
2025-03-26,R02,16,2,0,Clear,164
2025-03-26,R02,17,2,0,Cloudy,244
2025-03-26,R02,18,2,0,Clear,382
2025-03-26,R02,19,2,0,Cloudy,272
2025-03-26,R02,20,2,0,Clear,170
2025-03-26,R02,21,2,0,Cloudy,80
2025-03-26,R02,22,2,0,Clear,53
2025-03-26,R03,6,2,0,Clear,110
2025-03-26,R03,7,2,0,Clear,160
2025-03-26,R03,8,2,0,Clear,232
2025-03-26,R03,9,2,0,Clear,155
2025-03-26,R03,10,2,0,Cloudy,85
2025-03-26,R03,11,2,0,Clear,66
2025-03-26,R03,12,2,0,Clear,34
2025-03-26,R03,13,2,0,Cloudy,45
2025-03-26,R03,14,2,0,Cloudy,34
2025-03-26,R03,15,2,0,Cloudy,54
2025-03-26,R03,16,2,0,Clear,129
2025-03-26,R03,17,2,0,Cloudy,201
2025-03-26,R03,18,2,0,Rain,298
2025-03-26,R03,19,2,0,Clear,165
2025-03-26,R03,20,2,0,Rain,124
2025-03-26,R03,21,2,0,Cloudy,63
2025-03-26,R03,22,2,0,Clear,44
2025-03-26,R04,6,2,0,Clear,158
2025-03-26,R04,7,2,0,Clear,301
2025-03-26,R04,8,2,0,Cloudy,337
2025-03-26,R04,9,2,0,Clear,291
2025-03-26,R04,10,2,0,Clear,170
2025-03-26,R04,11,2,0,Cloudy,80
2025-03-26,R04,12,2,0,Cloudy,73
2025-03-26,R04,13,2,0,Clear,40
2025-03-26,R04,14,2,0,Cloudy,69
2025-03-26,R04,15,2,0,Rain,107
2025-03-26,R04,16,2,0,Cloudy,151
2025-03-26,R04,17,2,0,Cloudy,327
2025-03-26,R04,18,2,0,Rain,464
2025-03-26,R04,19,2,0,Cloudy,308
2025-03-26,R04,20,2,0,Cloudy,165
2025-03-26,R04,21,2,0,Cloudy,122
2025-03-26,R04,22,2,0,Clear,77
2025-03-26,R05,6,2,0,Cloudy,106
2025-03-26,R05,7,2,0,Clear,193
2025-03-26,R05,8,2,0,Clear,255
2025-03-26,R05,9,2,0,Clear,219
2025-03-26,R05,10,2,0,Rain,120
2025-03-26,R05,11,2,0,Cloudy,73
2025-03-26,R05,12,2,0,Cloudy,50
2025-03-26,R05,13,2,0,Clear,61
2025-03-26,R05,14,2,0,Cloudy,21
2025-03-26,R05,15,2,0,Clear,62
2025-03-26,R05,16,2,0,Clear,138
2025-03-26,R05,17,2,0,Cloudy,222
2025-03-26,R05,18,2,0,Clear,301
2025-03-26,R05,19,2,0,Clear,221
2025-03-26,R05,20,2,0,Clear,119
2025-03-26,R05,21,2,0,Cloudy,74
2025-03-26,R05,22,2,0,Clear,64
2025-03-26,R06,6,2,0,Cloudy,129
2025-03-26,R06,7,2,0,Clear,285
2025-03-26,R06,8,2,0,Rain,397
2025-03-26,R06,9,2,0,Rain,292
2025-03-26,R06,10,2,0,Clear,137
2025-03-26,R06,11,2,0,Cloudy,65
2025-03-26,R06,12,2,0,Clear,52
2025-03-26,R06,13,2,0,Clear,70
2025-03-26,R06,14,2,0,Cloudy,51
2025-03-26,R06,15,2,0,Clear,81
2025-03-26,R06,16,2,0,Clear,170
2025-03-26,R06,17,2,0,Clear,314
2025-03-26,R06,18,2,0,Clear,388
2025-03-26,R06,19,2,0,Clear,323
2025-03-26,R06,20,2,0,Clear,179
2025-03-26,R06,21,2,0,Clear,75
2025-03-26,R06,22,2,0,Clear,61
2025-03-26,R07,6,2,0,Cloudy,77
2025-03-26,R07,7,2,0,Rain,160
2025-03-26,R07,8,2,0,Clear,200
2025-03-26,R07,9,2,0,Clear,122
2025-03-26,R07,10,2,0,Clear,80
2025-03-26,R07,11,2,0,Cloudy,59
2025-03-26,R07,12,2,0,Clear,49
2025-03-26,R07,13,2,0,Cloudy,35
2025-03-26,R07,14,2,0,Rain,42
2025-03-26,R07,15,2,0,Rain,66
2025-03-26,R07,16,2,0,Clear,90
2025-03-26,R07,17,2,0,Clear,193
2025-03-26,R07,18,2,0,Clear,242
2025-03-26,R07,19,2,0,Clear,180
2025-03-26,R07,20,2,0,Clear,106
2025-03-26,R07,21,2,0,Clear,63
2025-03-26,R07,22,2,0,Rain,32
2025-03-26,R08,6,2,0,Rain,157
2025-03-26,R08,7,2,0,Cloudy,246
2025-03-26,R08,8,2,0,Clear,307
2025-03-26,R08,9,2,0,Clear,255
2025-03-26,R08,10,2,0,Clear,109
2025-03-26,R08,11,2,0,Clear,72
2025-03-26,R08,12,2,0,Clear,30
2025-03-26,R08,13,2,0,Clear,48
2025-03-26,R08,14,2,0,Cloudy,50
2025-03-26,R08,15,2,0,Cloudy,70
2025-03-26,R08,16,2,0,Clear,144
2025-03-26,R08,17,2,0,Clear,284
2025-03-26,R08,18,2,0,Clear,330
2025-03-26,R08,19,2,0,Cloudy,267
2025-03-26,R08,20,2,0,Clear,158
2025-03-26,R08,21,2,0,Clear,88
2025-03-26,R08,22,2,0,Clear,51
2025-03-27,R01,6,3,0,Cloudy,106
2025-03-27,R01,7,3,0,Clear,242
2025-03-27,R01,8,3,0,Rain,304
2025-03-27,R01,9,3,0,Rain,254
2025-03-27,R01,10,3,0,Clear,132
2025-03-27,R01,11,3,0,Clear,97
2025-03-27,R01,12,3,0,Rain,37
2025-03-27,R01,13,3,0,Clear,67
2025-03-27,R01,14,3,0,Clear,52
2025-03-27,R01,15,3,0,Clear,71
2025-03-27,R01,16,3,0,Clear,131
2025-03-27,R01,17,3,0,Cloudy,220
2025-03-27,R01,18,3,0,Clear,316
2025-03-27,R01,19,3,0,Clear,234
2025-03-27,R01,20,3,0,Clear,152
2025-03-27,R01,21,3,0,Clear,47
2025-03-27,R01,22,3,0,Cloudy,37
2025-03-27,R02,6,3,0,Rain,144
2025-03-27,R02,7,3,0,Cloudy,237
2025-03-27,R02,8,3,0,Clear,310
2025-03-27,R02,9,3,0,Clear,235
2025-03-27,R02,10,3,0,Clear,129
2025-03-27,R02,11,3,0,Rain,73
2025-03-27,R02,12,3,0,Clear,52
2025-03-27,R02,13,3,0,Clear,65
2025-03-27,R02,14,3,0,Cloudy,75
2025-03-27,R02,15,3,0,Cloudy,79
2025-03-27,R02,16,3,0,Clear,178
2025-03-27,R02,17,3,0,Clear,290
2025-03-27,R02,18,3,0,Clear,357
2025-03-27,R02,19,3,0,Clear,293
2025-03-27,R02,20,3,0,Clear,184
2025-03-27,R02,21,3,0,Clear,69
2025-03-27,R02,22,3,0,Clear,40
2025-03-27,R03,6,3,0,Clear,116
2025-03-27,R03,7,3,0,Cloudy,152
2025-03-27,R03,8,3,0,Clear,221
2025-03-27,R03,9,3,0,Rain,186
2025-03-27,R03,10,3,0,Clear,112
2025-03-27,R03,11,3,0,Clear,64
2025-03-27,R03,12,3,0,Clear,25
2025-03-27,R03,13,3,0,Clear,41
2025-03-27,R03,14,3,0,Rain,52
2025-03-27,R03,15,3,0,Clear,70
2025-03-27,R03,16,3,0,Clear,92
2025-03-27,R03,17,3,0,Clear,185
2025-03-27,R03,18,3,0,Rain,288
2025-03-27,R03,19,3,0,Clear,189
2025-03-27,R03,20,3,0,Clear,122
2025-03-27,R03,21,3,0,Clear,47
2025-03-27,R03,22,3,0,Clear,22
2025-03-27,R04,6,3,0,Clear,141
2025-03-27,R04,7,3,0,Clear,286
2025-03-27,R04,8,3,0,Rain,408
2025-03-27,R04,9,3,0,Cloudy,275
2025-03-27,R04,10,3,0,Clear,163
2025-03-27,R04,11,3,0,Rain,80
2025-03-27,R04,12,3,0,Clear,77
2025-03-27,R04,13,3,0,Clear,66
2025-03-27,R04,14,3,0,Clear,73
2025-03-27,R04,15,3,0,Clear,133
2025-03-27,R04,16,3,0,Clear,202
2025-03-27,R04,17,3,0,Clear,336
2025-03-27,R04,18,3,0,Rain,454
2025-03-27,R04,19,3,0,Cloudy,318
2025-03-27,R04,20,3,0,Cloudy,163
2025-03-27,R04,21,3,0,Cloudy,100
2025-03-27,R04,22,3,0,Clear,70
2025-03-27,R05,6,3,0,Rain,120
2025-03-27,R05,7,3,0,Clear,202
2025-03-27,R05,8,3,0,Rain,266
2025-03-27,R05,9,3,0,Rain,230
2025-03-27,R05,10,3,0,Cloudy,92
2025-03-27,R05,11,3,0,Cloudy,67
2025-03-27,R05,12,3,0,Clear,56
2025-03-27,R05,13,3,0,Cloudy,65
2025-03-27,R05,14,3,0,Clear,49
2025-03-27,R05,15,3,0,Clear,82
2025-03-27,R05,16,3,0,Cloudy,152
2025-03-27,R05,17,3,0,Cloudy,215
2025-03-27,R05,18,3,0,Clear,308
2025-03-27,R05,19,3,0,Clear,246
2025-03-27,R05,20,3,0,Clear,123
2025-03-27,R05,21,3,0,Cloudy,65
2025-03-27,R05,22,3,0,Clear,83
2025-03-27,R06,6,3,0,Clear,155
2025-03-27,R06,7,3,0,Rain,298
2025-03-27,R06,8,3,0,Cloudy,310
2025-03-27,R06,9,3,0,Clear,237
2025-03-27,R06,10,3,0,Clear,124
2025-03-27,R06,11,3,0,Clear,77
2025-03-27,R06,12,3,0,Clear,62
2025-03-27,R06,13,3,0,Clear,78
2025-03-27,R06,14,3,0,Clear,53
2025-03-27,R06,15,3,0,Clear,81
2025-03-27,R06,16,3,0,Clear,187
2025-03-27,R06,17,3,0,Cloudy,290
2025-03-27,R06,18,3,0,Clear,381
2025-03-27,R06,19,3,0,Cloudy,311
2025-03-27,R06,20,3,0,Clear,166
2025-03-27,R06,21,3,0,Cloudy,102
2025-03-27,R06,22,3,0,Rain,78
2025-03-27,R07,6,3,0,Clear,75
2025-03-27,R07,7,3,0,Clear,152
2025-03-27,R07,8,3,0,Clear,185
2025-03-27,R07,9,3,0,Cloudy,141
2025-03-27,R07,10,3,0,Rain,112
2025-03-27,R07,11,3,0,Rain,39
2025-03-27,R07,12,3,0,Cloudy,10
2025-03-27,R07,13,3,0,Clear,34
2025-03-27,R07,14,3,0,Clear,58
2025-03-27,R07,15,3,0,Clear,57
2025-03-27,R07,16,3,0,Clear,100
2025-03-27,R07,17,3,0,Clear,177
2025-03-27,R07,18,3,0,Clear,236
2025-03-27,R07,19,3,0,Clear,185
2025-03-27,R07,20,3,0,Clear,88
2025-03-27,R07,21,3,0,Rain,67
2025-03-27,R07,22,3,0,Clear,39
2025-03-27,R08,6,3,0,Clear,135
2025-03-27,R08,7,3,0,Clear,257
2025-03-27,R08,8,3,0,Clear,324
2025-03-27,R08,9,3,0,Rain,257
2025-03-27,R08,10,3,0,Clear,128
2025-03-27,R08,11,3,0,Clear,90
2025-03-27,R08,12,3,0,Clear,56
2025-03-27,R08,13,3,0,Clear,67
2025-03-27,R08,14,3,0,Cloudy,42
2025-03-27,R08,15,3,0,Cloudy,68
2025-03-27,R08,16,3,0,Clear,185
2025-03-27,R08,17,3,0,Rain,331
2025-03-27,R08,18,3,0,Cloudy,330
2025-03-27,R08,19,3,0,Clear,274
2025-03-27,R08,20,3,0,Cloudy,141
2025-03-27,R08,21,3,0,Cloudy,74
2025-03-27,R08,22,3,0,Clear,41
2025-03-28,R01,6,4,0,Cloudy,115
2025-03-28,R01,7,4,0,Clear,220
2025-03-28,R01,8,4,0,Cloudy,263
2025-03-28,R01,9,4,0,Clear,231
2025-03-28,R01,10,4,0,Rain,125
2025-03-28,R01,11,4,0,Clear,67
2025-03-28,R01,12,4,0,Clear,27
2025-03-28,R01,13,4,0,Clear,58
2025-03-28,R01,14,4,0,Clear,60
2025-03-28,R01,15,4,0,Cloudy,55
2025-03-28,R01,16,4,0,Clear,142
2025-03-28,R01,17,4,0,Clear,268
2025-03-28,R01,18,4,0,Cloudy,296
2025-03-28,R01,19,4,0,Clear,243
2025-03-28,R01,20,4,0,Clear,152
2025-03-28,R01,21,4,0,Clear,100
2025-03-28,R01,22,4,0,Cloudy,30
2025-03-28,R02,6,4,0,Clear,143
2025-03-28,R02,7,4,0,Cloudy,240
2025-03-28,R02,8,4,0,Clear,305
2025-03-28,R02,9,4,0,Rain,281
2025-03-28,R02,10,4,0,Clear,126
2025-03-28,R02,11,4,0,Rain,77
2025-03-28,R02,12,4,0,Clear,66
2025-03-28,R02,13,4,0,Rain,70
2025-03-28,R02,14,4,0,Clear,69
2025-03-28,R02,15,4,0,Clear,123
2025-03-28,R02,16,4,0,Clear,168
2025-03-28,R02,17,4,0,Clear,283
2025-03-28,R02,18,4,0,Clear,375
2025-03-28,R02,19,4,0,Clear,302
2025-03-28,R02,20,4,0,Cloudy,153
2025-03-28,R02,21,4,0,Clear,82
2025-03-28,R02,22,4,0,Clear,81
2025-03-28,R03,6,4,0,Cloudy,60
2025-03-28,R03,7,4,0,Clear,178
2025-03-28,R03,8,4,0,Cloudy,202
2025-03-28,R03,9,4,0,Clear,180
2025-03-28,R03,10,4,0,Cloudy,77
2025-03-28,R03,11,4,0,Clear,57
2025-03-28,R03,12,4,0,Clear,56
2025-03-28,R03,13,4,0,Cloudy,31
2025-03-28,R03,14,4,0,Clear,39
2025-03-28,R03,15,4,0,Cloudy,64
2025-03-28,R03,16,4,0,Clear,129
2025-03-28,R03,17,4,0,Clear,236
2025-03-28,R03,18,4,0,Cloudy,235
2025-03-28,R03,19,4,0,Clear,202
2025-03-28,R03,20,4,0,Rain,117
2025-03-28,R03,21,4,0,Clear,32
2025-03-28,R03,22,4,0,Clear,58
2025-03-28,R04,6,4,0,Clear,152
2025-03-28,R04,7,4,0,Cloudy,256
2025-03-28,R04,8,4,0,Clear,380
2025-03-28,R04,9,4,0,Clear,301
2025-03-28,R04,10,4,0,Rain,178
2025-03-28,R04,11,4,0,Cloudy,74
2025-03-28,R04,12,4,0,Rain,78
2025-03-28,R04,13,4,0,Clear,54
2025-03-28,R04,14,4,0,Clear,81
2025-03-28,R04,15,4,0,Clear,95
2025-03-28,R04,16,4,0,Cloudy,200
2025-03-28,R04,17,4,0,Clear,348
2025-03-28,R04,18,4,0,Clear,402
2025-03-28,R04,19,4,0,Clear,355
2025-03-28,R04,20,4,0,Clear,209
2025-03-28,R04,21,4,0,Clear,114
2025-03-28,R04,22,4,0,Clear,84
2025-03-28,R05,6,4,0,Rain,119
2025-03-28,R05,7,4,0,Cloudy,194
2025-03-28,R05,8,4,0,Clear,257
2025-03-28,R05,9,4,0,Clear,179
2025-03-28,R05,10,4,0,Clear,115
2025-03-28,R05,11,4,0,Cloudy,36
2025-03-28,R05,12,4,0,Clear,34
2025-03-28,R05,13,4,0,Clear,38
2025-03-28,R05,14,4,0,Clear,52
2025-03-28,R05,15,4,0,Clear,98
2025-03-28,R05,16,4,0,Clear,129
2025-03-28,R05,17,4,0,Clear,267
2025-03-28,R05,18,4,0,Clear,308
2025-03-28,R05,19,4,0,Clear,245
2025-03-28,R05,20,4,0,Cloudy,119
2025-03-28,R05,21,4,0,Clear,73
2025-03-28,R05,22,4,0,Clear,53
2025-03-28,R06,6,4,0,Rain,166
2025-03-28,R06,7,4,0,Clear,257
2025-03-28,R06,8,4,0,Clear,354
2025-03-28,R06,9,4,0,Clear,266
2025-03-28,R06,10,4,0,Clear,149
2025-03-28,R06,11,4,0,Clear,76
2025-03-28,R06,12,4,0,Clear,81
2025-03-28,R06,13,4,0,Clear,48
2025-03-28,R06,14,4,0,Rain,77
2025-03-28,R06,15,4,0,Clear,78
2025-03-28,R06,16,4,0,Cloudy,178
2025-03-28,R06,17,4,0,Cloudy,282
2025-03-28,R06,18,4,0,Clear,384
2025-03-28,R06,19,4,0,Clear,310
2025-03-28,R06,20,4,0,Cloudy,201
2025-03-28,R06,21,4,0,Clear,85
2025-03-28,R06,22,4,0,Cloudy,76
2025-03-28,R07,6,4,0,Cloudy,102
2025-03-28,R07,7,4,0,Rain,138
2025-03-28,R07,8,4,0,Clear,198
2025-03-28,R07,9,4,0,Clear,173
2025-03-28,R07,10,4,0,Clear,59
2025-03-28,R07,11,4,0,Clear,58
2025-03-28,R07,12,4,0,Clear,35
2025-03-28,R07,13,4,0,Clear,10
2025-03-28,R07,14,4,0,Clear,53
2025-03-28,R07,15,4,0,Clear,64
2025-03-28,R07,16,4,0,Rain,103
2025-03-28,R07,17,4,0,Clear,191
2025-03-28,R07,18,4,0,Clear,202
2025-03-28,R07,19,4,0,Rain,192
2025-03-28,R07,20,4,0,Clear,105
2025-03-28,R07,21,4,0,Cloudy,52
2025-03-28,R07,22,4,0,Cloudy,43
2025-03-28,R08,6,4,0,Rain,168
2025-03-28,R08,7,4,0,Clear,220
2025-03-28,R08,8,4,0,Rain,333
2025-03-28,R08,9,4,0,Clear,238
2025-03-28,R08,10,4,0,Clear,141
2025-03-28,R08,11,4,0,Cloudy,64
2025-03-28,R08,12,4,0,Clear,30
2025-03-28,R08,13,4,0,Clear,56
2025-03-28,R08,14,4,0,Rain,38
2025-03-28,R08,15,4,0,Clear,98
2025-03-28,R08,16,4,0,Clear,160
2025-03-28,R08,17,4,0,Cloudy,267
2025-03-28,R08,18,4,0,Clear,328
2025-03-28,R08,19,4,0,Clear,265
2025-03-28,R08,20,4,0,Clear,168
2025-03-28,R08,21,4,0,Cloudy,75
2025-03-28,R08,22,4,0,Clear,49
2025-03-29,R01,6,5,1,Clear,97
2025-03-29,R01,7,5,1,Cloudy,139
2025-03-29,R01,8,5,1,Cloudy,167
2025-03-29,R01,9,5,1,Clear,148
2025-03-29,R01,10,5,1,Rain,80
2025-03-29,R01,11,5,1,Clear,50
2025-03-29,R01,12,5,1,Clear,20
2025-03-29,R01,13,5,1,Clear,49
2025-03-29,R01,14,5,1,Clear,31
2025-03-29,R01,15,5,1,Cloudy,31
2025-03-29,R01,16,5,1,Cloudy,77
2025-03-29,R01,17,5,1,Clear,169
2025-03-29,R01,18,5,1,Clear,202
2025-03-29,R01,19,5,1,Clear,152
2025-03-29,R01,20,5,1,Clear,79
2025-03-29,R01,21,5,1,Clear,52
2025-03-29,R01,22,5,1,Clear,40
2025-03-29,R02,6,5,1,Cloudy,88
2025-03-29,R02,7,5,1,Cloudy,180
2025-03-29,R02,8,5,1,Rain,247
2025-03-29,R02,9,5,1,Clear,164
2025-03-29,R02,10,5,1,Clear,133
2025-03-29,R02,11,5,1,Cloudy,35
2025-03-29,R02,12,5,1,Cloudy,16
2025-03-29,R02,13,5,1,Clear,49
2025-03-29,R02,14,5,1,Clear,68
2025-03-29,R02,15,5,1,Cloudy,70
2025-03-29,R02,16,5,1,Clear,113
2025-03-29,R02,17,5,1,Clear,192
2025-03-29,R02,18,5,1,Clear,258
2025-03-29,R02,19,5,1,Clear,200
2025-03-29,R02,20,5,1,Cloudy,105
2025-03-29,R02,21,5,1,Cloudy,77
2025-03-29,R02,22,5,1,Clear,19
2025-03-29,R03,6,5,1,Clear,69
2025-03-29,R03,7,5,1,Rain,121
2025-03-29,R03,8,5,1,Clear,152
2025-03-29,R03,9,5,1,Clear,107
2025-03-29,R03,10,5,1,Clear,61
2025-03-29,R03,11,5,1,Clear,69
2025-03-29,R03,12,5,1,Clear,39
2025-03-29,R03,13,5,1,Clear,36
2025-03-29,R03,14,5,1,Clear,30
2025-03-29,R03,15,5,1,Clear,42
2025-03-29,R03,16,5,1,Clear,82
2025-03-29,R03,17,5,1,Clear,148
2025-03-29,R03,18,5,1,Cloudy,174
2025-03-29,R03,19,5,1,Clear,169
2025-03-29,R03,20,5,1,Clear,78
2025-03-29,R03,21,5,1,Clear,62
2025-03-29,R03,22,5,1,Clear,58
2025-03-29,R04,6,5,1,Clear,117
2025-03-29,R04,7,5,1,Clear,195
2025-03-29,R04,8,5,1,Rain,288
2025-03-29,R04,9,5,1,Clear,175
2025-03-29,R04,10,5,1,Clear,129
2025-03-29,R04,11,5,1,Clear,71
2025-03-29,R04,12,5,1,Rain,49
2025-03-29,R04,13,5,1,Cloudy,40
2025-03-29,R04,14,5,1,Clear,31
2025-03-29,R04,15,5,1,Cloudy,82
2025-03-29,R04,16,5,1,Clear,131
2025-03-29,R04,17,5,1,Cloudy,244
2025-03-29,R04,18,5,1,Clear,264
2025-03-29,R04,19,5,1,Cloudy,206
2025-03-29,R04,20,5,1,Cloudy,112
2025-03-29,R04,21,5,1,Clear,38
2025-03-29,R04,22,5,1,Clear,16
2025-03-29,R05,6,5,1,Rain,90
2025-03-29,R05,7,5,1,Clear,122
2025-03-29,R05,8,5,1,Cloudy,154
2025-03-29,R05,9,5,1,Cloudy,115
2025-03-29,R05,10,5,1,Clear,68
2025-03-29,R05,11,5,1,Cloudy,61
2025-03-29,R05,12,5,1,Clear,39
2025-03-29,R05,13,5,1,Rain,38
2025-03-29,R05,14,5,1,Clear,35
2025-03-29,R05,15,5,1,Rain,47
2025-03-29,R05,16,5,1,Clear,87
2025-03-29,R05,17,5,1,Clear,165
2025-03-29,R05,18,5,1,Clear,221
2025-03-29,R05,19,5,1,Clear,155
2025-03-29,R05,20,5,1,Clear,108
2025-03-29,R05,21,5,1,Clear,35
2025-03-29,R05,22,5,1,Clear,44
2025-03-29,R06,6,5,1,Cloudy,111
2025-03-29,R06,7,5,1,Cloudy,170
2025-03-29,R06,8,5,1,Cloudy,211
2025-03-29,R06,9,5,1,Clear,191
2025-03-29,R06,10,5,1,Rain,131
2025-03-29,R06,11,5,1,Clear,67
2025-03-29,R06,12,5,1,Clear,69
2025-03-29,R06,13,5,1,Clear,42
2025-03-29,R06,14,5,1,Clear,45
2025-03-29,R06,15,5,1,Clear,45
2025-03-29,R06,16,5,1,Clear,115
2025-03-29,R06,17,5,1,Cloudy,200
2025-03-29,R06,18,5,1,Cloudy,248
2025-03-29,R06,19,5,1,Rain,245
2025-03-29,R06,20,5,1,Clear,117
2025-03-29,R06,21,5,1,Cloudy,55
2025-03-29,R06,22,5,1,Clear,75
2025-03-29,R07,6,5,1,Cloudy,21
2025-03-29,R07,7,5,1,Clear,76
2025-03-29,R07,8,5,1,Cloudy,114
2025-03-29,R07,9,5,1,Clear,76
2025-03-29,R07,10,5,1,Clear,29
2025-03-29,R07,11,5,1,Cloudy,24
2025-03-29,R07,12,5,1,Clear,29
2025-03-29,R07,13,5,1,Clear,19
2025-03-29,R07,14,5,1,Clear,32
2025-03-29,R07,15,5,1,Cloudy,46
2025-03-29,R07,16,5,1,Clear,74
2025-03-29,R07,17,5,1,Clear,129
2025-03-29,R07,18,5,1,Clear,148
2025-03-29,R07,19,5,1,Clear,117
2025-03-29,R07,20,5,1,Cloudy,37
2025-03-29,R07,21,5,1,Cloudy,47
2025-03-29,R07,22,5,1,Clear,29
2025-03-29,R08,6,5,1,Cloudy,84
2025-03-29,R08,7,5,1,Clear,140
2025-03-29,R08,8,5,1,Cloudy,181
2025-03-29,R08,9,5,1,Clear,155
2025-03-29,R08,10,5,1,Clear,70
2025-03-29,R08,11,5,1,Rain,54
2025-03-29,R08,12,5,1,Cloudy,37
2025-03-29,R08,13,5,1,Cloudy,35
2025-03-29,R08,14,5,1,Clear,52
2025-03-29,R08,15,5,1,Clear,60
2025-03-29,R08,16,5,1,Clear,127
2025-03-29,R08,17,5,1,Clear,193
2025-03-29,R08,18,5,1,Clear,223
2025-03-29,R08,19,5,1,Clear,189
2025-03-29,R08,20,5,1,Clear,74
2025-03-29,R08,21,5,1,Clear,61
2025-03-29,R08,22,5,1,Clear,29
2025-03-30,R01,6,6,1,Clear,79
2025-03-30,R01,7,6,1,Clear,136
2025-03-30,R01,8,6,1,Cloudy,159
2025-03-30,R01,9,6,1,Cloudy,160
2025-03-30,R01,10,6,1,Clear,68
2025-03-30,R01,11,6,1,Clear,31
2025-03-30,R01,12,6,1,Clear,44
2025-03-30,R01,13,6,1,Clear,29
2025-03-30,R01,14,6,1,Clear,26
2025-03-30,R01,15,6,1,Clear,62
2025-03-30,R01,16,6,1,Cloudy,92
2025-03-30,R01,17,6,1,Cloudy,174
2025-03-30,R01,18,6,1,Clear,231
2025-03-30,R01,19,6,1,Clear,167
2025-03-30,R01,20,6,1,Clear,107
2025-03-30,R01,21,6,1,Clear,72
2025-03-30,R01,22,6,1,Clear,61
2025-03-30,R02,6,6,1,Clear,83
2025-03-30,R02,7,6,1,Clear,186
2025-03-30,R02,8,6,1,Clear,191
2025-03-30,R02,9,6,1,Clear,175
2025-03-30,R02,10,6,1,Cloudy,67
2025-03-30,R02,11,6,1,Cloudy,42
2025-03-30,R02,12,6,1,Rain,76
2025-03-30,R02,13,6,1,Clear,52
2025-03-30,R02,14,6,1,Clear,25
2025-03-30,R02,15,6,1,Rain,53
2025-03-30,R02,16,6,1,Clear,132
2025-03-30,R02,17,6,1,Clear,218
2025-03-30,R02,18,6,1,Rain,249
2025-03-30,R02,19,6,1,Rain,239
2025-03-30,R02,20,6,1,Clear,120
2025-03-30,R02,21,6,1,Cloudy,70
2025-03-30,R02,22,6,1,Clear,38
2025-03-30,R03,6,6,1,Clear,58
2025-03-30,R03,7,6,1,Rain,134
2025-03-30,R03,8,6,1,Clear,142
2025-03-30,R03,9,6,1,Clear,106
2025-03-30,R03,10,6,1,Clear,71
2025-03-30,R03,11,6,1,Cloudy,42
2025-03-30,R03,12,6,1,Clear,16
2025-03-30,R03,13,6,1,Cloudy,18
2025-03-30,R03,14,6,1,Clear,36
2025-03-30,R03,15,6,1,Clear,47
2025-03-30,R03,16,6,1,Clear,84
2025-03-30,R03,17,6,1,Rain,143
2025-03-30,R03,18,6,1,Cloudy,197
2025-03-30,R03,19,6,1,Clear,135
2025-03-30,R03,20,6,1,Rain,95
2025-03-30,R03,21,6,1,Clear,27
2025-03-30,R03,22,6,1,Clear,29
2025-03-30,R04,6,6,1,Clear,92
2025-03-30,R04,7,6,1,Clear,189
2025-03-30,R04,8,6,1,Cloudy,239
2025-03-30,R04,9,6,1,Cloudy,203
2025-03-30,R04,10,6,1,Clear,96
2025-03-30,R04,11,6,1,Rain,66
2025-03-30,R04,12,6,1,Clear,52
2025-03-30,R04,13,6,1,Cloudy,52
2025-03-30,R04,14,6,1,Clear,24
2025-03-30,R04,15,6,1,Clear,82
2025-03-30,R04,16,6,1,Clear,139
2025-03-30,R04,17,6,1,Rain,258
2025-03-30,R04,18,6,1,Clear,318
2025-03-30,R04,19,6,1,Rain,245
2025-03-30,R04,20,6,1,Clear,138
2025-03-30,R04,21,6,1,Clear,98
2025-03-30,R04,22,6,1,Clear,65
2025-03-30,R05,6,6,1,Clear,68
2025-03-30,R05,7,6,1,Clear,141
2025-03-30,R05,8,6,1,Clear,180
2025-03-30,R05,9,6,1,Cloudy,126
2025-03-30,R05,10,6,1,Clear,56
2025-03-30,R05,11,6,1,Clear,35
2025-03-30,R05,12,6,1,Cloudy,38
2025-03-30,R05,13,6,1,Cloudy,25
2025-03-30,R05,14,6,1,Clear,34
2025-03-30,R05,15,6,1,Clear,68
2025-03-30,R05,16,6,1,Clear,93
2025-03-30,R05,17,6,1,Cloudy,154
2025-03-30,R05,18,6,1,Clear,203
2025-03-30,R05,19,6,1,Clear,157
2025-03-30,R05,20,6,1,Clear,106
2025-03-30,R05,21,6,1,Clear,34
2025-03-30,R05,22,6,1,Cloudy,26
2025-03-30,R06,6,6,1,Clear,100
2025-03-30,R06,7,6,1,Clear,177
2025-03-30,R06,8,6,1,Rain,278
2025-03-30,R06,9,6,1,Clear,182
2025-03-30,R06,10,6,1,Clear,97
2025-03-30,R06,11,6,1,Cloudy,37
2025-03-30,R06,12,6,1,Clear,38
2025-03-30,R06,13,6,1,Cloudy,51
2025-03-30,R06,14,6,1,Clear,36
2025-03-30,R06,15,6,1,Clear,42
2025-03-30,R06,16,6,1,Cloudy,114
2025-03-30,R06,17,6,1,Clear,216
2025-03-30,R06,18,6,1,Cloudy,243
2025-03-30,R06,19,6,1,Clear,234
2025-03-30,R06,20,6,1,Clear,155
2025-03-30,R06,21,6,1,Cloudy,64
2025-03-30,R06,22,6,1,Rain,45
2025-03-30,R07,6,6,1,Cloudy,60
2025-03-30,R07,7,6,1,Cloudy,117
2025-03-30,R07,8,6,1,Clear,126
2025-03-30,R07,9,6,1,Cloudy,109
2025-03-30,R07,10,6,1,Clear,54
2025-03-30,R07,11,6,1,Clear,46
2025-03-30,R07,12,6,1,Rain,15
2025-03-30,R07,13,6,1,Clear,45
2025-03-30,R07,14,6,1,Clear,30
2025-03-30,R07,15,6,1,Clear,45
2025-03-30,R07,16,6,1,Clear,57
2025-03-30,R07,17,6,1,Clear,109
2025-03-30,R07,18,6,1,Rain,172
2025-03-30,R07,19,6,1,Rain,144
2025-03-30,R07,20,6,1,Cloudy,64
2025-03-30,R07,21,6,1,Clear,47
2025-03-30,R07,22,6,1,Cloudy,10
2025-03-30,R08,6,6,1,Cloudy,61
2025-03-30,R08,7,6,1,Cloudy,152
2025-03-30,R08,8,6,1,Clear,189
2025-03-30,R08,9,6,1,Clear,138
2025-03-30,R08,10,6,1,Clear,74
2025-03-30,R08,11,6,1,Rain,59
2025-03-30,R08,12,6,1,Cloudy,39
2025-03-30,R08,13,6,1,Cloudy,54
2025-03-30,R08,14,6,1,Clear,44
2025-03-30,R08,15,6,1,Clear,43
2025-03-30,R08,16,6,1,Cloudy,110
2025-03-30,R08,17,6,1,Clear,181
2025-03-30,R08,18,6,1,Clear,229
2025-03-30,R08,19,6,1,Clear,181
2025-03-30,R08,20,6,1,Clear,93
2025-03-30,R08,21,6,1,Clear,97
2025-03-30,R08,22,6,1,Clear,29
2025-03-31,R01,6,0,0,Clear,90
2025-03-31,R01,7,0,0,Clear,224
2025-03-31,R01,8,0,0,Cloudy,230
2025-03-31,R01,9,0,0,Clear,212
2025-03-31,R01,10,0,0,Clear,126
2025-03-31,R01,11,0,0,Clear,45
2025-03-31,R01,12,0,0,Rain,55
2025-03-31,R01,13,0,0,Rain,50
2025-03-31,R01,14,0,0,Clear,43
2025-03-31,R01,15,0,0,Clear,95
2025-03-31,R01,16,0,0,Cloudy,132
2025-03-31,R01,17,0,0,Cloudy,247
2025-03-31,R01,18,0,0,Clear,324
2025-03-31,R01,19,0,0,Cloudy,235
2025-03-31,R01,20,0,0,Cloudy,122
2025-03-31,R01,21,0,0,Clear,90
2025-03-31,R01,22,0,0,Rain,57
2025-03-31,R02,6,0,0,Clear,134
2025-03-31,R02,7,0,0,Clear,247
2025-03-31,R02,8,0,0,Rain,368
2025-03-31,R02,9,0,0,Clear,222
2025-03-31,R02,10,0,0,Rain,132
2025-03-31,R02,11,0,0,Clear,73
2025-03-31,R02,12,0,0,Clear,46
2025-03-31,R02,13,0,0,Cloudy,49
2025-03-31,R02,14,0,0,Clear,78
2025-03-31,R02,15,0,0,Clear,105
2025-03-31,R02,16,0,0,Cloudy,158
2025-03-31,R02,17,0,0,Clear,303
2025-03-31,R02,18,0,0,Rain,407
2025-03-31,R02,19,0,0,Clear,285
2025-03-31,R02,20,0,0,Clear,134
2025-03-31,R02,21,0,0,Cloudy,92
2025-03-31,R02,22,0,0,Clear,51
2025-03-31,R03,6,0,0,Clear,88
2025-03-31,R03,7,0,0,Clear,152
2025-03-31,R03,8,0,0,Cloudy,221
2025-03-31,R03,9,0,0,Clear,189
2025-03-31,R03,10,0,0,Cloudy,93
2025-03-31,R03,11,0,0,Cloudy,49
2025-03-31,R03,12,0,0,Clear,35
2025-03-31,R03,13,0,0,Clear,51
2025-03-31,R03,14,0,0,Clear,67
2025-03-31,R03,15,0,0,Clear,52
2025-03-31,R03,16,0,0,Cloudy,109
2025-03-31,R03,17,0,0,Clear,193
2025-03-31,R03,18,0,0,Cloudy,240
2025-03-31,R03,19,0,0,Rain,223
2025-03-31,R03,20,0,0,Clear,117
2025-03-31,R03,21,0,0,Clear,73
2025-03-31,R03,22,0,0,Clear,58
2025-03-31,R04,6,0,0,Rain,153
2025-03-31,R04,7,0,0,Cloudy,275
2025-03-31,R04,8,0,0,Cloudy,366
2025-03-31,R04,9,0,0,Clear,295
2025-03-31,R04,10,0,0,Clear,140
2025-03-31,R04,11,0,0,Clear,98
2025-03-31,R04,12,0,0,Clear,75
2025-03-31,R04,13,0,0,Clear,72
2025-03-31,R04,14,0,0,Clear,69
2025-03-31,R04,15,0,0,Cloudy,102
2025-03-31,R04,16,0,0,Clear,235
2025-03-31,R04,17,0,0,Clear,316
2025-03-31,R04,18,0,0,Cloudy,389
2025-03-31,R04,19,0,0,Clear,337
2025-03-31,R04,20,0,0,Clear,163
2025-03-31,R04,21,0,0,Cloudy,126
2025-03-31,R04,22,0,0,Clear,58
2025-03-31,R05,6,0,0,Clear,93
2025-03-31,R05,7,0,0,Clear,182
2025-03-31,R05,8,0,0,Cloudy,238
2025-03-31,R05,9,0,0,Cloudy,197
2025-03-31,R05,10,0,0,Clear,108
2025-03-31,R05,11,0,0,Clear,47
2025-03-31,R05,12,0,0,Clear,53
2025-03-31,R05,13,0,0,Rain,51
2025-03-31,R05,14,0,0,Cloudy,65
2025-03-31,R05,15,0,0,Rain,71
2025-03-31,R05,16,0,0,Cloudy,119
2025-03-31,R05,17,0,0,Rain,276
2025-03-31,R05,18,0,0,Cloudy,263
2025-03-31,R05,19,0,0,Clear,219
2025-03-31,R05,20,0,0,Cloudy,129
2025-03-31,R05,21,0,0,Cloudy,75
2025-03-31,R05,22,0,0,Clear,29
2025-03-31,R06,6,0,0,Cloudy,147
2025-03-31,R06,7,0,0,Clear,244
2025-03-31,R06,8,0,0,Clear,333
2025-03-31,R06,9,0,0,Clear,267
2025-03-31,R06,10,0,0,Clear,161
2025-03-31,R06,11,0,0,Cloudy,93
2025-03-31,R06,12,0,0,Rain,71
2025-03-31,R06,13,0,0,Clear,55
2025-03-31,R06,14,0,0,Cloudy,57
2025-03-31,R06,15,0,0,Rain,132
2025-03-31,R06,16,0,0,Cloudy,186
2025-03-31,R06,17,0,0,Cloudy,302
2025-03-31,R06,18,0,0,Clear,391
2025-03-31,R06,19,0,0,Clear,317
2025-03-31,R06,20,0,0,Cloudy,145
2025-03-31,R06,21,0,0,Clear,58
2025-03-31,R06,22,0,0,Clear,63
2025-03-31,R07,6,0,0,Clear,66
2025-03-31,R07,7,0,0,Rain,172
2025-03-31,R07,8,0,0,Cloudy,187
2025-03-31,R07,9,0,0,Clear,133
2025-03-31,R07,10,0,0,Cloudy,80
2025-03-31,R07,11,0,0,Clear,49
2025-03-31,R07,12,0,0,Clear,39
2025-03-31,R07,13,0,0,Clear,27
2025-03-31,R07,14,0,0,Rain,48
2025-03-31,R07,15,0,0,Cloudy,59
2025-03-31,R07,16,0,0,Clear,110
2025-03-31,R07,17,0,0,Clear,178
2025-03-31,R07,18,0,0,Clear,245
2025-03-31,R07,19,0,0,Clear,200
2025-03-31,R07,20,0,0,Clear,105
2025-03-31,R07,21,0,0,Clear,45
2025-03-31,R07,22,0,0,Cloudy,25
2025-03-31,R08,6,0,0,Clear,133
2025-03-31,R08,7,0,0,Cloudy,203
2025-03-31,R08,8,0,0,Clear,309
2025-03-31,R08,9,0,0,Clear,215
2025-03-31,R08,10,0,0,Clear,123
2025-03-31,R08,11,0,0,Clear,76
2025-03-31,R08,12,0,0,Clear,44
2025-03-31,R08,13,0,0,Clear,67
2025-03-31,R08,14,0,0,Cloudy,49
2025-03-31,R08,15,0,0,Clear,83
2025-03-31,R08,16,0,0,Clear,132
2025-03-31,R08,17,0,0,Cloudy,241
2025-03-31,R08,18,0,0,Clear,315
2025-03-31,R08,19,0,0,Rain,316
2025-03-31,R08,20,0,0,Clear,153
2025-03-31,R08,21,0,0,Clear,98
2025-03-31,R08,22,0,0,Clear,27
2025-04-01,R01,6,1,0,Clear,119
2025-04-01,R01,7,1,0,Clear,186
2025-04-01,R01,8,1,0,Clear,261
2025-04-01,R01,9,1,0,Rain,233
2025-04-01,R01,10,1,0,Clear,107
2025-04-01,R01,11,1,0,Cloudy,62
2025-04-01,R01,12,1,0,Clear,41
2025-04-01,R01,13,1,0,Cloudy,42
2025-04-01,R01,14,1,0,Clear,38
2025-04-01,R01,15,1,0,Clear,84
2025-04-01,R01,16,1,0,Cloudy,137
2025-04-01,R01,17,1,0,Clear,258
2025-04-01,R01,18,1,0,Clear,310
2025-04-01,R01,19,1,0,Cloudy,248
2025-04-01,R01,20,1,0,Rain,151
2025-04-01,R01,21,1,0,Rain,84
2025-04-01,R01,22,1,0,Clear,95
2025-04-01,R02,6,1,0,Clear,117
2025-04-01,R02,7,1,0,Clear,267
2025-04-01,R02,8,1,0,Cloudy,335
2025-04-01,R02,9,1,0,Clear,259
2025-04-01,R02,10,1,0,Clear,99
2025-04-01,R02,11,1,0,Clear,57
2025-04-01,R02,12,1,0,Rain,38
2025-04-01,R02,13,1,0,Rain,67
2025-04-01,R02,14,1,0,Cloudy,58
2025-04-01,R02,15,1,0,Clear,112
2025-04-01,R02,16,1,0,Clear,193
2025-04-01,R02,17,1,0,Cloudy,279
2025-04-01,R02,18,1,0,Cloudy,344
2025-04-01,R02,19,1,0,Rain,320
2025-04-01,R02,20,1,0,Clear,177
2025-04-01,R02,21,1,0,Clear,77
2025-04-01,R02,22,1,0,Clear,60
2025-04-01,R03,6,1,0,Cloudy,76
2025-04-01,R03,7,1,0,Clear,178
2025-04-01,R03,8,1,0,Clear,239
2025-04-01,R03,9,1,0,Clear,155
2025-04-01,R03,10,1,0,Clear,90
2025-04-01,R03,11,1,0,Clear,70
2025-04-01,R03,12,1,0,Cloudy,62
2025-04-01,R03,13,1,0,Cloudy,30
2025-04-01,R03,14,1,0,Rain,36
2025-04-01,R03,15,1,0,Cloudy,20
2025-04-01,R03,16,1,0,Clear,135
2025-04-01,R03,17,1,0,Rain,243
2025-04-01,R03,18,1,0,Cloudy,241
2025-04-01,R03,19,1,0,Clear,241
2025-04-01,R03,20,1,0,Cloudy,111
2025-04-01,R03,21,1,0,Cloudy,75
2025-04-01,R03,22,1,0,Clear,37
2025-04-01,R04,6,1,0,Clear,150
2025-04-01,R04,7,1,0,Clear,292
2025-04-01,R04,8,1,0,Clear,357
2025-04-01,R04,9,1,0,Cloudy,283
2025-04-01,R04,10,1,0,Rain,171
2025-04-01,R04,11,1,0,Clear,59
2025-04-01,R04,12,1,0,Rain,91
2025-04-01,R04,13,1,0,Clear,53
2025-04-01,R04,14,1,0,Cloudy,56
2025-04-01,R04,15,1,0,Cloudy,92
2025-04-01,R04,16,1,0,Cloudy,190
2025-04-01,R04,17,1,0,Clear,346
2025-04-01,R04,18,1,0,Clear,442
2025-04-01,R04,19,1,0,Cloudy,325
2025-04-01,R04,20,1,0,Clear,175
2025-04-01,R04,21,1,0,Clear,88
2025-04-01,R04,22,1,0,Clear,50
2025-04-01,R05,6,1,0,Clear,86
2025-04-01,R05,7,1,0,Clear,197
2025-04-01,R05,8,1,0,Clear,275
2025-04-01,R05,9,1,0,Clear,204
2025-04-01,R05,10,1,0,Clear,115
2025-04-01,R05,11,1,0,Clear,71
2025-04-01,R05,12,1,0,Clear,64
2025-04-01,R05,13,1,0,Clear,36
2025-04-01,R05,14,1,0,Cloudy,62
2025-04-01,R05,15,1,0,Clear,85
2025-04-01,R05,16,1,0,Clear,132
2025-04-01,R05,17,1,0,Clear,229
2025-04-01,R05,18,1,0,Cloudy,275
2025-04-01,R05,19,1,0,Clear,262
2025-04-01,R05,20,1,0,Clear,154
2025-04-01,R05,21,1,0,Rain,73
2025-04-01,R05,22,1,0,Clear,66
2025-04-01,R06,6,1,0,Rain,166
2025-04-01,R06,7,1,0,Cloudy,258
2025-04-01,R06,8,1,0,Cloudy,341
2025-04-01,R06,9,1,0,Cloudy,255
2025-04-01,R06,10,1,0,Clear,143
2025-04-01,R06,11,1,0,Clear,51
2025-04-01,R06,12,1,0,Clear,74
2025-04-01,R06,13,1,0,Rain,55
2025-04-01,R06,14,1,0,Clear,52
2025-04-01,R06,15,1,0,Clear,96
2025-04-01,R06,16,1,0,Clear,166
2025-04-01,R06,17,1,0,Clear,322
2025-04-01,R06,18,1,0,Cloudy,368
2025-04-01,R06,19,1,0,Clear,318
2025-04-01,R06,20,1,0,Cloudy,168
2025-04-01,R06,21,1,0,Cloudy,100
2025-04-01,R06,22,1,0,Clear,72
2025-04-01,R07,6,1,0,Cloudy,82
2025-04-01,R07,7,1,0,Clear,143
2025-04-01,R07,8,1,0,Rain,215
2025-04-01,R07,9,1,0,Clear,142
2025-04-01,R07,10,1,0,Cloudy,76
2025-04-01,R07,11,1,0,Cloudy,33
2025-04-01,R07,12,1,0,Clear,34
2025-04-01,R07,13,1,0,Cloudy,32
2025-04-01,R07,14,1,0,Rain,40
2025-04-01,R07,15,1,0,Cloudy,63
2025-04-01,R07,16,1,0,Clear,112
2025-04-01,R07,17,1,0,Rain,182
2025-04-01,R07,18,1,0,Clear,221
2025-04-01,R07,19,1,0,Clear,184
2025-04-01,R07,20,1,0,Clear,94
2025-04-01,R07,21,1,0,Clear,58
2025-04-01,R07,22,1,0,Rain,34
2025-04-01,R08,6,1,0,Clear,125
2025-04-01,R08,7,1,0,Clear,222
2025-04-01,R08,8,1,0,Cloudy,281
2025-04-01,R08,9,1,0,Clear,243
2025-04-01,R08,10,1,0,Cloudy,128
2025-04-01,R08,11,1,0,Clear,68
2025-04-01,R08,12,1,0,Cloudy,80
2025-04-01,R08,13,1,0,Clear,58
2025-04-01,R08,14,1,0,Rain,75
2025-04-01,R08,15,1,0,Cloudy,96
2025-04-01,R08,16,1,0,Cloudy,140
2025-04-01,R08,17,1,0,Cloudy,269
2025-04-01,R08,18,1,0,Clear,345
2025-04-01,R08,19,1,0,Cloudy,270
2025-04-01,R08,20,1,0,Cloudy,163
2025-04-01,R08,21,1,0,Clear,72
2025-04-01,R08,22,1,0,Clear,86
2025-04-02,R01,6,2,0,Clear,114
2025-04-02,R01,7,2,0,Clear,209
2025-04-02,R01,8,2,0,Cloudy,227
2025-04-02,R01,9,2,0,Clear,230
2025-04-02,R01,10,2,0,Clear,126
2025-04-02,R01,11,2,0,Cloudy,56
2025-04-02,R01,12,2,0,Clear,26
2025-04-02,R01,13,2,0,Clear,50
2025-04-02,R01,14,2,0,Clear,34
2025-04-02,R01,15,2,0,Clear,91
2025-04-02,R01,16,2,0,Clear,142
2025-04-02,R01,17,2,0,Cloudy,225
2025-04-02,R01,18,2,0,Clear,315
2025-04-02,R01,19,2,0,Cloudy,243
2025-04-02,R01,20,2,0,Clear,152
2025-04-02,R01,21,2,0,Rain,71
2025-04-02,R01,22,2,0,Clear,66
2025-04-02,R02,6,2,0,Clear,131
2025-04-02,R02,7,2,0,Clear,224
2025-04-02,R02,8,2,0,Clear,288
2025-04-02,R02,9,2,0,Cloudy,236
2025-04-02,R02,10,2,0,Clear,133
2025-04-02,R02,11,2,0,Clear,72
2025-04-02,R02,12,2,0,Cloudy,59
2025-04-02,R02,13,2,0,Clear,81
2025-04-02,R02,14,2,0,Clear,62
2025-04-02,R02,15,2,0,Clear,90
2025-04-02,R02,16,2,0,Clear,164
2025-04-02,R02,17,2,0,Cloudy,280
2025-04-02,R02,18,2,0,Cloudy,352
2025-04-02,R02,19,2,0,Clear,306
2025-04-02,R02,20,2,0,Clear,190
2025-04-02,R02,21,2,0,Clear,64
2025-04-02,R02,22,2,0,Clear,74
2025-04-02,R03,6,2,0,Cloudy,97
2025-04-02,R03,7,2,0,Clear,155
2025-04-02,R03,8,2,0,Cloudy,229
2025-04-02,R03,9,2,0,Clear,157
2025-04-02,R03,10,2,0,Clear,101
2025-04-02,R03,11,2,0,Clear,24
2025-04-02,R03,12,2,0,Clear,28
2025-04-02,R03,13,2,0,Clear,48
2025-04-02,R03,14,2,0,Rain,57
2025-04-02,R03,15,2,0,Cloudy,56
2025-04-02,R03,16,2,0,Clear,139
2025-04-02,R03,17,2,0,Clear,215
2025-04-02,R03,18,2,0,Clear,269
2025-04-02,R03,19,2,0,Cloudy,193
2025-04-02,R03,20,2,0,Cloudy,97
2025-04-02,R03,21,2,0,Cloudy,44
2025-04-02,R03,22,2,0,Clear,39
2025-04-02,R04,6,2,0,Clear,141
2025-04-02,R04,7,2,0,Clear,275
2025-04-02,R04,8,2,0,Clear,346
2025-04-02,R04,9,2,0,Clear,285
2025-04-02,R04,10,2,0,Clear,131
2025-04-02,R04,11,2,0,Clear,80
2025-04-02,R04,12,2,0,Clear,41
2025-04-02,R04,13,2,0,Clear,61
2025-04-02,R04,14,2,0,Cloudy,75
2025-04-02,R04,15,2,0,Cloudy,83
2025-04-02,R04,16,2,0,Clear,200
2025-04-02,R04,17,2,0,Clear,344
2025-04-02,R04,18,2,0,Cloudy,385
2025-04-02,R04,19,2,0,Clear,318
2025-04-02,R04,20,2,0,Clear,216
2025-04-02,R04,21,2,0,Rain,125
2025-04-02,R04,22,2,0,Clear,62
2025-04-02,R05,6,2,0,Clear,130
2025-04-02,R05,7,2,0,Clear,214
2025-04-02,R05,8,2,0,Clear,268
2025-04-02,R05,9,2,0,Clear,184
2025-04-02,R05,10,2,0,Cloudy,110
2025-04-02,R05,11,2,0,Cloudy,71
2025-04-02,R05,12,2,0,Clear,48
2025-04-02,R05,13,2,0,Clear,51
2025-04-02,R05,14,2,0,Cloudy,55
2025-04-02,R05,15,2,0,Clear,90
2025-04-02,R05,16,2,0,Cloudy,135
2025-04-02,R05,17,2,0,Clear,247
2025-04-02,R05,18,2,0,Cloudy,281
2025-04-02,R05,19,2,0,Cloudy,249
2025-04-02,R05,20,2,0,Clear,139
2025-04-02,R05,21,2,0,Cloudy,75
2025-04-02,R05,22,2,0,Clear,69
2025-04-02,R06,6,2,0,Rain,150
2025-04-02,R06,7,2,0,Clear,293
2025-04-02,R06,8,2,0,Clear,334
2025-04-02,R06,9,2,0,Cloudy,238
2025-04-02,R06,10,2,0,Clear,150
2025-04-02,R06,11,2,0,Clear,70
2025-04-02,R06,12,2,0,Clear,100
2025-04-02,R06,13,2,0,Rain,89
2025-04-02,R06,14,2,0,Cloudy,93
2025-04-02,R06,15,2,0,Clear,83
2025-04-02,R06,16,2,0,Clear,168
2025-04-02,R06,17,2,0,Clear,302
2025-04-02,R06,18,2,0,Cloudy,338
2025-04-02,R06,19,2,0,Clear,308
2025-04-02,R06,20,2,0,Rain,214
2025-04-02,R06,21,2,0,Cloudy,97
2025-04-02,R06,22,2,0,Clear,63
2025-04-02,R07,6,2,0,Cloudy,83
2025-04-02,R07,7,2,0,Rain,146
2025-04-02,R07,8,2,0,Rain,199
2025-04-02,R07,9,2,0,Cloudy,146
2025-04-02,R07,10,2,0,Clear,86
2025-04-02,R07,11,2,0,Clear,48
2025-04-02,R07,12,2,0,Clear,27
2025-04-02,R07,13,2,0,Clear,26
2025-04-02,R07,14,2,0,Clear,48
2025-04-02,R07,15,2,0,Rain,69
2025-04-02,R07,16,2,0,Cloudy,71
2025-04-02,R07,17,2,0,Cloudy,144
2025-04-02,R07,18,2,0,Cloudy,240
2025-04-02,R07,19,2,0,Clear,186
2025-04-02,R07,20,2,0,Clear,107
2025-04-02,R07,21,2,0,Cloudy,40
2025-04-02,R07,22,2,0,Cloudy,31
2025-04-02,R08,6,2,0,Cloudy,110
2025-04-02,R08,7,2,0,Rain,274
2025-04-02,R08,8,2,0,Clear,315
2025-04-02,R08,9,2,0,Clear,239
2025-04-02,R08,10,2,0,Cloudy,120
2025-04-02,R08,11,2,0,Cloudy,100
2025-04-02,R08,12,2,0,Rain,67
2025-04-02,R08,13,2,0,Cloudy,52
2025-04-02,R08,14,2,0,Clear,68
2025-04-02,R08,15,2,0,Clear,103
2025-04-02,R08,16,2,0,Clear,159
2025-04-02,R08,17,2,0,Clear,267
2025-04-02,R08,18,2,0,Clear,344
2025-04-02,R08,19,2,0,Cloudy,254
2025-04-02,R08,20,2,0,Cloudy,129
2025-04-02,R08,21,2,0,Rain,77
2025-04-02,R08,22,2,0,Cloudy,72
2025-04-03,R01,6,3,0,Clear,115
2025-04-03,R01,7,3,0,Clear,209
2025-04-03,R01,8,3,0,Clear,277
2025-04-03,R01,9,3,0,Clear,207
2025-04-03,R01,10,3,0,Rain,143
2025-04-03,R01,11,3,0,Clear,92
2025-04-03,R01,12,3,0,Cloudy,41
2025-04-03,R01,13,3,0,Cloudy,44
2025-04-03,R01,14,3,0,Cloudy,55
2025-04-03,R01,15,3,0,Clear,60
2025-04-03,R01,16,3,0,Clear,119
2025-04-03,R01,17,3,0,Cloudy,254
2025-04-03,R01,18,3,0,Rain,337
2025-04-03,R01,19,3,0,Clear,247
2025-04-03,R01,20,3,0,Clear,151
2025-04-03,R01,21,3,0,Clear,64
2025-04-03,R01,22,3,0,Clear,47
2025-04-03,R02,6,3,0,Rain,132
2025-04-03,R02,7,3,0,Cloudy,214
2025-04-03,R02,8,3,0,Clear,316
2025-04-03,R02,9,3,0,Clear,241
2025-04-03,R02,10,3,0,Rain,134
2025-04-03,R02,11,3,0,Clear,74
2025-04-03,R02,12,3,0,Clear,70
2025-04-03,R02,13,3,0,Clear,69
2025-04-03,R02,14,3,0,Clear,73
2025-04-03,R02,15,3,0,Cloudy,74
2025-04-03,R02,16,3,0,Cloudy,160
2025-04-03,R02,17,3,0,Rain,321
2025-04-03,R02,18,3,0,Clear,358
2025-04-03,R02,19,3,0,Clear,290
2025-04-03,R02,20,3,0,Clear,157
2025-04-03,R02,21,3,0,Rain,102
2025-04-03,R02,22,3,0,Clear,78
2025-04-03,R03,6,3,0,Clear,86
2025-04-03,R03,7,3,0,Clear,166
2025-04-03,R03,8,3,0,Clear,198
2025-04-03,R03,9,3,0,Cloudy,173
2025-04-03,R03,10,3,0,Cloudy,59
2025-04-03,R03,11,3,0,Cloudy,49
2025-04-03,R03,12,3,0,Clear,30
2025-04-03,R03,13,3,0,Clear,37
2025-04-03,R03,14,3,0,Cloudy,43
2025-04-03,R03,15,3,0,Clear,64
2025-04-03,R03,16,3,0,Rain,144
2025-04-03,R03,17,3,0,Cloudy,167
2025-04-03,R03,18,3,0,Clear,267
2025-04-03,R03,19,3,0,Rain,231
2025-04-03,R03,20,3,0,Rain,146
2025-04-03,R03,21,3,0,Rain,69
2025-04-03,R03,22,3,0,Cloudy,21
2025-04-03,R04,6,3,0,Cloudy,143
2025-04-03,R04,7,3,0,Clear,297
2025-04-03,R04,8,3,0,Cloudy,358
2025-04-03,R04,9,3,0,Cloudy,270
2025-04-03,R04,10,3,0,Clear,151
2025-04-03,R04,11,3,0,Clear,87
2025-04-03,R04,12,3,0,Clear,80
2025-04-03,R04,13,3,0,Clear,60
2025-04-03,R04,14,3,0,Clear,77
2025-04-03,R04,15,3,0,Cloudy,121
2025-04-03,R04,16,3,0,Rain,250
2025-04-03,R04,17,3,0,Clear,354
2025-04-03,R04,18,3,0,Cloudy,392
2025-04-03,R04,19,3,0,Clear,325
2025-04-03,R04,20,3,0,Clear,201
2025-04-03,R04,21,3,0,Cloudy,117
2025-04-03,R04,22,3,0,Clear,71
2025-04-03,R05,6,3,0,Clear,123
2025-04-03,R05,7,3,0,Clear,216
2025-04-03,R05,8,3,0,Clear,260
2025-04-03,R05,9,3,0,Cloudy,203
2025-04-03,R05,10,3,0,Clear,93
2025-04-03,R05,11,3,0,Rain,63
2025-04-03,R05,12,3,0,Cloudy,51
2025-04-03,R05,13,3,0,Rain,51
2025-04-03,R05,14,3,0,Clear,37
2025-04-03,R05,15,3,0,Cloudy,80
2025-04-03,R05,16,3,0,Cloudy,136
2025-04-03,R05,17,3,0,Clear,243
2025-04-03,R05,18,3,0,Clear,313
2025-04-03,R05,19,3,0,Clear,253
2025-04-03,R05,20,3,0,Clear,106
2025-04-03,R05,21,3,0,Clear,75
2025-04-03,R05,22,3,0,Clear,53
2025-04-03,R06,6,3,0,Clear,138
2025-04-03,R06,7,3,0,Clear,239
2025-04-03,R06,8,3,0,Clear,332
2025-04-03,R06,9,3,0,Clear,237
2025-04-03,R06,10,3,0,Cloudy,164
2025-04-03,R06,11,3,0,Clear,78
2025-04-03,R06,12,3,0,Clear,70
2025-04-03,R06,13,3,0,Rain,53
2025-04-03,R06,14,3,0,Cloudy,36
2025-04-03,R06,15,3,0,Cloudy,84
2025-04-03,R06,16,3,0,Cloudy,163
2025-04-03,R06,17,3,0,Clear,320
2025-04-03,R06,18,3,0,Rain,423
2025-04-03,R06,19,3,0,Clear,350
2025-04-03,R06,20,3,0,Clear,197
2025-04-03,R06,21,3,0,Clear,117
2025-04-03,R06,22,3,0,Clear,66
2025-04-03,R07,6,3,0,Rain,93
2025-04-03,R07,7,3,0,Clear,174
2025-04-03,R07,8,3,0,Cloudy,179
2025-04-03,R07,9,3,0,Clear,160
2025-04-03,R07,10,3,0,Clear,77
2025-04-03,R07,11,3,0,Clear,52
2025-04-03,R07,12,3,0,Clear,18
2025-04-03,R07,13,3,0,Clear,27
2025-04-03,R07,14,3,0,Cloudy,39
2025-04-03,R07,15,3,0,Clear,60
2025-04-03,R07,16,3,0,Clear,115
2025-04-03,R07,17,3,0,Cloudy,156
2025-04-03,R07,18,3,0,Cloudy,214
2025-04-03,R07,19,3,0,Clear,161
2025-04-03,R07,20,3,0,Cloudy,94
2025-04-03,R07,21,3,0,Cloudy,52
2025-04-03,R07,22,3,0,Cloudy,34
2025-04-03,R08,6,3,0,Clear,149
2025-04-03,R08,7,3,0,Clear,236
2025-04-03,R08,8,3,0,Clear,309
2025-04-03,R08,9,3,0,Cloudy,225
2025-04-03,R08,10,3,0,Clear,125
2025-04-03,R08,11,3,0,Clear,76
2025-04-03,R08,12,3,0,Clear,57
2025-04-03,R08,13,3,0,Clear,55
2025-04-03,R08,14,3,0,Clear,56
2025-04-03,R08,15,3,0,Clear,78
2025-04-03,R08,16,3,0,Clear,152
2025-04-03,R08,17,3,0,Cloudy,263
2025-04-03,R08,18,3,0,Clear,343
2025-04-03,R08,19,3,0,Cloudy,281
2025-04-03,R08,20,3,0,Cloudy,131
2025-04-03,R08,21,3,0,Clear,109
2025-04-03,R08,22,3,0,Clear,43
2025-04-04,R01,6,4,0,Rain,125
2025-04-04,R01,7,4,0,Cloudy,207
2025-04-04,R01,8,4,0,Clear,261
2025-04-04,R01,9,4,0,Clear,198
2025-04-04,R01,10,4,0,Clear,112
2025-04-04,R01,11,4,0,Clear,71
2025-04-04,R01,12,4,0,Rain,67
2025-04-04,R01,13,4,0,Cloudy,28
2025-04-04,R01,14,4,0,Clear,51
2025-04-04,R01,15,4,0,Cloudy,48
2025-04-04,R01,16,4,0,Clear,133
2025-04-04,R01,17,4,0,Rain,295
2025-04-04,R01,18,4,0,Clear,316
2025-04-04,R01,19,4,0,Clear,242
2025-04-04,R01,20,4,0,Cloudy,154
2025-04-04,R01,21,4,0,Rain,99
2025-04-04,R01,22,4,0,Rain,49
2025-04-04,R02,6,4,0,Clear,134
2025-04-04,R02,7,4,0,Cloudy,211
2025-04-04,R02,8,4,0,Clear,312
2025-04-04,R02,9,4,0,Clear,256
2025-04-04,R02,10,4,0,Cloudy,129
2025-04-04,R02,11,4,0,Cloudy,63
2025-04-04,R02,12,4,0,Cloudy,53
2025-04-04,R02,13,4,0,Cloudy,64
2025-04-04,R02,14,4,0,Cloudy,56
2025-04-04,R02,15,4,0,Clear,95
2025-04-04,R02,16,4,0,Clear,163
2025-04-04,R02,17,4,0,Cloudy,280
2025-04-04,R02,18,4,0,Clear,341
2025-04-04,R02,19,4,0,Clear,292
2025-04-04,R02,20,4,0,Clear,172
2025-04-04,R02,21,4,0,Clear,88
2025-04-04,R02,22,4,0,Cloudy,51
2025-04-04,R03,6,4,0,Clear,79
2025-04-04,R03,7,4,0,Cloudy,166
2025-04-04,R03,8,4,0,Clear,222
2025-04-04,R03,9,4,0,Cloudy,169
2025-04-04,R03,10,4,0,Cloudy,78
2025-04-04,R03,11,4,0,Cloudy,55
2025-04-04,R03,12,4,0,Clear,25
2025-04-04,R03,13,4,0,Cloudy,17
2025-04-04,R03,14,4,0,Clear,60
2025-04-04,R03,15,4,0,Rain,53
2025-04-04,R03,16,4,0,Rain,132
2025-04-04,R03,17,4,0,Clear,203
2025-04-04,R03,18,4,0,Cloudy,257
2025-04-04,R03,19,4,0,Clear,216
2025-04-04,R03,20,4,0,Clear,99
2025-04-04,R03,21,4,0,Clear,84
2025-04-04,R03,22,4,0,Clear,56
2025-04-04,R04,6,4,0,Cloudy,138
2025-04-04,R04,7,4,0,Rain,302
2025-04-04,R04,8,4,0,Clear,372
2025-04-04,R04,9,4,0,Cloudy,275
2025-04-04,R04,10,4,0,Clear,129
2025-04-04,R04,11,4,0,Cloudy,80
2025-04-04,R04,12,4,0,Cloudy,75
2025-04-04,R04,13,4,0,Clear,66
2025-04-04,R04,14,4,0,Clear,70
2025-04-04,R04,15,4,0,Rain,110
2025-04-04,R04,16,4,0,Clear,184
2025-04-04,R04,17,4,0,Cloudy,336
2025-04-04,R04,18,4,0,Clear,415
2025-04-04,R04,19,4,0,Cloudy,324
2025-04-04,R04,20,4,0,Clear,178
2025-04-04,R04,21,4,0,Clear,100
2025-04-04,R04,22,4,0,Cloudy,74
2025-04-04,R05,6,4,0,Cloudy,96
2025-04-04,R05,7,4,0,Cloudy,186
2025-04-04,R05,8,4,0,Clear,259
2025-04-04,R05,9,4,0,Clear,209
2025-04-04,R05,10,4,0,Cloudy,103
2025-04-04,R05,11,4,0,Cloudy,83
2025-04-04,R05,12,4,0,Clear,64
2025-04-04,R05,13,4,0,Rain,43
2025-04-04,R05,14,4,0,Clear,64
2025-04-04,R05,15,4,0,Clear,47
2025-04-04,R05,16,4,0,Clear,133
2025-04-04,R05,17,4,0,Cloudy,205
2025-04-04,R05,18,4,0,Rain,333
2025-04-04,R05,19,4,0,Clear,235
2025-04-04,R05,20,4,0,Clear,121
2025-04-04,R05,21,4,0,Clear,82
2025-04-04,R05,22,4,0,Cloudy,32
2025-04-04,R06,6,4,0,Rain,165
2025-04-04,R06,7,4,0,Rain,297
2025-04-04,R06,8,4,0,Clear,339
2025-04-04,R06,9,4,0,Clear,279
2025-04-04,R06,10,4,0,Clear,130
2025-04-04,R06,11,4,0,Clear,54
2025-04-04,R06,12,4,0,Clear,47
2025-04-04,R06,13,4,0,Cloudy,84
2025-04-04,R06,14,4,0,Clear,55
2025-04-04,R06,15,4,0,Cloudy,83
2025-04-04,R06,16,4,0,Clear,201
2025-04-04,R06,17,4,0,Rain,342
2025-04-04,R06,18,4,0,Clear,397
2025-04-04,R06,19,4,0,Rain,370
2025-04-04,R06,20,4,0,Cloudy,176
2025-04-04,R06,21,4,0,Clear,94
2025-04-04,R06,22,4,0,Cloudy,73
2025-04-04,R07,6,4,0,Cloudy,48
2025-04-04,R07,7,4,0,Clear,147
2025-04-04,R07,8,4,0,Cloudy,202
2025-04-04,R07,9,4,0,Rain,158
2025-04-04,R07,10,4,0,Clear,48
2025-04-04,R07,11,4,0,Cloudy,43
2025-04-04,R07,12,4,0,Rain,47
2025-04-04,R07,13,4,0,Clear,30
2025-04-04,R07,14,4,0,Clear,46
2025-04-04,R07,15,4,0,Clear,57
2025-04-04,R07,16,4,0,Clear,144
2025-04-04,R07,17,4,0,Cloudy,182
2025-04-04,R07,18,4,0,Clear,227
2025-04-04,R07,19,4,0,Cloudy,145
2025-04-04,R07,20,4,0,Clear,94
2025-04-04,R07,21,4,0,Clear,40
2025-04-04,R07,22,4,0,Rain,62
2025-04-04,R08,6,4,0,Clear,109
2025-04-04,R08,7,4,0,Cloudy,216
2025-04-04,R08,8,4,0,Cloudy,288
2025-04-04,R08,9,4,0,Cloudy,213
2025-04-04,R08,10,4,0,Clear,119
2025-04-04,R08,11,4,0,Cloudy,67
2025-04-04,R08,12,4,0,Clear,44
2025-04-04,R08,13,4,0,Clear,55
2025-04-04,R08,14,4,0,Cloudy,65
2025-04-04,R08,15,4,0,Clear,74
2025-04-04,R08,16,4,0,Clear,144
2025-04-04,R08,17,4,0,Cloudy,285
2025-04-04,R08,18,4,0,Rain,400
2025-04-04,R08,19,4,0,Clear,277
2025-04-04,R08,20,4,0,Cloudy,151
2025-04-04,R08,21,4,0,Clear,84
2025-04-04,R08,22,4,0,Clear,52
2025-04-05,R01,6,5,1,Cloudy,71
2025-04-05,R01,7,5,1,Cloudy,110
2025-04-05,R01,8,5,1,Clear,167
2025-04-05,R01,9,5,1,Rain,154
2025-04-05,R01,10,5,1,Rain,76
2025-04-05,R01,11,5,1,Clear,25
2025-04-05,R01,12,5,1,Clear,32
2025-04-05,R01,13,5,1,Rain,45
2025-04-05,R01,14,5,1,Clear,25
2025-04-05,R01,15,5,1,Clear,21
2025-04-05,R01,16,5,1,Cloudy,96
2025-04-05,R01,17,5,1,Clear,167
2025-04-05,R01,18,5,1,Cloudy,210
2025-04-05,R01,19,5,1,Clear,152
2025-04-05,R01,20,5,1,Clear,83
2025-04-05,R01,21,5,1,Cloudy,42
2025-04-05,R01,22,5,1,Clear,23
2025-04-05,R02,6,5,1,Cloudy,58
2025-04-05,R02,7,5,1,Rain,204
2025-04-05,R02,8,5,1,Rain,222
2025-04-05,R02,9,5,1,Clear,165
2025-04-05,R02,10,5,1,Clear,118
2025-04-05,R02,11,5,1,Clear,29
2025-04-05,R02,12,5,1,Clear,39
2025-04-05,R02,13,5,1,Clear,34
2025-04-05,R02,14,5,1,Rain,52
2025-04-05,R02,15,5,1,Clear,64
2025-04-05,R02,16,5,1,Cloudy,112
2025-04-05,R02,17,5,1,Clear,215
2025-04-05,R02,18,5,1,Clear,261
2025-04-05,R02,19,5,1,Clear,194
2025-04-05,R02,20,5,1,Cloudy,100
2025-04-05,R02,21,5,1,Clear,69
2025-04-05,R02,22,5,1,Cloudy,41
2025-04-05,R03,6,5,1,Clear,67
2025-04-05,R03,7,5,1,Clear,119
2025-04-05,R03,8,5,1,Clear,145
2025-04-05,R03,9,5,1,Rain,138
2025-04-05,R03,10,5,1,Clear,52
2025-04-05,R03,11,5,1,Cloudy,60
2025-04-05,R03,12,5,1,Cloudy,52
2025-04-05,R03,13,5,1,Clear,58
2025-04-05,R03,14,5,1,Cloudy,30
2025-04-05,R03,15,5,1,Clear,36
2025-04-05,R03,16,5,1,Clear,100
2025-04-05,R03,17,5,1,Clear,141
2025-04-05,R03,18,5,1,Cloudy,174
2025-04-05,R03,19,5,1,Clear,152
2025-04-05,R03,20,5,1,Cloudy,65
2025-04-05,R03,21,5,1,Clear,49
2025-04-05,R03,22,5,1,Clear,39
2025-04-05,R04,6,5,1,Rain,113
2025-04-05,R04,7,5,1,Cloudy,165
2025-04-05,R04,8,5,1,Cloudy,256
2025-04-05,R04,9,5,1,Clear,223
2025-04-05,R04,10,5,1,Clear,105
2025-04-05,R04,11,5,1,Clear,52
2025-04-05,R04,12,5,1,Clear,24
2025-04-05,R04,13,5,1,Rain,51
2025-04-05,R04,14,5,1,Rain,47
2025-04-05,R04,15,5,1,Cloudy,44
2025-04-05,R04,16,5,1,Rain,159
2025-04-05,R04,17,5,1,Clear,240
2025-04-05,R04,18,5,1,Clear,278
2025-04-05,R04,19,5,1,Clear,256
2025-04-05,R04,20,5,1,Cloudy,124
2025-04-05,R04,21,5,1,Clear,71
2025-04-05,R04,22,5,1,Clear,45
2025-04-05,R05,6,5,1,Cloudy,83
2025-04-05,R05,7,5,1,Clear,145
2025-04-05,R05,8,5,1,Clear,150
2025-04-05,R05,9,5,1,Clear,138
2025-04-05,R05,10,5,1,Cloudy,80
2025-04-05,R05,11,5,1,Rain,23
2025-04-05,R05,12,5,1,Clear,43
2025-04-05,R05,13,5,1,Cloudy,37
2025-04-05,R05,14,5,1,Cloudy,18
2025-04-05,R05,15,5,1,Clear,45
2025-04-05,R05,16,5,1,Clear,76
2025-04-05,R05,17,5,1,Clear,155
2025-04-05,R05,18,5,1,Cloudy,185
2025-04-05,R05,19,5,1,Clear,172
2025-04-05,R05,20,5,1,Clear,105
2025-04-05,R05,21,5,1,Clear,52
2025-04-05,R05,22,5,1,Clear,30
2025-04-05,R06,6,5,1,Clear,107
2025-04-05,R06,7,5,1,Cloudy,172
2025-04-05,R06,8,5,1,Clear,237
2025-04-05,R06,9,5,1,Clear,194
2025-04-05,R06,10,5,1,Clear,106
2025-04-05,R06,11,5,1,Clear,57
2025-04-05,R06,12,5,1,Cloudy,47
2025-04-05,R06,13,5,1,Clear,33
2025-04-05,R06,14,5,1,Clear,35
2025-04-05,R06,15,5,1,Clear,91
2025-04-05,R06,16,5,1,Clear,112
2025-04-05,R06,17,5,1,Cloudy,215
2025-04-05,R06,18,5,1,Clear,260
2025-04-05,R06,19,5,1,Cloudy,211
2025-04-05,R06,20,5,1,Rain,108
2025-04-05,R06,21,5,1,Clear,46
2025-04-05,R06,22,5,1,Clear,58
2025-04-05,R07,6,5,1,Clear,33
2025-04-05,R07,7,5,1,Clear,96
2025-04-05,R07,8,5,1,Clear,154
2025-04-05,R07,9,5,1,Cloudy,110
2025-04-05,R07,10,5,1,Clear,50
2025-04-05,R07,11,5,1,Cloudy,18
2025-04-05,R07,12,5,1,Clear,46
2025-04-05,R07,13,5,1,Clear,14
2025-04-05,R07,14,5,1,Clear,29
2025-04-05,R07,15,5,1,Clear,55
2025-04-05,R07,16,5,1,Rain,84
2025-04-05,R07,17,5,1,Clear,142
2025-04-05,R07,18,5,1,Clear,146
2025-04-05,R07,19,5,1,Clear,109
2025-04-05,R07,20,5,1,Cloudy,76
2025-04-05,R07,21,5,1,Cloudy,51
2025-04-05,R07,22,5,1,Cloudy,31
2025-04-05,R08,6,5,1,Cloudy,67
2025-04-05,R08,7,5,1,Clear,194
2025-04-05,R08,8,5,1,Clear,187
2025-04-05,R08,9,5,1,Cloudy,153
2025-04-05,R08,10,5,1,Clear,103
2025-04-05,R08,11,5,1,Clear,47
2025-04-05,R08,12,5,1,Cloudy,44
2025-04-05,R08,13,5,1,Cloudy,11
2025-04-05,R08,14,5,1,Clear,48
2025-04-05,R08,15,5,1,Clear,43
2025-04-05,R08,16,5,1,Clear,111
2025-04-05,R08,17,5,1,Clear,171
2025-04-05,R08,18,5,1,Clear,243
2025-04-05,R08,19,5,1,Clear,196
2025-04-05,R08,20,5,1,Clear,111
2025-04-05,R08,21,5,1,Clear,70
2025-04-05,R08,22,5,1,Rain,52
2025-04-06,R01,6,6,1,Cloudy,54
2025-04-06,R01,7,6,1,Clear,159
2025-04-06,R01,8,6,1,Clear,195
2025-04-06,R01,9,6,1,Cloudy,126
2025-04-06,R01,10,6,1,Clear,78
2025-04-06,R01,11,6,1,Clear,36
2025-04-06,R01,12,6,1,Clear,63
2025-04-06,R01,13,6,1,Clear,21
2025-04-06,R01,14,6,1,Rain,25
2025-04-06,R01,15,6,1,Clear,46
2025-04-06,R01,16,6,1,Cloudy,92
2025-04-06,R01,17,6,1,Clear,174
2025-04-06,R01,18,6,1,Rain,228
2025-04-06,R01,19,6,1,Clear,174
2025-04-06,R01,20,6,1,Clear,106
2025-04-06,R01,21,6,1,Rain,47
2025-04-06,R01,22,6,1,Rain,34
2025-04-06,R02,6,6,1,Clear,116
2025-04-06,R02,7,6,1,Cloudy,124
2025-04-06,R02,8,6,1,Cloudy,220
2025-04-06,R02,9,6,1,Cloudy,175
2025-04-06,R02,10,6,1,Clear,72
2025-04-06,R02,11,6,1,Clear,78
2025-04-06,R02,12,6,1,Cloudy,36
2025-04-06,R02,13,6,1,Clear,54
2025-04-06,R02,14,6,1,Clear,45
2025-04-06,R02,15,6,1,Clear,37
2025-04-06,R02,16,6,1,Clear,112
2025-04-06,R02,17,6,1,Rain,238
2025-04-06,R02,18,6,1,Rain,289
2025-04-06,R02,19,6,1,Clear,206
2025-04-06,R02,20,6,1,Clear,101
2025-04-06,R02,21,6,1,Clear,76
2025-04-06,R02,22,6,1,Clear,33
2025-04-06,R03,6,6,1,Clear,66
2025-04-06,R03,7,6,1,Clear,127
2025-04-06,R03,8,6,1,Clear,162
2025-04-06,R03,9,6,1,Cloudy,119
2025-04-06,R03,10,6,1,Cloudy,48
2025-04-06,R03,11,6,1,Clear,29
2025-04-06,R03,12,6,1,Clear,16
2025-04-06,R03,13,6,1,Clear,38
2025-04-06,R03,14,6,1,Cloudy,36
2025-04-06,R03,15,6,1,Rain,36
2025-04-06,R03,16,6,1,Clear,94
2025-04-06,R03,17,6,1,Clear,154
2025-04-06,R03,18,6,1,Clear,191
2025-04-06,R03,19,6,1,Clear,149
2025-04-06,R03,20,6,1,Cloudy,85
2025-04-06,R03,21,6,1,Clear,37
2025-04-06,R03,22,6,1,Rain,31
2025-04-06,R04,6,6,1,Clear,121
2025-04-06,R04,7,6,1,Clear,189
2025-04-06,R04,8,6,1,Clear,240
2025-04-06,R04,9,6,1,Rain,225
2025-04-06,R04,10,6,1,Cloudy,73
2025-04-06,R04,11,6,1,Clear,48
2025-04-06,R04,12,6,1,Clear,64
2025-04-06,R04,13,6,1,Clear,66
2025-04-06,R04,14,6,1,Clear,63
2025-04-06,R04,15,6,1,Clear,71
2025-04-06,R04,16,6,1,Clear,122
2025-04-06,R04,17,6,1,Clear,214
2025-04-06,R04,18,6,1,Clear,282
2025-04-06,R04,19,6,1,Cloudy,201
2025-04-06,R04,20,6,1,Clear,157
2025-04-06,R04,21,6,1,Rain,104
2025-04-06,R04,22,6,1,Clear,44
2025-04-06,R05,6,6,1,Clear,70
2025-04-06,R05,7,6,1,Clear,150
2025-04-06,R05,8,6,1,Rain,174
2025-04-06,R05,9,6,1,Rain,149
2025-04-06,R05,10,6,1,Clear,74
2025-04-06,R05,11,6,1,Clear,22
2025-04-06,R05,12,6,1,Clear,20
2025-04-06,R05,13,6,1,Cloudy,22
2025-04-06,R05,14,6,1,Clear,49
2025-04-06,R05,15,6,1,Clear,70
2025-04-06,R05,16,6,1,Clear,101
2025-04-06,R05,17,6,1,Clear,163
2025-04-06,R05,18,6,1,Clear,220
2025-04-06,R05,19,6,1,Cloudy,167
2025-04-06,R05,20,6,1,Clear,126
2025-04-06,R05,21,6,1,Clear,27
2025-04-06,R05,22,6,1,Clear,35
2025-04-06,R06,6,6,1,Cloudy,84
2025-04-06,R06,7,6,1,Clear,162
2025-04-06,R06,8,6,1,Cloudy,220
2025-04-06,R06,9,6,1,Cloudy,201
2025-04-06,R06,10,6,1,Clear,82
2025-04-06,R06,11,6,1,Clear,91
2025-04-06,R06,12,6,1,Cloudy,53
2025-04-06,R06,13,6,1,Clear,60
2025-04-06,R06,14,6,1,Clear,64
2025-04-06,R06,15,6,1,Clear,72
2025-04-06,R06,16,6,1,Clear,119
2025-04-06,R06,17,6,1,Clear,197
2025-04-06,R06,18,6,1,Clear,251
2025-04-06,R06,19,6,1,Clear,224
2025-04-06,R06,20,6,1,Cloudy,112
2025-04-06,R06,21,6,1,Rain,58
2025-04-06,R06,22,6,1,Clear,50
2025-04-06,R07,6,6,1,Clear,62
2025-04-06,R07,7,6,1,Clear,116
2025-04-06,R07,8,6,1,Rain,137
2025-04-06,R07,9,6,1,Cloudy,98
2025-04-06,R07,10,6,1,Rain,52
2025-04-06,R07,11,6,1,Clear,14
2025-04-06,R07,12,6,1,Clear,40
2025-04-06,R07,13,6,1,Clear,39
2025-04-06,R07,14,6,1,Cloudy,10
2025-04-06,R07,15,6,1,Clear,39
2025-04-06,R07,16,6,1,Clear,89
2025-04-06,R07,17,6,1,Cloudy,129
2025-04-06,R07,18,6,1,Clear,141
2025-04-06,R07,19,6,1,Clear,144
2025-04-06,R07,20,6,1,Clear,89
2025-04-06,R07,21,6,1,Clear,43
2025-04-06,R07,22,6,1,Clear,23
2025-04-06,R08,6,6,1,Clear,73
2025-04-06,R08,7,6,1,Rain,177
2025-04-06,R08,8,6,1,Clear,228
2025-04-06,R08,9,6,1,Cloudy,139
2025-04-06,R08,10,6,1,Rain,118
2025-04-06,R08,11,6,1,Clear,58
2025-04-06,R08,12,6,1,Rain,42
2025-04-06,R08,13,6,1,Cloudy,53
2025-04-06,R08,14,6,1,Rain,44
2025-04-06,R08,15,6,1,Rain,61
2025-04-06,R08,16,6,1,Cloudy,117
2025-04-06,R08,17,6,1,Clear,152
2025-04-06,R08,18,6,1,Clear,235
2025-04-06,R08,19,6,1,Cloudy,179
2025-04-06,R08,20,6,1,Clear,101
2025-04-06,R08,21,6,1,Cloudy,51
2025-04-06,R08,22,6,1,Clear,66
2025-04-07,R01,6,0,0,Cloudy,76
2025-04-07,R01,7,0,0,Clear,203
2025-04-07,R01,8,0,0,Cloudy,249
2025-04-07,R01,9,0,0,Clear,214
2025-04-07,R01,10,0,0,Rain,123
2025-04-07,R01,11,0,0,Rain,72
2025-04-07,R01,12,0,0,Clear,23
2025-04-07,R01,13,0,0,Clear,89
2025-04-07,R01,14,0,0,Rain,62
2025-04-07,R01,15,0,0,Clear,102
2025-04-07,R01,16,0,0,Clear,147
2025-04-07,R01,17,0,0,Clear,251
2025-04-07,R01,18,0,0,Clear,312
2025-04-07,R01,19,0,0,Rain,275
2025-04-07,R01,20,0,0,Cloudy,148
2025-04-07,R01,21,0,0,Clear,82
2025-04-07,R01,22,0,0,Cloudy,55
2025-04-07,R02,6,0,0,Clear,153
2025-04-07,R02,7,0,0,Cloudy,249
2025-04-07,R02,8,0,0,Clear,292
2025-04-07,R02,9,0,0,Clear,248
2025-04-07,R02,10,0,0,Cloudy,110
2025-04-07,R02,11,0,0,Cloudy,59
2025-04-07,R02,12,0,0,Rain,58
2025-04-07,R02,13,0,0,Clear,47
2025-04-07,R02,14,0,0,Clear,75
2025-04-07,R02,15,0,0,Clear,100
2025-04-07,R02,16,0,0,Cloudy,157
2025-04-07,R02,17,0,0,Clear,309
2025-04-07,R02,18,0,0,Rain,412
2025-04-07,R02,19,0,0,Cloudy,284
2025-04-07,R02,20,0,0,Clear,171
2025-04-07,R02,21,0,0,Cloudy,62
2025-04-07,R02,22,0,0,Rain,83
2025-04-07,R03,6,0,0,Clear,94
2025-04-07,R03,7,0,0,Cloudy,170
2025-04-07,R03,8,0,0,Cloudy,215
2025-04-07,R03,9,0,0,Clear,169
2025-04-07,R03,10,0,0,Cloudy,81
2025-04-07,R03,11,0,0,Clear,49
2025-04-07,R03,12,0,0,Cloudy,51
2025-04-07,R03,13,0,0,Clear,40
2025-04-07,R03,14,0,0,Clear,19
2025-04-07,R03,15,0,0,Clear,68
2025-04-07,R03,16,0,0,Rain,125
2025-04-07,R03,17,0,0,Cloudy,185
2025-04-07,R03,18,0,0,Cloudy,251
2025-04-07,R03,19,0,0,Cloudy,206
2025-04-07,R03,20,0,0,Clear,122
2025-04-07,R03,21,0,0,Cloudy,56
2025-04-07,R03,22,0,0,Cloudy,35
2025-04-07,R04,6,0,0,Cloudy,128
2025-04-07,R04,7,0,0,Cloudy,241
2025-04-07,R04,8,0,0,Clear,366
2025-04-07,R04,9,0,0,Rain,314
2025-04-07,R04,10,0,0,Cloudy,167
2025-04-07,R04,11,0,0,Rain,81
2025-04-07,R04,12,0,0,Cloudy,82
2025-04-07,R04,13,0,0,Cloudy,56
2025-04-07,R04,14,0,0,Clear,74
2025-04-07,R04,15,0,0,Clear,108
2025-04-07,R04,16,0,0,Cloudy,192
2025-04-07,R04,17,0,0,Cloudy,314
2025-04-07,R04,18,0,0,Clear,418
2025-04-07,R04,19,0,0,Cloudy,323
2025-04-07,R04,20,0,0,Rain,208
2025-04-07,R04,21,0,0,Clear,120
2025-04-07,R04,22,0,0,Cloudy,101
2025-04-07,R05,6,0,0,Clear,113
2025-04-07,R05,7,0,0,Clear,209
2025-04-07,R05,8,0,0,Clear,276
2025-04-07,R05,9,0,0,Clear,216
2025-04-07,R05,10,0,0,Clear,109
2025-04-07,R05,11,0,0,Rain,90
2025-04-07,R05,12,0,0,Clear,40
2025-04-07,R05,13,0,0,Clear,57
2025-04-07,R05,14,0,0,Cloudy,19
2025-04-07,R05,15,0,0,Rain,76
2025-04-07,R05,16,0,0,Clear,145
2025-04-07,R05,17,0,0,Cloudy,222
2025-04-07,R05,18,0,0,Clear,321
2025-04-07,R05,19,0,0,Clear,257
2025-04-07,R05,20,0,0,Clear,144
2025-04-07,R05,21,0,0,Clear,85
2025-04-07,R05,22,0,0,Clear,39
2025-04-07,R06,6,0,0,Clear,124
2025-04-07,R06,7,0,0,Cloudy,244
2025-04-07,R06,8,0,0,Rain,401
2025-04-07,R06,9,0,0,Clear,263
2025-04-07,R06,10,0,0,Clear,156
2025-04-07,R06,11,0,0,Clear,76
2025-04-07,R06,12,0,0,Clear,61
2025-04-07,R06,13,0,0,Clear,57
2025-04-07,R06,14,0,0,Rain,68
2025-04-07,R06,15,0,0,Clear,107
2025-04-07,R06,16,0,0,Cloudy,197
2025-04-07,R06,17,0,0,Rain,344
2025-04-07,R06,18,0,0,Cloudy,361
2025-04-07,R06,19,0,0,Rain,350
2025-04-07,R06,20,0,0,Clear,178
2025-04-07,R06,21,0,0,Clear,85
2025-04-07,R06,22,0,0,Clear,77
2025-04-07,R07,6,0,0,Clear,86
2025-04-07,R07,7,0,0,Clear,148
2025-04-07,R07,8,0,0,Clear,187
2025-04-07,R07,9,0,0,Cloudy,161
2025-04-07,R07,10,0,0,Cloudy,62
2025-04-07,R07,11,0,0,Clear,14
2025-04-07,R07,12,0,0,Cloudy,42
2025-04-07,R07,13,0,0,Clear,10
2025-04-07,R07,14,0,0,Clear,40
2025-04-07,R07,15,0,0,Clear,57
2025-04-07,R07,16,0,0,Clear,87
2025-04-07,R07,17,0,0,Rain,184
2025-04-07,R07,18,0,0,Clear,228
2025-04-07,R07,19,0,0,Cloudy,155
2025-04-07,R07,20,0,0,Cloudy,117
2025-04-07,R07,21,0,0,Cloudy,45
2025-04-07,R07,22,0,0,Clear,60
2025-04-07,R08,6,0,0,Cloudy,136
2025-04-07,R08,7,0,0,Clear,235
2025-04-07,R08,8,0,0,Cloudy,287
2025-04-07,R08,9,0,0,Clear,251
2025-04-07,R08,10,0,0,Rain,124
2025-04-07,R08,11,0,0,Cloudy,60
2025-04-07,R08,12,0,0,Rain,82
2025-04-07,R08,13,0,0,Rain,72
2025-04-07,R08,14,0,0,Clear,56
2025-04-07,R08,15,0,0,Clear,87
2025-04-07,R08,16,0,0,Clear,152
2025-04-07,R08,17,0,0,Clear,275
2025-04-07,R08,18,0,0,Clear,352
2025-04-07,R08,19,0,0,Clear,275
2025-04-07,R08,20,0,0,Rain,186
2025-04-07,R08,21,0,0,Cloudy,62
2025-04-07,R08,22,0,0,Clear,67
2025-04-08,R01,6,1,0,Clear,102
2025-04-08,R01,7,1,0,Rain,235
2025-04-08,R01,8,1,0,Cloudy,249
2025-04-08,R01,9,1,0,Clear,223
2025-04-08,R01,10,1,0,Cloudy,91
2025-04-08,R01,11,1,0,Clear,73
2025-04-08,R01,12,1,0,Clear,51
2025-04-08,R01,13,1,0,Cloudy,44
2025-04-08,R01,14,1,0,Cloudy,43
2025-04-08,R01,15,1,0,Clear,71
2025-04-08,R01,16,1,0,Clear,163
2025-04-08,R01,17,1,0,Clear,246
2025-04-08,R01,18,1,0,Cloudy,312
2025-04-08,R01,19,1,0,Cloudy,262
2025-04-08,R01,20,1,0,Clear,143
2025-04-08,R01,21,1,0,Rain,65
2025-04-08,R01,22,1,0,Clear,67
2025-04-08,R02,6,1,0,Clear,148
2025-04-08,R02,7,1,0,Clear,271
2025-04-08,R02,8,1,0,Cloudy,304
2025-04-08,R02,9,1,0,Rain,284
2025-04-08,R02,10,1,0,Rain,143
2025-04-08,R02,11,1,0,Clear,68
2025-04-08,R02,12,1,0,Clear,63
2025-04-08,R02,13,1,0,Clear,73
2025-04-08,R02,14,1,0,Clear,74
2025-04-08,R02,15,1,0,Cloudy,86
2025-04-08,R02,16,1,0,Cloudy,178
2025-04-08,R02,17,1,0,Cloudy,266
2025-04-08,R02,18,1,0,Cloudy,381
2025-04-08,R02,19,1,0,Clear,285
2025-04-08,R02,20,1,0,Cloudy,162
2025-04-08,R02,21,1,0,Clear,94
2025-04-08,R02,22,1,0,Clear,67
2025-04-08,R03,6,1,0,Cloudy,103
2025-04-08,R03,7,1,0,Clear,165
2025-04-08,R03,8,1,0,Cloudy,217
2025-04-08,R03,9,1,0,Clear,186
2025-04-08,R03,10,1,0,Cloudy,105
2025-04-08,R03,11,1,0,Rain,53
2025-04-08,R03,12,1,0,Clear,44
2025-04-08,R03,13,1,0,Rain,45
2025-04-08,R03,14,1,0,Cloudy,51
2025-04-08,R03,15,1,0,Cloudy,68
2025-04-08,R03,16,1,0,Clear,116
2025-04-08,R03,17,1,0,Rain,230
2025-04-08,R03,18,1,0,Clear,258
2025-04-08,R03,19,1,0,Clear,196
2025-04-08,R03,20,1,0,Clear,126
2025-04-08,R03,21,1,0,Clear,68
2025-04-08,R03,22,1,0,Clear,31
2025-04-08,R04,6,1,0,Clear,161
2025-04-08,R04,7,1,0,Cloudy,310
2025-04-08,R04,8,1,0,Cloudy,339
2025-04-08,R04,9,1,0,Clear,277
2025-04-08,R04,10,1,0,Clear,114
2025-04-08,R04,11,1,0,Cloudy,89
2025-04-08,R04,12,1,0,Clear,64
2025-04-08,R04,13,1,0,Rain,88
2025-04-08,R04,14,1,0,Clear,72
2025-04-08,R04,15,1,0,Rain,106
2025-04-08,R04,16,1,0,Clear,196
2025-04-08,R04,17,1,0,Cloudy,332
2025-04-08,R04,18,1,0,Clear,431
2025-04-08,R04,19,1,0,Clear,326
2025-04-08,R04,20,1,0,Cloudy,194
2025-04-08,R04,21,1,0,Clear,105
2025-04-08,R04,22,1,0,Clear,75
2025-04-08,R05,6,1,0,Clear,115
2025-04-08,R05,7,1,0,Clear,191
2025-04-08,R05,8,1,0,Clear,243
2025-04-08,R05,9,1,0,Cloudy,175
2025-04-08,R05,10,1,0,Cloudy,116
2025-04-08,R05,11,1,0,Clear,73
2025-04-08,R05,12,1,0,Rain,24
2025-04-08,R05,13,1,0,Cloudy,44
2025-04-08,R05,14,1,0,Cloudy,42
2025-04-08,R05,15,1,0,Clear,61
2025-04-08,R05,16,1,0,Clear,155
2025-04-08,R05,17,1,0,Cloudy,247
2025-04-08,R05,18,1,0,Clear,300
2025-04-08,R05,19,1,0,Clear,235
2025-04-08,R05,20,1,0,Cloudy,126
2025-04-08,R05,21,1,0,Clear,59
2025-04-08,R05,22,1,0,Rain,51
2025-04-08,R06,6,1,0,Clear,133
2025-04-08,R06,7,1,0,Clear,287
2025-04-08,R06,8,1,0,Rain,356
2025-04-08,R06,9,1,0,Clear,280
2025-04-08,R06,10,1,0,Clear,132
2025-04-08,R06,11,1,0,Cloudy,83
2025-04-08,R06,12,1,0,Cloudy,58
2025-04-08,R06,13,1,0,Cloudy,70
2025-04-08,R06,14,1,0,Clear,50
2025-04-08,R06,15,1,0,Cloudy,83
2025-04-08,R06,16,1,0,Clear,178
2025-04-08,R06,17,1,0,Clear,319
2025-04-08,R06,18,1,0,Cloudy,369
2025-04-08,R06,19,1,0,Clear,304
2025-04-08,R06,20,1,0,Clear,165
2025-04-08,R06,21,1,0,Clear,93
2025-04-08,R06,22,1,0,Cloudy,63
2025-04-08,R07,6,1,0,Cloudy,74
2025-04-08,R07,7,1,0,Cloudy,123
2025-04-08,R07,8,1,0,Clear,198
2025-04-08,R07,9,1,0,Cloudy,152
2025-04-08,R07,10,1,0,Cloudy,81
2025-04-08,R07,11,1,0,Clear,44
2025-04-08,R07,12,1,0,Cloudy,36
2025-04-08,R07,13,1,0,Clear,26
2025-04-08,R07,14,1,0,Clear,55
2025-04-08,R07,15,1,0,Cloudy,46
2025-04-08,R07,16,1,0,Clear,112
2025-04-08,R07,17,1,0,Cloudy,193
2025-04-08,R07,18,1,0,Rain,246
2025-04-08,R07,19,1,0,Clear,196
2025-04-08,R07,20,1,0,Clear,99
2025-04-08,R07,21,1,0,Clear,68
2025-04-08,R07,22,1,0,Rain,61
2025-04-08,R08,6,1,0,Clear,115
2025-04-08,R08,7,1,0,Cloudy,233
2025-04-08,R08,8,1,0,Clear,324
2025-04-08,R08,9,1,0,Clear,241
2025-04-08,R08,10,1,0,Rain,154
2025-04-08,R08,11,1,0,Cloudy,84
2025-04-08,R08,12,1,0,Clear,69
2025-04-08,R08,13,1,0,Cloudy,42
2025-04-08,R08,14,1,0,Cloudy,62
2025-04-08,R08,15,1,0,Cloudy,87
2025-04-08,R08,16,1,0,Clear,137
2025-04-08,R08,17,1,0,Clear,279
2025-04-08,R08,18,1,0,Cloudy,326
2025-04-08,R08,19,1,0,Cloudy,270
2025-04-08,R08,20,1,0,Clear,148
2025-04-08,R08,21,1,0,Clear,82
2025-04-08,R08,22,1,0,Clear,62
2025-04-09,R01,6,2,0,Cloudy,103
2025-04-09,R01,7,2,0,Clear,191
2025-04-09,R01,8,2,0,Cloudy,276
2025-04-09,R01,9,2,0,Clear,242
2025-04-09,R01,10,2,0,Cloudy,113
2025-04-09,R01,11,2,0,Clear,68
2025-04-09,R01,12,2,0,Clear,50
2025-04-09,R01,13,2,0,Clear,32
2025-04-09,R01,14,2,0,Cloudy,29
2025-04-09,R01,15,2,0,Cloudy,38
2025-04-09,R01,16,2,0,Cloudy,153
2025-04-09,R01,17,2,0,Cloudy,265
2025-04-09,R01,18,2,0,Cloudy,301
2025-04-09,R01,19,2,0,Clear,249
2025-04-09,R01,20,2,0,Clear,144
2025-04-09,R01,21,2,0,Clear,85
2025-04-09,R01,22,2,0,Cloudy,66
2025-04-09,R02,6,2,0,Clear,135
2025-04-09,R02,7,2,0,Clear,250
2025-04-09,R02,8,2,0,Cloudy,292
2025-04-09,R02,9,2,0,Rain,273
2025-04-09,R02,10,2,0,Cloudy,135
2025-04-09,R02,11,2,0,Rain,86
2025-04-09,R02,12,2,0,Clear,63
2025-04-09,R02,13,2,0,Clear,46
2025-04-09,R02,14,2,0,Clear,60
2025-04-09,R02,15,2,0,Clear,102
2025-04-09,R02,16,2,0,Cloudy,182
2025-04-09,R02,17,2,0,Clear,311
2025-04-09,R02,18,2,0,Cloudy,362
2025-04-09,R02,19,2,0,Clear,277
2025-04-09,R02,20,2,0,Cloudy,180
2025-04-09,R02,21,2,0,Cloudy,91
2025-04-09,R02,22,2,0,Rain,73
2025-04-09,R03,6,2,0,Cloudy,93
2025-04-09,R03,7,2,0,Rain,218
2025-04-09,R03,8,2,0,Clear,220
2025-04-09,R03,9,2,0,Cloudy,170
2025-04-09,R03,10,2,0,Clear,93
2025-04-09,R03,11,2,0,Rain,45
2025-04-09,R03,12,2,0,Clear,22
2025-04-09,R03,13,2,0,Clear,29
2025-04-09,R03,14,2,0,Clear,35
2025-04-09,R03,15,2,0,Cloudy,58
2025-04-09,R03,16,2,0,Cloudy,128
2025-04-09,R03,17,2,0,Clear,197
2025-04-09,R03,18,2,0,Cloudy,232
2025-04-09,R03,19,2,0,Cloudy,219
2025-04-09,R03,20,2,0,Clear,114
2025-04-09,R03,21,2,0,Clear,55
2025-04-09,R03,22,2,0,Cloudy,34
2025-04-09,R04,6,2,0,Cloudy,148
2025-04-09,R04,7,2,0,Rain,319
2025-04-09,R04,8,2,0,Clear,363
2025-04-09,R04,9,2,0,Cloudy,268
2025-04-09,R04,10,2,0,Clear,167
2025-04-09,R04,11,2,0,Cloudy,84
2025-04-09,R04,12,2,0,Rain,94
2025-04-09,R04,13,2,0,Rain,70
2025-04-09,R04,14,2,0,Cloudy,80
2025-04-09,R04,15,2,0,Clear,116
2025-04-09,R04,16,2,0,Clear,188
2025-04-09,R04,17,2,0,Clear,349
2025-04-09,R04,18,2,0,Rain,466
2025-04-09,R04,19,2,0,Clear,321
2025-04-09,R04,20,2,0,Cloudy,160
2025-04-09,R04,21,2,0,Rain,95
2025-04-09,R04,22,2,0,Clear,75
2025-04-09,R05,6,2,0,Cloudy,80
2025-04-09,R05,7,2,0,Rain,200
2025-04-09,R05,8,2,0,Clear,262
2025-04-09,R05,9,2,0,Cloudy,162
2025-04-09,R05,10,2,0,Clear,95
2025-04-09,R05,11,2,0,Clear,60
2025-04-09,R05,12,2,0,Cloudy,43
2025-04-09,R05,13,2,0,Cloudy,42
2025-04-09,R05,14,2,0,Clear,59
2025-04-09,R05,15,2,0,Cloudy,82
2025-04-09,R05,16,2,0,Clear,154
2025-04-09,R05,17,2,0,Cloudy,252
2025-04-09,R05,18,2,0,Clear,269
2025-04-09,R05,19,2,0,Cloudy,217
2025-04-09,R05,20,2,0,Clear,124
2025-04-09,R05,21,2,0,Cloudy,94
2025-04-09,R05,22,2,0,Cloudy,49
2025-04-09,R06,6,2,0,Cloudy,134
2025-04-09,R06,7,2,0,Clear,263
2025-04-09,R06,8,2,0,Rain,372
2025-04-09,R06,9,2,0,Clear,262
2025-04-09,R06,10,2,0,Clear,138
2025-04-09,R06,11,2,0,Clear,72
2025-04-09,R06,12,2,0,Clear,84
2025-04-09,R06,13,2,0,Clear,92
2025-04-09,R06,14,2,0,Clear,97
2025-04-09,R06,15,2,0,Cloudy,66
2025-04-09,R06,16,2,0,Cloudy,163
2025-04-09,R06,17,2,0,Clear,287
2025-04-09,R06,18,2,0,Cloudy,341
2025-04-09,R06,19,2,0,Clear,348
2025-04-09,R06,20,2,0,Clear,188
2025-04-09,R06,21,2,0,Clear,107
2025-04-09,R06,22,2,0,Cloudy,61
2025-04-09,R07,6,2,0,Clear,82
2025-04-09,R07,7,2,0,Clear,172
2025-04-09,R07,8,2,0,Clear,199
2025-04-09,R07,9,2,0,Clear,156
2025-04-09,R07,10,2,0,Clear,93
2025-04-09,R07,11,2,0,Clear,54
2025-04-09,R07,12,2,0,Clear,37
2025-04-09,R07,13,2,0,Cloudy,27
2025-04-09,R07,14,2,0,Rain,35
2025-04-09,R07,15,2,0,Cloudy,68
2025-04-09,R07,16,2,0,Clear,107
2025-04-09,R07,17,2,0,Clear,173
2025-04-09,R07,18,2,0,Cloudy,225
2025-04-09,R07,19,2,0,Clear,183
2025-04-09,R07,20,2,0,Rain,92
2025-04-09,R07,21,2,0,Clear,46
2025-04-09,R07,22,2,0,Clear,39
2025-04-09,R08,6,2,0,Cloudy,97
2025-04-09,R08,7,2,0,Clear,241
2025-04-09,R08,8,2,0,Clear,310
2025-04-09,R08,9,2,0,Clear,251
2025-04-09,R08,10,2,0,Clear,129
2025-04-09,R08,11,2,0,Clear,60
2025-04-09,R08,12,2,0,Cloudy,29
2025-04-09,R08,13,2,0,Clear,30
2025-04-09,R08,14,2,0,Cloudy,53
2025-04-09,R08,15,2,0,Clear,82
2025-04-09,R08,16,2,0,Cloudy,129
2025-04-09,R08,17,2,0,Cloudy,267
2025-04-09,R08,18,2,0,Clear,338
2025-04-09,R08,19,2,0,Clear,266
2025-04-09,R08,20,2,0,Clear,143
2025-04-09,R08,21,2,0,Clear,105
2025-04-09,R08,22,2,0,Clear,34
2025-04-10,R01,6,3,0,Cloudy,133
2025-04-10,R01,7,3,0,Clear,202
2025-04-10,R01,8,3,0,Clear,303
2025-04-10,R01,9,3,0,Clear,192
2025-04-10,R01,10,3,0,Clear,120
2025-04-10,R01,11,3,0,Cloudy,77
2025-04-10,R01,12,3,0,Clear,69
2025-04-10,R01,13,3,0,Cloudy,52
2025-04-10,R01,14,3,0,Cloudy,54
2025-04-10,R01,15,3,0,Rain,64
2025-04-10,R01,16,3,0,Cloudy,150
2025-04-10,R01,17,3,0,Clear,271
2025-04-10,R01,18,3,0,Rain,345
2025-04-10,R01,19,3,0,Clear,257
2025-04-10,R01,20,3,0,Clear,185
2025-04-10,R01,21,3,0,Clear,58
2025-04-10,R01,22,3,0,Clear,59
2025-04-10,R02,6,3,0,Clear,148
2025-04-10,R02,7,3,0,Clear,230
2025-04-10,R02,8,3,0,Clear,302
2025-04-10,R02,9,3,0,Clear,243
2025-04-10,R02,10,3,0,Clear,126
2025-04-10,R02,11,3,0,Cloudy,58
2025-04-10,R02,12,3,0,Cloudy,47
2025-04-10,R02,13,3,0,Clear,50
2025-04-10,R02,14,3,0,Clear,64
2025-04-10,R02,15,3,0,Clear,77
2025-04-10,R02,16,3,0,Clear,168
2025-04-10,R02,17,3,0,Clear,300
2025-04-10,R02,18,3,0,Clear,364
2025-04-10,R02,19,3,0,Clear,306
2025-04-10,R02,20,3,0,Clear,193
2025-04-10,R02,21,3,0,Cloudy,66
2025-04-10,R02,22,3,0,Cloudy,45
2025-04-10,R03,6,3,0,Clear,105
2025-04-10,R03,7,3,0,Cloudy,170
2025-04-10,R03,8,3,0,Clear,238
2025-04-10,R03,9,3,0,Clear,186
2025-04-10,R03,10,3,0,Clear,85
2025-04-10,R03,11,3,0,Rain,78
2025-04-10,R03,12,3,0,Clear,63
2025-04-10,R03,13,3,0,Rain,31
2025-04-10,R03,14,3,0,Clear,63
2025-04-10,R03,15,3,0,Clear,84
2025-04-10,R03,16,3,0,Rain,158
2025-04-10,R03,17,3,0,Clear,219
2025-04-10,R03,18,3,0,Cloudy,237
2025-04-10,R03,19,3,0,Clear,199
2025-04-10,R03,20,3,0,Clear,115
2025-04-10,R03,21,3,0,Rain,51
2025-04-10,R03,22,3,0,Clear,50
2025-04-10,R04,6,3,0,Clear,152
2025-04-10,R04,7,3,0,Clear,270
2025-04-10,R04,8,3,0,Cloudy,340
2025-04-10,R04,9,3,0,Rain,337
2025-04-10,R04,10,3,0,Cloudy,152
2025-04-10,R04,11,3,0,Clear,74
2025-04-10,R04,12,3,0,Rain,101
2025-04-10,R04,13,3,0,Clear,71
2025-04-10,R04,14,3,0,Clear,56
2025-04-10,R04,15,3,0,Clear,99
2025-04-10,R04,16,3,0,Cloudy,164
2025-04-10,R04,17,3,0,Clear,365
2025-04-10,R04,18,3,0,Clear,435
2025-04-10,R04,19,3,0,Cloudy,313
2025-04-10,R04,20,3,0,Clear,170
2025-04-10,R04,21,3,0,Cloudy,109
2025-04-10,R04,22,3,0,Rain,83
2025-04-10,R05,6,3,0,Clear,128
2025-04-10,R05,7,3,0,Cloudy,161
2025-04-10,R05,8,3,0,Clear,272
2025-04-10,R05,9,3,0,Clear,204
2025-04-10,R05,10,3,0,Cloudy,136
2025-04-10,R05,11,3,0,Cloudy,39
2025-04-10,R05,12,3,0,Rain,66
2025-04-10,R05,13,3,0,Clear,58
2025-04-10,R05,14,3,0,Clear,31
2025-04-10,R05,15,3,0,Clear,69
2025-04-10,R05,16,3,0,Clear,147
2025-04-10,R05,17,3,0,Rain,256
2025-04-10,R05,18,3,0,Clear,287
2025-04-10,R05,19,3,0,Clear,258
2025-04-10,R05,20,3,0,Rain,181
2025-04-10,R05,21,3,0,Clear,87
2025-04-10,R05,22,3,0,Cloudy,29
2025-04-10,R06,6,3,0,Clear,105
2025-04-10,R06,7,3,0,Clear,253
2025-04-10,R06,8,3,0,Rain,389
2025-04-10,R06,9,3,0,Clear,281
2025-04-10,R06,10,3,0,Clear,138
2025-04-10,R06,11,3,0,Rain,71
2025-04-10,R06,12,3,0,Clear,59
2025-04-10,R06,13,3,0,Clear,37
2025-04-10,R06,14,3,0,Clear,23
2025-04-10,R06,15,3,0,Clear,101
2025-04-10,R06,16,3,0,Clear,186
2025-04-10,R06,17,3,0,Cloudy,283
2025-04-10,R06,18,3,0,Clear,406
2025-04-10,R06,19,3,0,Clear,319
2025-04-10,R06,20,3,0,Clear,171
2025-04-10,R06,21,3,0,Clear,101
2025-04-10,R06,22,3,0,Clear,100
2025-04-10,R07,6,3,0,Clear,59
2025-04-10,R07,7,3,0,Clear,189
2025-04-10,R07,8,3,0,Clear,199
2025-04-10,R07,9,3,0,Clear,164
2025-04-10,R07,10,3,0,Clear,93
2025-04-10,R07,11,3,0,Cloudy,31
2025-04-10,R07,12,3,0,Clear,31
2025-04-10,R07,13,3,0,Cloudy,54
2025-04-10,R07,14,3,0,Clear,62
2025-04-10,R07,15,3,0,Cloudy,50
2025-04-10,R07,16,3,0,Cloudy,128
2025-04-10,R07,17,3,0,Clear,151
2025-04-10,R07,18,3,0,Rain,247
2025-04-10,R07,19,3,0,Clear,196
2025-04-10,R07,20,3,0,Clear,95
2025-04-10,R07,21,3,0,Clear,67
2025-04-10,R07,22,3,0,Cloudy,33
2025-04-10,R08,6,3,0,Clear,164
2025-04-10,R08,7,3,0,Clear,243
2025-04-10,R08,8,3,0,Clear,330
2025-04-10,R08,9,3,0,Rain,264
2025-04-10,R08,10,3,0,Clear,127
2025-04-10,R08,11,3,0,Clear,72
2025-04-10,R08,12,3,0,Cloudy,84
2025-04-10,R08,13,3,0,Clear,48
2025-04-10,R08,14,3,0,Cloudy,93
2025-04-10,R08,15,3,0,Clear,100
2025-04-10,R08,16,3,0,Clear,191
2025-04-10,R08,17,3,0,Cloudy,248
2025-04-10,R08,18,3,0,Clear,357
2025-04-10,R08,19,3,0,Clear,301
2025-04-10,R08,20,3,0,Cloudy,173
2025-04-10,R08,21,3,0,Rain,105
2025-04-10,R08,22,3,0,Cloudy,51
2025-04-11,R01,6,4,0,Clear,109
2025-04-11,R01,7,4,0,Cloudy,196
2025-04-11,R01,8,4,0,Cloudy,265
2025-04-11,R01,9,4,0,Clear,218
2025-04-11,R01,10,4,0,Clear,111
2025-04-11,R01,11,4,0,Cloudy,57
2025-04-11,R01,12,4,0,Clear,52
2025-04-11,R01,13,4,0,Clear,21
2025-04-11,R01,14,4,0,Cloudy,47
2025-04-11,R01,15,4,0,Cloudy,65
2025-04-11,R01,16,4,0,Rain,144
2025-04-11,R01,17,4,0,Clear,239
2025-04-11,R01,18,4,0,Clear,310
2025-04-11,R01,19,4,0,Clear,261
2025-04-11,R01,20,4,0,Cloudy,144
2025-04-11,R01,21,4,0,Clear,86
2025-04-11,R01,22,4,0,Clear,61
2025-04-11,R02,6,4,0,Cloudy,121
2025-04-11,R02,7,4,0,Rain,264
2025-04-11,R02,8,4,0,Clear,313
2025-04-11,R02,9,4,0,Cloudy,238
2025-04-11,R02,10,4,0,Clear,139
2025-04-11,R02,11,4,0,Cloudy,83
2025-04-11,R02,12,4,0,Clear,81
2025-04-11,R02,13,4,0,Clear,53
2025-04-11,R02,14,4,0,Clear,67
2025-04-11,R02,15,4,0,Clear,100
2025-04-11,R02,16,4,0,Cloudy,163
2025-04-11,R02,17,4,0,Clear,289
2025-04-11,R02,18,4,0,Clear,360
2025-04-11,R02,19,4,0,Clear,316
2025-04-11,R02,20,4,0,Clear,168
2025-04-11,R02,21,4,0,Cloudy,82
2025-04-11,R02,22,4,0,Clear,33
2025-04-11,R03,6,4,0,Cloudy,108
2025-04-11,R03,7,4,0,Cloudy,176
2025-04-11,R03,8,4,0,Clear,206
2025-04-11,R03,9,4,0,Cloudy,174
2025-04-11,R03,10,4,0,Clear,104
2025-04-11,R03,11,4,0,Clear,79
2025-04-11,R03,12,4,0,Cloudy,78
2025-04-11,R03,13,4,0,Rain,33
2025-04-11,R03,14,4,0,Clear,52
2025-04-11,R03,15,4,0,Rain,62
2025-04-11,R03,16,4,0,Rain,124
2025-04-11,R03,17,4,0,Cloudy,220
2025-04-11,R03,18,4,0,Clear,272
2025-04-11,R03,19,4,0,Clear,190
2025-04-11,R03,20,4,0,Clear,98
2025-04-11,R03,21,4,0,Clear,72
2025-04-11,R03,22,4,0,Clear,43
2025-04-11,R04,6,4,0,Clear,142
2025-04-11,R04,7,4,0,Clear,300
2025-04-11,R04,8,4,0,Clear,379
2025-04-11,R04,9,4,0,Clear,292
2025-04-11,R04,10,4,0,Clear,157
2025-04-11,R04,11,4,0,Clear,73
2025-04-11,R04,12,4,0,Cloudy,71
2025-04-11,R04,13,4,0,Cloudy,93
2025-04-11,R04,14,4,0,Clear,55
2025-04-11,R04,15,4,0,Clear,118
2025-04-11,R04,16,4,0,Rain,202
2025-04-11,R04,17,4,0,Rain,390
2025-04-11,R04,18,4,0,Clear,421
2025-04-11,R04,19,4,0,Rain,339
2025-04-11,R04,20,4,0,Cloudy,197
2025-04-11,R04,21,4,0,Cloudy,81
2025-04-11,R04,22,4,0,Cloudy,30
2025-04-11,R05,6,4,0,Clear,112
2025-04-11,R05,7,4,0,Clear,218
2025-04-11,R05,8,4,0,Rain,291
2025-04-11,R05,9,4,0,Clear,215
2025-04-11,R05,10,4,0,Clear,103
2025-04-11,R05,11,4,0,Clear,70
2025-04-11,R05,12,4,0,Cloudy,68
2025-04-11,R05,13,4,0,Clear,41
2025-04-11,R05,14,4,0,Clear,61
2025-04-11,R05,15,4,0,Cloudy,59
2025-04-11,R05,16,4,0,Cloudy,156
2025-04-11,R05,17,4,0,Clear,223
2025-04-11,R05,18,4,0,Clear,304
2025-04-11,R05,19,4,0,Clear,243
2025-04-11,R05,20,4,0,Cloudy,125
2025-04-11,R05,21,4,0,Clear,66
2025-04-11,R05,22,4,0,Clear,51
2025-04-11,R06,6,4,0,Cloudy,157
2025-04-11,R06,7,4,0,Clear,274
2025-04-11,R06,8,4,0,Cloudy,298
2025-04-11,R06,9,4,0,Rain,274
2025-04-11,R06,10,4,0,Clear,148
2025-04-11,R06,11,4,0,Clear,95
2025-04-11,R06,12,4,0,Cloudy,48
2025-04-11,R06,13,4,0,Clear,65
2025-04-11,R06,14,4,0,Cloudy,80
2025-04-11,R06,15,4,0,Cloudy,96
2025-04-11,R06,16,4,0,Cloudy,174
2025-04-11,R06,17,4,0,Clear,315
2025-04-11,R06,18,4,0,Cloudy,366
2025-04-11,R06,19,4,0,Clear,329
2025-04-11,R06,20,4,0,Rain,214
2025-04-11,R06,21,4,0,Cloudy,102
2025-04-11,R06,22,4,0,Clear,58
2025-04-11,R07,6,4,0,Rain,57
2025-04-11,R07,7,4,0,Clear,149
2025-04-11,R07,8,4,0,Cloudy,201
2025-04-11,R07,9,4,0,Clear,181
2025-04-11,R07,10,4,0,Cloudy,64
2025-04-11,R07,11,4,0,Rain,60
2025-04-11,R07,12,4,0,Cloudy,26
2025-04-11,R07,13,4,0,Cloudy,55
2025-04-11,R07,14,4,0,Clear,53
2025-04-11,R07,15,4,0,Rain,66
2025-04-11,R07,16,4,0,Clear,112
2025-04-11,R07,17,4,0,Rain,221
2025-04-11,R07,18,4,0,Clear,277
2025-04-11,R07,19,4,0,Cloudy,148
2025-04-11,R07,20,4,0,Clear,105
2025-04-11,R07,21,4,0,Clear,40
2025-04-11,R07,22,4,0,Cloudy,43
2025-04-11,R08,6,4,0,Clear,129
2025-04-11,R08,7,4,0,Cloudy,228
2025-04-11,R08,8,4,0,Clear,286
2025-04-11,R08,9,4,0,Clear,253
2025-04-11,R08,10,4,0,Clear,138
2025-04-11,R08,11,4,0,Rain,70
2025-04-11,R08,12,4,0,Cloudy,65
2025-04-11,R08,13,4,0,Clear,24
2025-04-11,R08,14,4,0,Clear,44
2025-04-11,R08,15,4,0,Clear,84
2025-04-11,R08,16,4,0,Clear,157
2025-04-11,R08,17,4,0,Clear,301
2025-04-11,R08,18,4,0,Rain,390
2025-04-11,R08,19,4,0,Clear,304
2025-04-11,R08,20,4,0,Clear,141
2025-04-11,R08,21,4,0,Clear,80
2025-04-11,R08,22,4,0,Clear,43
2025-04-12,R01,6,5,1,Clear,84
2025-04-12,R01,7,5,1,Clear,127
2025-04-12,R01,8,5,1,Clear,191
2025-04-12,R01,9,5,1,Clear,117
2025-04-12,R01,10,5,1,Cloudy,63
2025-04-12,R01,11,5,1,Clear,56
2025-04-12,R01,12,5,1,Cloudy,32
2025-04-12,R01,13,5,1,Cloudy,10
2025-04-12,R01,14,5,1,Clear,52
2025-04-12,R01,15,5,1,Clear,68
2025-04-12,R01,16,5,1,Clear,112
2025-04-12,R01,17,5,1,Clear,167
2025-04-12,R01,18,5,1,Clear,222
2025-04-12,R01,19,5,1,Clear,191
2025-04-12,R01,20,5,1,Clear,98
2025-04-12,R01,21,5,1,Clear,51
2025-04-12,R01,22,5,1,Clear,38
2025-04-12,R02,6,5,1,Rain,73
2025-04-12,R02,7,5,1,Rain,203
2025-04-12,R02,8,5,1,Clear,225
2025-04-12,R02,9,5,1,Clear,183
2025-04-12,R02,10,5,1,Cloudy,85
2025-04-12,R02,11,5,1,Cloudy,45
2025-04-12,R02,12,5,1,Cloudy,49
2025-04-12,R02,13,5,1,Clear,32
2025-04-12,R02,14,5,1,Cloudy,27
2025-04-12,R02,15,5,1,Clear,53
2025-04-12,R02,16,5,1,Cloudy,119
2025-04-12,R02,17,5,1,Rain,222
2025-04-12,R02,18,5,1,Rain,278
2025-04-12,R02,19,5,1,Cloudy,186
2025-04-12,R02,20,5,1,Cloudy,106
2025-04-12,R02,21,5,1,Cloudy,64
2025-04-12,R02,22,5,1,Clear,33
2025-04-12,R03,6,5,1,Clear,76
2025-04-12,R03,7,5,1,Clear,108
2025-04-12,R03,8,5,1,Clear,154
2025-04-12,R03,9,5,1,Clear,120
2025-04-12,R03,10,5,1,Clear,84
2025-04-12,R03,11,5,1,Clear,33
2025-04-12,R03,12,5,1,Rain,45
2025-04-12,R03,13,5,1,Clear,38
2025-04-12,R03,14,5,1,Cloudy,21
2025-04-12,R03,15,5,1,Clear,62
2025-04-12,R03,16,5,1,Cloudy,70
2025-04-12,R03,17,5,1,Rain,153
2025-04-12,R03,18,5,1,Clear,182
2025-04-12,R03,19,5,1,Clear,137
2025-04-12,R03,20,5,1,Clear,62
2025-04-12,R03,21,5,1,Clear,39
2025-04-12,R03,22,5,1,Clear,26
2025-04-12,R04,6,5,1,Clear,93
2025-04-12,R04,7,5,1,Clear,198
2025-04-12,R04,8,5,1,Cloudy,239
2025-04-12,R04,9,5,1,Cloudy,192
2025-04-12,R04,10,5,1,Clear,90
2025-04-12,R04,11,5,1,Clear,43
2025-04-12,R04,12,5,1,Clear,59
2025-04-12,R04,13,5,1,Cloudy,30
2025-04-12,R04,14,5,1,Clear,54
2025-04-12,R04,15,5,1,Clear,68
2025-04-12,R04,16,5,1,Clear,125
2025-04-12,R04,17,5,1,Clear,254
2025-04-12,R04,18,5,1,Cloudy,272
2025-04-12,R04,19,5,1,Cloudy,212
2025-04-12,R04,20,5,1,Clear,113
2025-04-12,R04,21,5,1,Clear,80
2025-04-12,R04,22,5,1,Cloudy,34
2025-04-12,R05,6,5,1,Rain,100
2025-04-12,R05,7,5,1,Clear,139
2025-04-12,R05,8,5,1,Clear,216
2025-04-12,R05,9,5,1,Clear,136
2025-04-12,R05,10,5,1,Clear,61
2025-04-12,R05,11,5,1,Clear,42
2025-04-12,R05,12,5,1,Clear,24
2025-04-12,R05,13,5,1,Clear,10
2025-04-12,R05,14,5,1,Clear,48
2025-04-12,R05,15,5,1,Clear,54
2025-04-12,R05,16,5,1,Clear,84
2025-04-12,R05,17,5,1,Rain,166
2025-04-12,R05,18,5,1,Clear,189
2025-04-12,R05,19,5,1,Clear,165
2025-04-12,R05,20,5,1,Cloudy,118
2025-04-12,R05,21,5,1,Clear,47
2025-04-12,R05,22,5,1,Clear,12
2025-04-12,R06,6,5,1,Clear,85
2025-04-12,R06,7,5,1,Clear,185
2025-04-12,R06,8,5,1,Clear,224
2025-04-12,R06,9,5,1,Clear,166
2025-04-12,R06,10,5,1,Clear,95
2025-04-12,R06,11,5,1,Clear,41
2025-04-12,R06,12,5,1,Clear,46
2025-04-12,R06,13,5,1,Rain,50
2025-04-12,R06,14,5,1,Cloudy,50
2025-04-12,R06,15,5,1,Clear,75
2025-04-12,R06,16,5,1,Clear,113
2025-04-12,R06,17,5,1,Clear,230
2025-04-12,R06,18,5,1,Cloudy,246
2025-04-12,R06,19,5,1,Clear,191
2025-04-12,R06,20,5,1,Cloudy,128
2025-04-12,R06,21,5,1,Cloudy,81
2025-04-12,R06,22,5,1,Clear,43
2025-04-12,R07,6,5,1,Clear,70
2025-04-12,R07,7,5,1,Cloudy,97
2025-04-12,R07,8,5,1,Clear,127
2025-04-12,R07,9,5,1,Clear,104
2025-04-12,R07,10,5,1,Cloudy,53
2025-04-12,R07,11,5,1,Cloudy,31
2025-04-12,R07,12,5,1,Rain,23
2025-04-12,R07,13,5,1,Clear,35
2025-04-12,R07,14,5,1,Clear,33
2025-04-12,R07,15,5,1,Cloudy,22
2025-04-12,R07,16,5,1,Clear,65
2025-04-12,R07,17,5,1,Cloudy,127
2025-04-12,R07,18,5,1,Clear,151
2025-04-12,R07,19,5,1,Cloudy,107
2025-04-12,R07,20,5,1,Clear,69
2025-04-12,R07,21,5,1,Clear,18
2025-04-12,R07,22,5,1,Cloudy,42
2025-04-12,R08,6,5,1,Clear,86
2025-04-12,R08,7,5,1,Cloudy,143
2025-04-12,R08,8,5,1,Clear,186
2025-04-12,R08,9,5,1,Rain,202
2025-04-12,R08,10,5,1,Clear,64
2025-04-12,R08,11,5,1,Clear,52
2025-04-12,R08,12,5,1,Cloudy,31
2025-04-12,R08,13,5,1,Cloudy,32
2025-04-12,R08,14,5,1,Clear,39
2025-04-12,R08,15,5,1,Cloudy,46
2025-04-12,R08,16,5,1,Clear,109
2025-04-12,R08,17,5,1,Rain,212
2025-04-12,R08,18,5,1,Clear,243
2025-04-12,R08,19,5,1,Cloudy,186
2025-04-12,R08,20,5,1,Clear,96
2025-04-12,R08,21,5,1,Clear,46
2025-04-12,R08,22,5,1,Clear,53
2025-04-13,R01,6,6,1,Clear,72
2025-04-13,R01,7,6,1,Clear,151
2025-04-13,R01,8,6,1,Cloudy,192
2025-04-13,R01,9,6,1,Cloudy,138
2025-04-13,R01,10,6,1,Rain,72
2025-04-13,R01,11,6,1,Cloudy,26
2025-04-13,R01,12,6,1,Clear,30
2025-04-13,R01,13,6,1,Clear,29
2025-04-13,R01,14,6,1,Clear,20
2025-04-13,R01,15,6,1,Rain,45
2025-04-13,R01,16,6,1,Cloudy,101
2025-04-13,R01,17,6,1,Clear,187
2025-04-13,R01,18,6,1,Clear,208
2025-04-13,R01,19,6,1,Clear,134
2025-04-13,R01,20,6,1,Clear,105
2025-04-13,R01,21,6,1,Cloudy,26
2025-04-13,R01,22,6,1,Clear,17
2025-04-13,R02,6,6,1,Clear,89
2025-04-13,R02,7,6,1,Clear,190
2025-04-13,R02,8,6,1,Rain,253
2025-04-13,R02,9,6,1,Cloudy,170
2025-04-13,R02,10,6,1,Clear,89
2025-04-13,R02,11,6,1,Clear,33
2025-04-13,R02,12,6,1,Clear,55
2025-04-13,R02,13,6,1,Clear,23
2025-04-13,R02,14,6,1,Clear,47
2025-04-13,R02,15,6,1,Clear,63
2025-04-13,R02,16,6,1,Clear,99
2025-04-13,R02,17,6,1,Cloudy,169
2025-04-13,R02,18,6,1,Cloudy,244
2025-04-13,R02,19,6,1,Clear,204
2025-04-13,R02,20,6,1,Cloudy,125
2025-04-13,R02,21,6,1,Cloudy,61
2025-04-13,R02,22,6,1,Clear,45
2025-04-13,R03,6,6,1,Cloudy,33
2025-04-13,R03,7,6,1,Clear,122
2025-04-13,R03,8,6,1,Clear,152
2025-04-13,R03,9,6,1,Cloudy,117
2025-04-13,R03,10,6,1,Clear,62
2025-04-13,R03,11,6,1,Cloudy,31
2025-04-13,R03,12,6,1,Clear,25
2025-04-13,R03,13,6,1,Clear,18
2025-04-13,R03,14,6,1,Cloudy,36
2025-04-13,R03,15,6,1,Clear,79
2025-04-13,R03,16,6,1,Clear,64
2025-04-13,R03,17,6,1,Clear,129
2025-04-13,R03,18,6,1,Clear,182
2025-04-13,R03,19,6,1,Cloudy,129
2025-04-13,R03,20,6,1,Rain,82
2025-04-13,R03,21,6,1,Clear,19
2025-04-13,R03,22,6,1,Clear,17
2025-04-13,R04,6,6,1,Rain,101
2025-04-13,R04,7,6,1,Clear,175
2025-04-13,R04,8,6,1,Clear,265
2025-04-13,R04,9,6,1,Clear,199
2025-04-13,R04,10,6,1,Clear,140
2025-04-13,R04,11,6,1,Clear,60
2025-04-13,R04,12,6,1,Clear,30
2025-04-13,R04,13,6,1,Cloudy,46
2025-04-13,R04,14,6,1,Cloudy,53
2025-04-13,R04,15,6,1,Clear,62
2025-04-13,R04,16,6,1,Rain,154
2025-04-13,R04,17,6,1,Clear,240
2025-04-13,R04,18,6,1,Clear,276
2025-04-13,R04,19,6,1,Cloudy,229
2025-04-13,R04,20,6,1,Cloudy,129
2025-04-13,R04,21,6,1,Clear,70
2025-04-13,R04,22,6,1,Clear,50
2025-04-13,R05,6,6,1,Rain,65
2025-04-13,R05,7,6,1,Clear,157
2025-04-13,R05,8,6,1,Clear,173
2025-04-13,R05,9,6,1,Clear,133
2025-04-13,R05,10,6,1,Clear,78
2025-04-13,R05,11,6,1,Rain,76
2025-04-13,R05,12,6,1,Cloudy,40
2025-04-13,R05,13,6,1,Clear,27
2025-04-13,R05,14,6,1,Clear,38
2025-04-13,R05,15,6,1,Clear,53
2025-04-13,R05,16,6,1,Clear,94
2025-04-13,R05,17,6,1,Cloudy,139
2025-04-13,R05,18,6,1,Clear,212
2025-04-13,R05,19,6,1,Clear,119
2025-04-13,R05,20,6,1,Clear,87
2025-04-13,R05,21,6,1,Clear,39
2025-04-13,R05,22,6,1,Clear,29
2025-04-13,R06,6,6,1,Rain,121
2025-04-13,R06,7,6,1,Cloudy,165
2025-04-13,R06,8,6,1,Clear,232
2025-04-13,R06,9,6,1,Rain,228
2025-04-13,R06,10,6,1,Cloudy,85
2025-04-13,R06,11,6,1,Clear,51
2025-04-13,R06,12,6,1,Cloudy,39
2025-04-13,R06,13,6,1,Cloudy,33
2025-04-13,R06,14,6,1,Clear,43
2025-04-13,R06,15,6,1,Clear,66
2025-04-13,R06,16,6,1,Cloudy,110
2025-04-13,R06,17,6,1,Clear,193
2025-04-13,R06,18,6,1,Rain,274
2025-04-13,R06,19,6,1,Clear,215
2025-04-13,R06,20,6,1,Clear,145
2025-04-13,R06,21,6,1,Rain,67
2025-04-13,R06,22,6,1,Cloudy,45
2025-04-13,R07,6,6,1,Clear,71
2025-04-13,R07,7,6,1,Clear,111
2025-04-13,R07,8,6,1,Rain,148
2025-04-13,R07,9,6,1,Cloudy,97
2025-04-13,R07,10,6,1,Cloudy,43
2025-04-13,R07,11,6,1,Clear,40
2025-04-13,R07,12,6,1,Cloudy,10
2025-04-13,R07,13,6,1,Rain,40
2025-04-13,R07,14,6,1,Clear,10
2025-04-13,R07,15,6,1,Clear,47
2025-04-13,R07,16,6,1,Clear,78
2025-04-13,R07,17,6,1,Clear,119
2025-04-13,R07,18,6,1,Rain,159
2025-04-13,R07,19,6,1,Clear,130
2025-04-13,R07,20,6,1,Clear,52
2025-04-13,R07,21,6,1,Cloudy,30
2025-04-13,R07,22,6,1,Clear,29
2025-04-13,R08,6,6,1,Clear,102
2025-04-13,R08,7,6,1,Clear,183
2025-04-13,R08,8,6,1,Clear,192
2025-04-13,R08,9,6,1,Clear,165
2025-04-13,R08,10,6,1,Cloudy,80
2025-04-13,R08,11,6,1,Cloudy,52
2025-04-13,R08,12,6,1,Cloudy,32
2025-04-13,R08,13,6,1,Cloudy,43
2025-04-13,R08,14,6,1,Clear,42
2025-04-13,R08,15,6,1,Clear,49
2025-04-13,R08,16,6,1,Clear,118
2025-04-13,R08,17,6,1,Clear,188
2025-04-13,R08,18,6,1,Cloudy,221
2025-04-13,R08,19,6,1,Clear,178
2025-04-13,R08,20,6,1,Rain,116
2025-04-13,R08,21,6,1,Clear,74
2025-04-13,R08,22,6,1,Clear,32
2025-04-14,R01,6,0,0,Rain,149
2025-04-14,R01,7,0,0,Clear,216
2025-04-14,R01,8,0,0,Cloudy,262
2025-04-14,R01,9,0,0,Clear,205
2025-04-14,R01,10,0,0,Cloudy,117
2025-04-14,R01,11,0,0,Cloudy,39
2025-04-14,R01,12,0,0,Clear,46
2025-04-14,R01,13,0,0,Clear,39
2025-04-14,R01,14,0,0,Clear,35
2025-04-14,R01,15,0,0,Clear,84
2025-04-14,R01,16,0,0,Cloudy,134
2025-04-14,R01,17,0,0,Clear,255
2025-04-14,R01,18,0,0,Clear,357
2025-04-14,R01,19,0,0,Cloudy,230
2025-04-14,R01,20,0,0,Clear,157
2025-04-14,R01,21,0,0,Clear,79
2025-04-14,R01,22,0,0,Clear,73
2025-04-14,R02,6,0,0,Rain,140
2025-04-14,R02,7,0,0,Clear,245
2025-04-14,R02,8,0,0,Cloudy,312
2025-04-14,R02,9,0,0,Cloudy,260
2025-04-14,R02,10,0,0,Clear,128
2025-04-14,R02,11,0,0,Clear,44
2025-04-14,R02,12,0,0,Clear,43
2025-04-14,R02,13,0,0,Cloudy,71
2025-04-14,R02,14,0,0,Cloudy,55
2025-04-14,R02,15,0,0,Clear,114
2025-04-14,R02,16,0,0,Clear,158
2025-04-14,R02,17,0,0,Clear,307
2025-04-14,R02,18,0,0,Clear,377
2025-04-14,R02,19,0,0,Clear,281
2025-04-14,R02,20,0,0,Clear,153
2025-04-14,R02,21,0,0,Rain,95
2025-04-14,R02,22,0,0,Clear,70
2025-04-14,R03,6,0,0,Clear,98
2025-04-14,R03,7,0,0,Clear,174
2025-04-14,R03,8,0,0,Clear,223
2025-04-14,R03,9,0,0,Rain,168
2025-04-14,R03,10,0,0,Cloudy,76
2025-04-14,R03,11,0,0,Clear,30
2025-04-14,R03,12,0,0,Clear,45
2025-04-14,R03,13,0,0,Clear,24
2025-04-14,R03,14,0,0,Clear,60
2025-04-14,R03,15,0,0,Clear,63
2025-04-14,R03,16,0,0,Clear,107
2025-04-14,R03,17,0,0,Clear,223
2025-04-14,R03,18,0,0,Clear,295
2025-04-14,R03,19,0,0,Rain,212
2025-04-14,R03,20,0,0,Clear,102
2025-04-14,R03,21,0,0,Clear,50
2025-04-14,R03,22,0,0,Rain,62
2025-04-14,R04,6,0,0,Clear,179
2025-04-14,R04,7,0,0,Clear,269
2025-04-14,R04,8,0,0,Clear,413
2025-04-14,R04,9,0,0,Clear,299
2025-04-14,R04,10,0,0,Rain,164
2025-04-14,R04,11,0,0,Cloudy,86
2025-04-14,R04,12,0,0,Clear,82
2025-04-14,R04,13,0,0,Cloudy,50
2025-04-14,R04,14,0,0,Clear,86
2025-04-14,R04,15,0,0,Clear,103
2025-04-14,R04,16,0,0,Clear,175
2025-04-14,R04,17,0,0,Clear,352
2025-04-14,R04,18,0,0,Clear,444
2025-04-14,R04,19,0,0,Clear,349
2025-04-14,R04,20,0,0,Cloudy,170
2025-04-14,R04,21,0,0,Clear,109
2025-04-14,R04,22,0,0,Cloudy,71
2025-04-14,R05,6,0,0,Clear,115
2025-04-14,R05,7,0,0,Clear,182
2025-04-14,R05,8,0,0,Clear,241
2025-04-14,R05,9,0,0,Clear,197
2025-04-14,R05,10,0,0,Clear,120
2025-04-14,R05,11,0,0,Cloudy,65
2025-04-14,R05,12,0,0,Cloudy,58
2025-04-14,R05,13,0,0,Clear,53
2025-04-14,R05,14,0,0,Clear,61
2025-04-14,R05,15,0,0,Cloudy,71
2025-04-14,R05,16,0,0,Cloudy,128
2025-04-14,R05,17,0,0,Clear,251
2025-04-14,R05,18,0,0,Cloudy,264
2025-04-14,R05,19,0,0,Clear,229
2025-04-14,R05,20,0,0,Cloudy,113
2025-04-14,R05,21,0,0,Cloudy,70
2025-04-14,R05,22,0,0,Cloudy,32
2025-04-14,R06,6,0,0,Clear,112
2025-04-14,R06,7,0,0,Clear,250
2025-04-14,R06,8,0,0,Clear,365
2025-04-14,R06,9,0,0,Clear,271
2025-04-14,R06,10,0,0,Clear,157
2025-04-14,R06,11,0,0,Cloudy,52
2025-04-14,R06,12,0,0,Cloudy,65
2025-04-14,R06,13,0,0,Clear,44
2025-04-14,R06,14,0,0,Clear,72
2025-04-14,R06,15,0,0,Clear,63
2025-04-14,R06,16,0,0,Cloudy,184
2025-04-14,R06,17,0,0,Clear,327
2025-04-14,R06,18,0,0,Clear,393
2025-04-14,R06,19,0,0,Clear,338
2025-04-14,R06,20,0,0,Cloudy,183
2025-04-14,R06,21,0,0,Clear,85
2025-04-14,R06,22,0,0,Rain,57
2025-04-14,R07,6,0,0,Clear,116
2025-04-14,R07,7,0,0,Clear,145
2025-04-14,R07,8,0,0,Rain,216
2025-04-14,R07,9,0,0,Cloudy,132
2025-04-14,R07,10,0,0,Clear,93
2025-04-14,R07,11,0,0,Rain,37
2025-04-14,R07,12,0,0,Clear,36
2025-04-14,R07,13,0,0,Cloudy,38
2025-04-14,R07,14,0,0,Clear,29
2025-04-14,R07,15,0,0,Clear,60
2025-04-14,R07,16,0,0,Cloudy,122
2025-04-14,R07,17,0,0,Cloudy,175
2025-04-14,R07,18,0,0,Clear,235
2025-04-14,R07,19,0,0,Clear,178
2025-04-14,R07,20,0,0,Rain,109
2025-04-14,R07,21,0,0,Cloudy,34
2025-04-14,R07,22,0,0,Clear,40
2025-04-14,R08,6,0,0,Rain,153
2025-04-14,R08,7,0,0,Cloudy,231
2025-04-14,R08,8,0,0,Clear,296
2025-04-14,R08,9,0,0,Clear,233
2025-04-14,R08,10,0,0,Clear,149
2025-04-14,R08,11,0,0,Clear,75
2025-04-14,R08,12,0,0,Clear,66
2025-04-14,R08,13,0,0,Clear,66
2025-04-14,R08,14,0,0,Cloudy,49
2025-04-14,R08,15,0,0,Cloudy,71
2025-04-14,R08,16,0,0,Cloudy,144
2025-04-14,R08,17,0,0,Cloudy,256
2025-04-14,R08,18,0,0,Clear,365
2025-04-14,R08,19,0,0,Clear,278
2025-04-14,R08,20,0,0,Cloudy,168
2025-04-14,R08,21,0,0,Clear,82
2025-04-14,R08,22,0,0,Cloudy,54
2025-04-15,R01,6,1,0,Cloudy,82
2025-04-15,R01,7,1,0,Cloudy,195
2025-04-15,R01,8,1,0,Cloudy,279
2025-04-15,R01,9,1,0,Clear,235
2025-04-15,R01,10,1,0,Cloudy,100
2025-04-15,R01,11,1,0,Clear,33
2025-04-15,R01,12,1,0,Clear,37
2025-04-15,R01,13,1,0,Clear,41
2025-04-15,R01,14,1,0,Clear,46
2025-04-15,R01,15,1,0,Clear,69
2025-04-15,R01,16,1,0,Rain,161
2025-04-15,R01,17,1,0,Cloudy,225
2025-04-15,R01,18,1,0,Cloudy,293
2025-04-15,R01,19,1,0,Cloudy,243
2025-04-15,R01,20,1,0,Rain,154
2025-04-15,R01,21,1,0,Clear,77
2025-04-15,R01,22,1,0,Clear,76
2025-04-15,R02,6,1,0,Clear,144
2025-04-15,R02,7,1,0,Rain,287
2025-04-15,R02,8,1,0,Clear,320
2025-04-15,R02,9,1,0,Clear,246
2025-04-15,R02,10,1,0,Clear,134
2025-04-15,R02,11,1,0,Cloudy,76
2025-04-15,R02,12,1,0,Clear,62
2025-04-15,R02,13,1,0,Clear,59
2025-04-15,R02,14,1,0,Clear,74
2025-04-15,R02,15,1,0,Cloudy,90
2025-04-15,R02,16,1,0,Cloudy,172
2025-04-15,R02,17,1,0,Clear,289
2025-04-15,R02,18,1,0,Clear,354
2025-04-15,R02,19,1,0,Clear,322
2025-04-15,R02,20,1,0,Clear,142
2025-04-15,R02,21,1,0,Clear,75
2025-04-15,R02,22,1,0,Cloudy,54
2025-04-15,R03,6,1,0,Rain,120
2025-04-15,R03,7,1,0,Clear,160
2025-04-15,R03,8,1,0,Clear,202
2025-04-15,R03,9,1,0,Clear,165
2025-04-15,R03,10,1,0,Clear,87
2025-04-15,R03,11,1,0,Clear,52
2025-04-15,R03,12,1,0,Cloudy,46
2025-04-15,R03,13,1,0,Cloudy,49
2025-04-15,R03,14,1,0,Clear,24
2025-04-15,R03,15,1,0,Clear,31
2025-04-15,R03,16,1,0,Cloudy,113
2025-04-15,R03,17,1,0,Cloudy,179
2025-04-15,R03,18,1,0,Clear,249
2025-04-15,R03,19,1,0,Cloudy,192
2025-04-15,R03,20,1,0,Cloudy,105
2025-04-15,R03,21,1,0,Clear,37
2025-04-15,R03,22,1,0,Cloudy,43
2025-04-15,R04,6,1,0,Clear,182
2025-04-15,R04,7,1,0,Clear,289
2025-04-15,R04,8,1,0,Clear,402
2025-04-15,R04,9,1,0,Cloudy,243
2025-04-15,R04,10,1,0,Clear,143
2025-04-15,R04,11,1,0,Clear,109
2025-04-15,R04,12,1,0,Rain,62
2025-04-15,R04,13,1,0,Clear,69
2025-04-15,R04,14,1,0,Clear,70
2025-04-15,R04,15,1,0,Clear,98
2025-04-15,R04,16,1,0,Clear,209
2025-04-15,R04,17,1,0,Clear,343
2025-04-15,R04,18,1,0,Clear,433
2025-04-15,R04,19,1,0,Clear,369
2025-04-15,R04,20,1,0,Clear,210
2025-04-15,R04,21,1,0,Clear,88
2025-04-15,R04,22,1,0,Clear,106
2025-04-15,R05,6,1,0,Clear,115
2025-04-15,R05,7,1,0,Clear,201
2025-04-15,R05,8,1,0,Clear,244
2025-04-15,R05,9,1,0,Cloudy,192
2025-04-15,R05,10,1,0,Clear,98
2025-04-15,R05,11,1,0,Cloudy,35
2025-04-15,R05,12,1,0,Clear,31
2025-04-15,R05,13,1,0,Cloudy,21
2025-04-15,R05,14,1,0,Clear,22
2025-04-15,R05,15,1,0,Cloudy,62
2025-04-15,R05,16,1,0,Clear,136
2025-04-15,R05,17,1,0,Clear,247
2025-04-15,R05,18,1,0,Clear,332
2025-04-15,R05,19,1,0,Rain,273
2025-04-15,R05,20,1,0,Clear,130
2025-04-15,R05,21,1,0,Clear,66
2025-04-15,R05,22,1,0,Clear,52
2025-04-15,R06,6,1,0,Cloudy,119
2025-04-15,R06,7,1,0,Clear,278
2025-04-15,R06,8,1,0,Clear,339
2025-04-15,R06,9,1,0,Clear,280
2025-04-15,R06,10,1,0,Clear,144
2025-04-15,R06,11,1,0,Clear,74
2025-04-15,R06,12,1,0,Cloudy,74
2025-04-15,R06,13,1,0,Cloudy,36
2025-04-15,R06,14,1,0,Clear,71
2025-04-15,R06,15,1,0,Clear,73
2025-04-15,R06,16,1,0,Rain,222
2025-04-15,R06,17,1,0,Clear,320
2025-04-15,R06,18,1,0,Rain,430
2025-04-15,R06,19,1,0,Rain,362
2025-04-15,R06,20,1,0,Cloudy,163
2025-04-15,R06,21,1,0,Clear,91
2025-04-15,R06,22,1,0,Clear,49
2025-04-15,R07,6,1,0,Clear,73
2025-04-15,R07,7,1,0,Clear,163
2025-04-15,R07,8,1,0,Cloudy,182
2025-04-15,R07,9,1,0,Rain,157
2025-04-15,R07,10,1,0,Clear,98
2025-04-15,R07,11,1,0,Rain,63
2025-04-15,R07,12,1,0,Cloudy,65
2025-04-15,R07,13,1,0,Rain,27
2025-04-15,R07,14,1,0,Clear,52
2025-04-15,R07,15,1,0,Cloudy,59
2025-04-15,R07,16,1,0,Clear,107
2025-04-15,R07,17,1,0,Clear,206
2025-04-15,R07,18,1,0,Clear,230
2025-04-15,R07,19,1,0,Cloudy,162
2025-04-15,R07,20,1,0,Clear,99
2025-04-15,R07,21,1,0,Clear,33
2025-04-15,R07,22,1,0,Rain,49
2025-04-15,R08,6,1,0,Rain,161
2025-04-15,R08,7,1,0,Clear,241
2025-04-15,R08,8,1,0,Rain,336
2025-04-15,R08,9,1,0,Cloudy,234
2025-04-15,R08,10,1,0,Clear,135
2025-04-15,R08,11,1,0,Clear,85
2025-04-15,R08,12,1,0,Clear,54
2025-04-15,R08,13,1,0,Clear,59
2025-04-15,R08,14,1,0,Rain,63
2025-04-15,R08,15,1,0,Cloudy,61
2025-04-15,R08,16,1,0,Clear,145
2025-04-15,R08,17,1,0,Clear,271
2025-04-15,R08,18,1,0,Clear,327
2025-04-15,R08,19,1,0,Clear,282
2025-04-15,R08,20,1,0,Clear,173
2025-04-15,R08,21,1,0,Clear,76
2025-04-15,R08,22,1,0,Cloudy,31
2025-04-16,R01,6,2,0,Cloudy,97
2025-04-16,R01,7,2,0,Cloudy,198
2025-04-16,R01,8,2,0,Cloudy,270
2025-04-16,R01,9,2,0,Clear,216
2025-04-16,R01,10,2,0,Clear,115
2025-04-16,R01,11,2,0,Clear,69
2025-04-16,R01,12,2,0,Clear,63
2025-04-16,R01,13,2,0,Clear,71
2025-04-16,R01,14,2,0,Clear,45
2025-04-16,R01,15,2,0,Cloudy,71
2025-04-16,R01,16,2,0,Clear,138
2025-04-16,R01,17,2,0,Clear,260
2025-04-16,R01,18,2,0,Cloudy,271
2025-04-16,R01,19,2,0,Cloudy,266
2025-04-16,R01,20,2,0,Clear,153
2025-04-16,R01,21,2,0,Clear,81
2025-04-16,R01,22,2,0,Clear,42
2025-04-16,R02,6,2,0,Clear,129
2025-04-16,R02,7,2,0,Clear,236
2025-04-16,R02,8,2,0,Clear,314
2025-04-16,R02,9,2,0,Clear,268
2025-04-16,R02,10,2,0,Clear,113
2025-04-16,R02,11,2,0,Clear,103
2025-04-16,R02,12,2,0,Cloudy,72
2025-04-16,R02,13,2,0,Clear,62
2025-04-16,R02,14,2,0,Rain,57
2025-04-16,R02,15,2,0,Cloudy,94
2025-04-16,R02,16,2,0,Clear,180
2025-04-16,R02,17,2,0,Cloudy,275
2025-04-16,R02,18,2,0,Cloudy,355
2025-04-16,R02,19,2,0,Clear,297
2025-04-16,R02,20,2,0,Clear,147
2025-04-16,R02,21,2,0,Clear,73
2025-04-16,R02,22,2,0,Clear,79
2025-04-16,R03,6,2,0,Cloudy,81
2025-04-16,R03,7,2,0,Clear,167
2025-04-16,R03,8,2,0,Clear,228
2025-04-16,R03,9,2,0,Clear,148
2025-04-16,R03,10,2,0,Clear,94
2025-04-16,R03,11,2,0,Clear,53
2025-04-16,R03,12,2,0,Clear,50
2025-04-16,R03,13,2,0,Cloudy,23
2025-04-16,R03,14,2,0,Rain,39
2025-04-16,R03,15,2,0,Cloudy,61
2025-04-16,R03,16,2,0,Clear,106
2025-04-16,R03,17,2,0,Rain,233
2025-04-16,R03,18,2,0,Clear,259
2025-04-16,R03,19,2,0,Cloudy,167
2025-04-16,R03,20,2,0,Clear,133
2025-04-16,R03,21,2,0,Clear,49
2025-04-16,R03,22,2,0,Cloudy,41
2025-04-16,R04,6,2,0,Clear,181
2025-04-16,R04,7,2,0,Clear,279
2025-04-16,R04,8,2,0,Clear,379
2025-04-16,R04,9,2,0,Cloudy,304
2025-04-16,R04,10,2,0,Clear,163
2025-04-16,R04,11,2,0,Cloudy,96
2025-04-16,R04,12,2,0,Cloudy,47
2025-04-16,R04,13,2,0,Cloudy,84
2025-04-16,R04,14,2,0,Cloudy,43
2025-04-16,R04,15,2,0,Clear,110
2025-04-16,R04,16,2,0,Rain,217
2025-04-16,R04,17,2,0,Rain,374
2025-04-16,R04,18,2,0,Clear,417
2025-04-16,R04,19,2,0,Clear,353
2025-04-16,R04,20,2,0,Cloudy,175
2025-04-16,R04,21,2,0,Clear,97
2025-04-16,R04,22,2,0,Rain,87
2025-04-16,R05,6,2,0,Clear,124
2025-04-16,R05,7,2,0,Cloudy,190
2025-04-16,R05,8,2,0,Clear,284
2025-04-16,R05,9,2,0,Clear,207
2025-04-16,R05,10,2,0,Clear,110
2025-04-16,R05,11,2,0,Clear,99
2025-04-16,R05,12,2,0,Clear,53
2025-04-16,R05,13,2,0,Clear,75
2025-04-16,R05,14,2,0,Clear,88
2025-04-16,R05,15,2,0,Clear,57
2025-04-16,R05,16,2,0,Clear,128
2025-04-16,R05,17,2,0,Cloudy,205
2025-04-16,R05,18,2,0,Clear,308
2025-04-16,R05,19,2,0,Rain,277
2025-04-16,R05,20,2,0,Cloudy,122
2025-04-16,R05,21,2,0,Cloudy,37
2025-04-16,R05,22,2,0,Clear,56
2025-04-16,R06,6,2,0,Rain,136
2025-04-16,R06,7,2,0,Clear,266
2025-04-16,R06,8,2,0,Clear,356
2025-04-16,R06,9,2,0,Clear,271
2025-04-16,R06,10,2,0,Clear,159
2025-04-16,R06,11,2,0,Clear,74
2025-04-16,R06,12,2,0,Clear,52
2025-04-16,R06,13,2,0,Cloudy,45
2025-04-16,R06,14,2,0,Clear,77
2025-04-16,R06,15,2,0,Cloudy,88
2025-04-16,R06,16,2,0,Clear,172
2025-04-16,R06,17,2,0,Clear,324
2025-04-16,R06,18,2,0,Cloudy,345
2025-04-16,R06,19,2,0,Cloudy,301
2025-04-16,R06,20,2,0,Clear,186
2025-04-16,R06,21,2,0,Rain,111
2025-04-16,R06,22,2,0,Cloudy,85
2025-04-16,R07,6,2,0,Clear,78
2025-04-16,R07,7,2,0,Rain,175
2025-04-16,R07,8,2,0,Clear,205
2025-04-16,R07,9,2,0,Clear,154
2025-04-16,R07,10,2,0,Clear,65
2025-04-16,R07,11,2,0,Clear,57
2025-04-16,R07,12,2,0,Clear,10
2025-04-16,R07,13,2,0,Clear,19
2025-04-16,R07,14,2,0,Clear,33
2025-04-16,R07,15,2,0,Cloudy,35
2025-04-16,R07,16,2,0,Clear,106
2025-04-16,R07,17,2,0,Clear,201
2025-04-16,R07,18,2,0,Clear,255
2025-04-16,R07,19,2,0,Clear,183
2025-04-16,R07,20,2,0,Rain,121
2025-04-16,R07,21,2,0,Clear,55
2025-04-16,R07,22,2,0,Rain,40
2025-04-16,R08,6,2,0,Clear,124
2025-04-16,R08,7,2,0,Clear,262
2025-04-16,R08,8,2,0,Rain,306
2025-04-16,R08,9,2,0,Clear,250
2025-04-16,R08,10,2,0,Clear,114
2025-04-16,R08,11,2,0,Cloudy,61
2025-04-16,R08,12,2,0,Clear,38
2025-04-16,R08,13,2,0,Rain,41
2025-04-16,R08,14,2,0,Clear,74
2025-04-16,R08,15,2,0,Cloudy,69
2025-04-16,R08,16,2,0,Clear,161
2025-04-16,R08,17,2,0,Cloudy,271
2025-04-16,R08,18,2,0,Clear,368
2025-04-16,R08,19,2,0,Clear,263
2025-04-16,R08,20,2,0,Cloudy,174
2025-04-16,R08,21,2,0,Clear,87
2025-04-16,R08,22,2,0,Clear,61
2025-04-17,R01,6,3,0,Rain,121
2025-04-17,R01,7,3,0,Rain,230
2025-04-17,R01,8,3,0,Cloudy,236
2025-04-17,R01,9,3,0,Clear,234
2025-04-17,R01,10,3,0,Clear,96
2025-04-17,R01,11,3,0,Rain,60
2025-04-17,R01,12,3,0,Clear,66
2025-04-17,R01,13,3,0,Clear,47
2025-04-17,R01,14,3,0,Clear,37
2025-04-17,R01,15,3,0,Clear,88
2025-04-17,R01,16,3,0,Clear,139
2025-04-17,R01,17,3,0,Cloudy,231
2025-04-17,R01,18,3,0,Cloudy,277
2025-04-17,R01,19,3,0,Clear,248
2025-04-17,R01,20,3,0,Clear,141
2025-04-17,R01,21,3,0,Cloudy,78
2025-04-17,R01,22,3,0,Clear,42
2025-04-17,R02,6,3,0,Cloudy,146
2025-04-17,R02,7,3,0,Cloudy,255
2025-04-17,R02,8,3,0,Clear,342
2025-04-17,R02,9,3,0,Cloudy,221
2025-04-17,R02,10,3,0,Rain,151
2025-04-17,R02,11,3,0,Clear,85
2025-04-17,R02,12,3,0,Clear,69
2025-04-17,R02,13,3,0,Clear,72
2025-04-17,R02,14,3,0,Cloudy,75
2025-04-17,R02,15,3,0,Cloudy,95
2025-04-17,R02,16,3,0,Clear,183
2025-04-17,R02,17,3,0,Cloudy,292
2025-04-17,R02,18,3,0,Clear,381
2025-04-17,R02,19,3,0,Rain,353
2025-04-17,R02,20,3,0,Rain,191
2025-04-17,R02,21,3,0,Cloudy,76
2025-04-17,R02,22,3,0,Rain,54
2025-04-17,R03,6,3,0,Clear,75
2025-04-17,R03,7,3,0,Cloudy,152
2025-04-17,R03,8,3,0,Cloudy,227
2025-04-17,R03,9,3,0,Clear,198
2025-04-17,R03,10,3,0,Clear,104
2025-04-17,R03,11,3,0,Cloudy,52
2025-04-17,R03,12,3,0,Clear,18
2025-04-17,R03,13,3,0,Cloudy,36
2025-04-17,R03,14,3,0,Clear,34
2025-04-17,R03,15,3,0,Clear,53
2025-04-17,R03,16,3,0,Clear,122
2025-04-17,R03,17,3,0,Clear,219
2025-04-17,R03,18,3,0,Clear,258
2025-04-17,R03,19,3,0,Cloudy,229
2025-04-17,R03,20,3,0,Cloudy,116
2025-04-17,R03,21,3,0,Cloudy,34
2025-04-17,R03,22,3,0,Clear,69
2025-04-17,R04,6,3,0,Cloudy,145
2025-04-17,R04,7,3,0,Cloudy,295
2025-04-17,R04,8,3,0,Cloudy,334
2025-04-17,R04,9,3,0,Rain,302
2025-04-17,R04,10,3,0,Rain,159
2025-04-17,R04,11,3,0,Rain,79
2025-04-17,R04,12,3,0,Rain,89
2025-04-17,R04,13,3,0,Clear,84
2025-04-17,R04,14,3,0,Clear,80
2025-04-17,R04,15,3,0,Clear,108
2025-04-17,R04,16,3,0,Clear,173
2025-04-17,R04,17,3,0,Cloudy,314
2025-04-17,R04,18,3,0,Cloudy,391
2025-04-17,R04,19,3,0,Cloudy,303
2025-04-17,R04,20,3,0,Clear,196
2025-04-17,R04,21,3,0,Clear,111
2025-04-17,R04,22,3,0,Clear,85
2025-04-17,R05,6,3,0,Clear,118
2025-04-17,R05,7,3,0,Cloudy,189
2025-04-17,R05,8,3,0,Clear,255
2025-04-17,R05,9,3,0,Clear,202
2025-04-17,R05,10,3,0,Rain,118
2025-04-17,R05,11,3,0,Clear,44
2025-04-17,R05,12,3,0,Clear,41
2025-04-17,R05,13,3,0,Clear,38
2025-04-17,R05,14,3,0,Clear,74
2025-04-17,R05,15,3,0,Clear,86
2025-04-17,R05,16,3,0,Clear,147
2025-04-17,R05,17,3,0,Clear,230
2025-04-17,R05,18,3,0,Rain,339
2025-04-17,R05,19,3,0,Clear,232
2025-04-17,R05,20,3,0,Clear,150
2025-04-17,R05,21,3,0,Cloudy,65
2025-04-17,R05,22,3,0,Clear,67
2025-04-17,R06,6,3,0,Clear,124
2025-04-17,R06,7,3,0,Cloudy,264
2025-04-17,R06,8,3,0,Cloudy,343
2025-04-17,R06,9,3,0,Clear,267
2025-04-17,R06,10,3,0,Clear,140
2025-04-17,R06,11,3,0,Rain,86
2025-04-17,R06,12,3,0,Clear,70
2025-04-17,R06,13,3,0,Cloudy,50
2025-04-17,R06,14,3,0,Clear,57
2025-04-17,R06,15,3,0,Clear,121
2025-04-17,R06,16,3,0,Clear,178
2025-04-17,R06,17,3,0,Rain,351
2025-04-17,R06,18,3,0,Clear,387
2025-04-17,R06,19,3,0,Clear,328
2025-04-17,R06,20,3,0,Rain,192
2025-04-17,R06,21,3,0,Cloudy,88
2025-04-17,R06,22,3,0,Rain,88
2025-04-17,R07,6,3,0,Clear,95
2025-04-17,R07,7,3,0,Clear,150
2025-04-17,R07,8,3,0,Clear,199
2025-04-17,R07,9,3,0,Clear,143
2025-04-17,R07,10,3,0,Cloudy,78
2025-04-17,R07,11,3,0,Clear,74
2025-04-17,R07,12,3,0,Clear,47
2025-04-17,R07,13,3,0,Clear,23
2025-04-17,R07,14,3,0,Rain,21
2025-04-17,R07,15,3,0,Clear,43
2025-04-17,R07,16,3,0,Cloudy,82
2025-04-17,R07,17,3,0,Clear,182
2025-04-17,R07,18,3,0,Clear,248
2025-04-17,R07,19,3,0,Rain,218
2025-04-17,R07,20,3,0,Cloudy,97
2025-04-17,R07,21,3,0,Cloudy,43
2025-04-17,R07,22,3,0,Cloudy,31
2025-04-17,R08,6,3,0,Clear,133
2025-04-17,R08,7,3,0,Clear,240
2025-04-17,R08,8,3,0,Rain,323
2025-04-17,R08,9,3,0,Cloudy,235
2025-04-17,R08,10,3,0,Clear,112
2025-04-17,R08,11,3,0,Cloudy,66
2025-04-17,R08,12,3,0,Cloudy,45
2025-04-17,R08,13,3,0,Clear,51
2025-04-17,R08,14,3,0,Clear,45
2025-04-17,R08,15,3,0,Cloudy,80
2025-04-17,R08,16,3,0,Cloudy,136
2025-04-17,R08,17,3,0,Clear,274
2025-04-17,R08,18,3,0,Cloudy,321
2025-04-17,R08,19,3,0,Clear,270
2025-04-17,R08,20,3,0,Cloudy,170
2025-04-17,R08,21,3,0,Clear,77
2025-04-17,R08,22,3,0,Clear,54
2025-04-18,R01,6,4,0,Clear,115
2025-04-18,R01,7,4,0,Rain,219
2025-04-18,R01,8,4,0,Cloudy,236
2025-04-18,R01,9,4,0,Clear,212
2025-04-18,R01,10,4,0,Clear,93
2025-04-18,R01,11,4,0,Clear,67
2025-04-18,R01,12,4,0,Clear,55
2025-04-18,R01,13,4,0,Cloudy,51
2025-04-18,R01,14,4,0,Cloudy,60
2025-04-18,R01,15,4,0,Cloudy,68
2025-04-18,R01,16,4,0,Clear,166
2025-04-18,R01,17,4,0,Clear,259
2025-04-18,R01,18,4,0,Rain,364
2025-04-18,R01,19,4,0,Clear,236
2025-04-18,R01,20,4,0,Rain,171
2025-04-18,R01,21,4,0,Clear,73
2025-04-18,R01,22,4,0,Clear,56
2025-04-18,R02,6,4,0,Cloudy,134
2025-04-18,R02,7,4,0,Clear,231
2025-04-18,R02,8,4,0,Clear,308
2025-04-18,R02,9,4,0,Cloudy,262
2025-04-18,R02,10,4,0,Clear,142
2025-04-18,R02,11,4,0,Clear,88
2025-04-18,R02,12,4,0,Cloudy,75
2025-04-18,R02,13,4,0,Rain,60
2025-04-18,R02,14,4,0,Cloudy,77
2025-04-18,R02,15,4,0,Cloudy,82
2025-04-18,R02,16,4,0,Rain,197
2025-04-18,R02,17,4,0,Clear,322
2025-04-18,R02,18,4,0,Clear,380
2025-04-18,R02,19,4,0,Rain,318
2025-04-18,R02,20,4,0,Clear,171
2025-04-18,R02,21,4,0,Clear,94
2025-04-18,R02,22,4,0,Clear,71
2025-04-18,R03,6,4,0,Cloudy,105
2025-04-18,R03,7,4,0,Clear,185
2025-04-18,R03,8,4,0,Cloudy,212
2025-04-18,R03,9,4,0,Clear,173
2025-04-18,R03,10,4,0,Clear,90
2025-04-18,R03,11,4,0,Clear,44
2025-04-18,R03,12,4,0,Cloudy,31
2025-04-18,R03,13,4,0,Cloudy,52
2025-04-18,R03,14,4,0,Clear,45
2025-04-18,R03,15,4,0,Rain,62
2025-04-18,R03,16,4,0,Cloudy,112
2025-04-18,R03,17,4,0,Clear,204
2025-04-18,R03,18,4,0,Cloudy,219
2025-04-18,R03,19,4,0,Clear,218
2025-04-18,R03,20,4,0,Cloudy,128
2025-04-18,R03,21,4,0,Clear,75
2025-04-18,R03,22,4,0,Clear,55
2025-04-18,R04,6,4,0,Clear,140
2025-04-18,R04,7,4,0,Clear,310
2025-04-18,R04,8,4,0,Clear,365
2025-04-18,R04,9,4,0,Clear,275
2025-04-18,R04,10,4,0,Cloudy,116
2025-04-18,R04,11,4,0,Cloudy,83
2025-04-18,R04,12,4,0,Cloudy,82
2025-04-18,R04,13,4,0,Clear,83
2025-04-18,R04,14,4,0,Clear,72
2025-04-18,R04,15,4,0,Cloudy,111
2025-04-18,R04,16,4,0,Clear,227
2025-04-18,R04,17,4,0,Clear,340
2025-04-18,R04,18,4,0,Rain,473
2025-04-18,R04,19,4,0,Clear,364
2025-04-18,R04,20,4,0,Clear,181
2025-04-18,R04,21,4,0,Rain,98
2025-04-18,R04,22,4,0,Rain,101
2025-04-18,R05,6,4,0,Clear,123
2025-04-18,R05,7,4,0,Clear,196
2025-04-18,R05,8,4,0,Clear,249
2025-04-18,R05,9,4,0,Rain,210
2025-04-18,R05,10,4,0,Rain,123
2025-04-18,R05,11,4,0,Clear,50
2025-04-18,R05,12,4,0,Cloudy,36
2025-04-18,R05,13,4,0,Cloudy,29
2025-04-18,R05,14,4,0,Clear,51
2025-04-18,R05,15,4,0,Clear,56
2025-04-18,R05,16,4,0,Clear,147
2025-04-18,R05,17,4,0,Clear,260
2025-04-18,R05,18,4,0,Cloudy,284
2025-04-18,R05,19,4,0,Cloudy,242
2025-04-18,R05,20,4,0,Rain,151
2025-04-18,R05,21,4,0,Cloudy,57
2025-04-18,R05,22,4,0,Clear,46
2025-04-18,R06,6,4,0,Clear,122
2025-04-18,R06,7,4,0,Cloudy,245
2025-04-18,R06,8,4,0,Clear,343
2025-04-18,R06,9,4,0,Clear,270
2025-04-18,R06,10,4,0,Clear,158
2025-04-18,R06,11,4,0,Clear,98
2025-04-18,R06,12,4,0,Cloudy,62
2025-04-18,R06,13,4,0,Clear,47
2025-04-18,R06,14,4,0,Clear,52
2025-04-18,R06,15,4,0,Clear,88
2025-04-18,R06,16,4,0,Cloudy,162
2025-04-18,R06,17,4,0,Clear,323
2025-04-18,R06,18,4,0,Clear,380
2025-04-18,R06,19,4,0,Cloudy,320
2025-04-18,R06,20,4,0,Clear,195
2025-04-18,R06,21,4,0,Cloudy,105
2025-04-18,R06,22,4,0,Clear,58
2025-04-18,R07,6,4,0,Clear,69
2025-04-18,R07,7,4,0,Clear,146
2025-04-18,R07,8,4,0,Clear,200
2025-04-18,R07,9,4,0,Clear,155
2025-04-18,R07,10,4,0,Rain,109
2025-04-18,R07,11,4,0,Cloudy,63
2025-04-18,R07,12,4,0,Cloudy,36
2025-04-18,R07,13,4,0,Cloudy,15
2025-04-18,R07,14,4,0,Clear,34
2025-04-18,R07,15,4,0,Cloudy,89
2025-04-18,R07,16,4,0,Clear,87
2025-04-18,R07,17,4,0,Cloudy,177
2025-04-18,R07,18,4,0,Clear,217
2025-04-18,R07,19,4,0,Clear,212
2025-04-18,R07,20,4,0,Cloudy,104
2025-04-18,R07,21,4,0,Cloudy,42
2025-04-18,R07,22,4,0,Rain,36
2025-04-18,R08,6,4,0,Cloudy,94
2025-04-18,R08,7,4,0,Cloudy,227
2025-04-18,R08,8,4,0,Clear,308
2025-04-18,R08,9,4,0,Cloudy,205
2025-04-18,R08,10,4,0,Clear,135
2025-04-18,R08,11,4,0,Clear,90
2025-04-18,R08,12,4,0,Clear,40
2025-04-18,R08,13,4,0,Clear,62
2025-04-18,R08,14,4,0,Cloudy,63
2025-04-18,R08,15,4,0,Cloudy,81
2025-04-18,R08,16,4,0,Clear,164
2025-04-18,R08,17,4,0,Clear,275
2025-04-18,R08,18,4,0,Clear,320
2025-04-18,R08,19,4,0,Cloudy,269
2025-04-18,R08,20,4,0,Clear,172
2025-04-18,R08,21,4,0,Clear,71
2025-04-18,R08,22,4,0,Clear,49
2025-04-19,R01,6,5,1,Clear,67
2025-04-19,R01,7,5,1,Clear,152
2025-04-19,R01,8,5,1,Cloudy,180
2025-04-19,R01,9,5,1,Rain,150
2025-04-19,R01,10,5,1,Clear,77
2025-04-19,R01,11,5,1,Clear,42
2025-04-19,R01,12,5,1,Clear,39
2025-04-19,R01,13,5,1,Cloudy,26
2025-04-19,R01,14,5,1,Rain,55
2025-04-19,R01,15,5,1,Clear,57
2025-04-19,R01,16,5,1,Clear,115
2025-04-19,R01,17,5,1,Clear,178
2025-04-19,R01,18,5,1,Clear,220
2025-04-19,R01,19,5,1,Clear,154
2025-04-19,R01,20,5,1,Rain,113
2025-04-19,R01,21,5,1,Clear,51
2025-04-19,R01,22,5,1,Clear,53
2025-04-19,R02,6,5,1,Cloudy,101
2025-04-19,R02,7,5,1,Cloudy,181
2025-04-19,R02,8,5,1,Clear,213
2025-04-19,R02,9,5,1,Rain,191
2025-04-19,R02,10,5,1,Rain,121
2025-04-19,R02,11,5,1,Rain,46
2025-04-19,R02,12,5,1,Clear,57
2025-04-19,R02,13,5,1,Clear,55
2025-04-19,R02,14,5,1,Clear,42
2025-04-19,R02,15,5,1,Cloudy,82
2025-04-19,R02,16,5,1,Clear,133
2025-04-19,R02,17,5,1,Clear,189
2025-04-19,R02,18,5,1,Cloudy,259
2025-04-19,R02,19,5,1,Clear,205
2025-04-19,R02,20,5,1,Clear,123
2025-04-19,R02,21,5,1,Cloudy,63
2025-04-19,R02,22,5,1,Clear,52
2025-04-19,R03,6,5,1,Clear,84
2025-04-19,R03,7,5,1,Cloudy,118
2025-04-19,R03,8,5,1,Clear,153
2025-04-19,R03,9,5,1,Cloudy,101
2025-04-19,R03,10,5,1,Cloudy,54
2025-04-19,R03,11,5,1,Cloudy,47
2025-04-19,R03,12,5,1,Cloudy,44
2025-04-19,R03,13,5,1,Clear,23
2025-04-19,R03,14,5,1,Clear,41
2025-04-19,R03,15,5,1,Clear,35
2025-04-19,R03,16,5,1,Clear,58
2025-04-19,R03,17,5,1,Cloudy,116
2025-04-19,R03,18,5,1,Clear,191
2025-04-19,R03,19,5,1,Clear,120
2025-04-19,R03,20,5,1,Clear,92
2025-04-19,R03,21,5,1,Clear,47
2025-04-19,R03,22,5,1,Clear,47
2025-04-19,R04,6,5,1,Clear,108
2025-04-19,R04,7,5,1,Cloudy,194
2025-04-19,R04,8,5,1,Rain,283
2025-04-19,R04,9,5,1,Clear,204
2025-04-19,R04,10,5,1,Cloudy,99
2025-04-19,R04,11,5,1,Clear,65
2025-04-19,R04,12,5,1,Clear,43
2025-04-19,R04,13,5,1,Cloudy,56
2025-04-19,R04,14,5,1,Cloudy,48
2025-04-19,R04,15,5,1,Clear,83
2025-04-19,R04,16,5,1,Cloudy,117
2025-04-19,R04,17,5,1,Clear,231
2025-04-19,R04,18,5,1,Clear,271
2025-04-19,R04,19,5,1,Cloudy,227
2025-04-19,R04,20,5,1,Cloudy,132
2025-04-19,R04,21,5,1,Cloudy,60
2025-04-19,R04,22,5,1,Clear,50
2025-04-19,R05,6,5,1,Cloudy,57
2025-04-19,R05,7,5,1,Clear,155
2025-04-19,R05,8,5,1,Clear,193
2025-04-19,R05,9,5,1,Clear,140
2025-04-19,R05,10,5,1,Clear,72
2025-04-19,R05,11,5,1,Clear,20
2025-04-19,R05,12,5,1,Clear,44
2025-04-19,R05,13,5,1,Cloudy,19
2025-04-19,R05,14,5,1,Cloudy,46
2025-04-19,R05,15,5,1,Clear,31
2025-04-19,R05,16,5,1,Cloudy,76
2025-04-19,R05,17,5,1,Rain,166
2025-04-19,R05,18,5,1,Clear,192
2025-04-19,R05,19,5,1,Cloudy,189
2025-04-19,R05,20,5,1,Cloudy,88
2025-04-19,R05,21,5,1,Clear,59
2025-04-19,R05,22,5,1,Rain,24
2025-04-19,R06,6,5,1,Clear,89
2025-04-19,R06,7,5,1,Clear,210
2025-04-19,R06,8,5,1,Cloudy,220
2025-04-19,R06,9,5,1,Clear,187
2025-04-19,R06,10,5,1,Clear,104
2025-04-19,R06,11,5,1,Clear,77
2025-04-19,R06,12,5,1,Cloudy,10
2025-04-19,R06,13,5,1,Cloudy,55
2025-04-19,R06,14,5,1,Cloudy,62
2025-04-19,R06,15,5,1,Clear,73
2025-04-19,R06,16,5,1,Clear,121
2025-04-19,R06,17,5,1,Cloudy,209
2025-04-19,R06,18,5,1,Cloudy,237
2025-04-19,R06,19,5,1,Clear,192
2025-04-19,R06,20,5,1,Clear,128
2025-04-19,R06,21,5,1,Rain,35
2025-04-19,R06,22,5,1,Clear,39
2025-04-19,R07,6,5,1,Clear,43
2025-04-19,R07,7,5,1,Clear,102
2025-04-19,R07,8,5,1,Cloudy,125
2025-04-19,R07,9,5,1,Clear,89
2025-04-19,R07,10,5,1,Clear,64
2025-04-19,R07,11,5,1,Clear,49
2025-04-19,R07,12,5,1,Clear,10
2025-04-19,R07,13,5,1,Cloudy,10
2025-04-19,R07,14,5,1,Clear,26
2025-04-19,R07,15,5,1,Clear,13
2025-04-19,R07,16,5,1,Clear,72
2025-04-19,R07,17,5,1,Cloudy,134
2025-04-19,R07,18,5,1,Clear,139
2025-04-19,R07,19,5,1,Clear,148
2025-04-19,R07,20,5,1,Rain,73
2025-04-19,R07,21,5,1,Clear,34
2025-04-19,R07,22,5,1,Clear,18
2025-04-19,R08,6,5,1,Cloudy,92
2025-04-19,R08,7,5,1,Clear,163
2025-04-19,R08,8,5,1,Rain,223
2025-04-19,R08,9,5,1,Clear,151
2025-04-19,R08,10,5,1,Cloudy,85
2025-04-19,R08,11,5,1,Clear,66
2025-04-19,R08,12,5,1,Cloudy,32
2025-04-19,R08,13,5,1,Rain,42
2025-04-19,R08,14,5,1,Clear,20
2025-04-19,R08,15,5,1,Clear,59
2025-04-19,R08,16,5,1,Cloudy,137
2025-04-19,R08,17,5,1,Cloudy,163
2025-04-19,R08,18,5,1,Clear,241
2025-04-19,R08,19,5,1,Clear,184
2025-04-19,R08,20,5,1,Cloudy,82
2025-04-19,R08,21,5,1,Clear,52
2025-04-19,R08,22,5,1,Clear,69
2025-04-20,R01,6,6,1,Clear,83
2025-04-20,R01,7,6,1,Cloudy,142
2025-04-20,R01,8,6,1,Clear,173
2025-04-20,R01,9,6,1,Clear,162
2025-04-20,R01,10,6,1,Cloudy,94
2025-04-20,R01,11,6,1,Rain,67
2025-04-20,R01,12,6,1,Clear,48
2025-04-20,R01,13,6,1,Cloudy,19
2025-04-20,R01,14,6,1,Cloudy,19
2025-04-20,R01,15,6,1,Clear,26
2025-04-20,R01,16,6,1,Clear,86
2025-04-20,R01,17,6,1,Clear,179
2025-04-20,R01,18,6,1,Clear,200
2025-04-20,R01,19,6,1,Clear,189
2025-04-20,R01,20,6,1,Cloudy,111
2025-04-20,R01,21,6,1,Cloudy,66
2025-04-20,R01,22,6,1,Clear,13
2025-04-20,R02,6,6,1,Clear,96
2025-04-20,R02,7,6,1,Clear,175
2025-04-20,R02,8,6,1,Cloudy,225
2025-04-20,R02,9,6,1,Clear,153
2025-04-20,R02,10,6,1,Clear,94
2025-04-20,R02,11,6,1,Clear,12
2025-04-20,R02,12,6,1,Rain,23
2025-04-20,R02,13,6,1,Cloudy,51
2025-04-20,R02,14,6,1,Clear,11
2025-04-20,R02,15,6,1,Clear,90
2025-04-20,R02,16,6,1,Clear,125
2025-04-20,R02,17,6,1,Cloudy,193
2025-04-20,R02,18,6,1,Clear,244
2025-04-20,R02,19,6,1,Clear,223
2025-04-20,R02,20,6,1,Clear,97
2025-04-20,R02,21,6,1,Clear,29
2025-04-20,R02,22,6,1,Clear,50
2025-04-20,R03,6,6,1,Cloudy,59
2025-04-20,R03,7,6,1,Cloudy,118
2025-04-20,R03,8,6,1,Rain,172
2025-04-20,R03,9,6,1,Clear,129
2025-04-20,R03,10,6,1,Clear,64
2025-04-20,R03,11,6,1,Cloudy,27
2025-04-20,R03,12,6,1,Cloudy,26
2025-04-20,R03,13,6,1,Clear,39
2025-04-20,R03,14,6,1,Clear,42
2025-04-20,R03,15,6,1,Clear,48
2025-04-20,R03,16,6,1,Clear,52
2025-04-20,R03,17,6,1,Clear,146
2025-04-20,R03,18,6,1,Clear,153
2025-04-20,R03,19,6,1,Cloudy,147
2025-04-20,R03,20,6,1,Clear,93
2025-04-20,R03,21,6,1,Cloudy,27
2025-04-20,R03,22,6,1,Clear,38
2025-04-20,R04,6,6,1,Clear,107
2025-04-20,R04,7,6,1,Clear,188
2025-04-20,R04,8,6,1,Cloudy,247
2025-04-20,R04,9,6,1,Clear,220
2025-04-20,R04,10,6,1,Clear,99
2025-04-20,R04,11,6,1,Clear,63
2025-04-20,R04,12,6,1,Clear,33
2025-04-20,R04,13,6,1,Cloudy,33
2025-04-20,R04,14,6,1,Cloudy,46
2025-04-20,R04,15,6,1,Cloudy,55
2025-04-20,R04,16,6,1,Clear,123
2025-04-20,R04,17,6,1,Cloudy,206
2025-04-20,R04,18,6,1,Clear,307
2025-04-20,R04,19,6,1,Clear,247
2025-04-20,R04,20,6,1,Clear,134
2025-04-20,R04,21,6,1,Clear,83
2025-04-20,R04,22,6,1,Clear,63
2025-04-20,R05,6,6,1,Rain,79
2025-04-20,R05,7,6,1,Rain,139
2025-04-20,R05,8,6,1,Rain,202
2025-04-20,R05,9,6,1,Clear,158
2025-04-20,R05,10,6,1,Clear,85
2025-04-20,R05,11,6,1,Clear,61
2025-04-20,R05,12,6,1,Clear,46
2025-04-20,R05,13,6,1,Clear,63
2025-04-20,R05,14,6,1,Cloudy,39
2025-04-20,R05,15,6,1,Clear,46
2025-04-20,R05,16,6,1,Clear,106
2025-04-20,R05,17,6,1,Clear,184
2025-04-20,R05,18,6,1,Cloudy,195
2025-04-20,R05,19,6,1,Cloudy,170
2025-04-20,R05,20,6,1,Clear,89
2025-04-20,R05,21,6,1,Clear,63
2025-04-20,R05,22,6,1,Clear,73
2025-04-20,R06,6,6,1,Clear,93
2025-04-20,R06,7,6,1,Clear,188
2025-04-20,R06,8,6,1,Clear,245
2025-04-20,R06,9,6,1,Rain,201
2025-04-20,R06,10,6,1,Clear,93
2025-04-20,R06,11,6,1,Clear,55
2025-04-20,R06,12,6,1,Clear,59
2025-04-20,R06,13,6,1,Cloudy,19
2025-04-20,R06,14,6,1,Rain,39
2025-04-20,R06,15,6,1,Clear,64
2025-04-20,R06,16,6,1,Clear,139
2025-04-20,R06,17,6,1,Clear,219
2025-04-20,R06,18,6,1,Clear,260
2025-04-20,R06,19,6,1,Clear,240
2025-04-20,R06,20,6,1,Rain,141
2025-04-20,R06,21,6,1,Clear,61
2025-04-20,R06,22,6,1,Clear,55
2025-04-20,R07,6,6,1,Rain,70
2025-04-20,R07,7,6,1,Clear,110
2025-04-20,R07,8,6,1,Cloudy,119
2025-04-20,R07,9,6,1,Rain,131
2025-04-20,R07,10,6,1,Cloudy,78
2025-04-20,R07,11,6,1,Clear,37
2025-04-20,R07,12,6,1,Clear,10
2025-04-20,R07,13,6,1,Clear,58
2025-04-20,R07,14,6,1,Cloudy,34
2025-04-20,R07,15,6,1,Clear,25
2025-04-20,R07,16,6,1,Cloudy,81
2025-04-20,R07,17,6,1,Clear,143
2025-04-20,R07,18,6,1,Clear,156
2025-04-20,R07,19,6,1,Cloudy,95
2025-04-20,R07,20,6,1,Clear,77
2025-04-20,R07,21,6,1,Clear,24
2025-04-20,R07,22,6,1,Cloudy,34
2025-04-20,R08,6,6,1,Clear,78
2025-04-20,R08,7,6,1,Cloudy,160
2025-04-20,R08,8,6,1,Cloudy,190
2025-04-20,R08,9,6,1,Clear,168
2025-04-20,R08,10,6,1,Clear,100
2025-04-20,R08,11,6,1,Clear,61
2025-04-20,R08,12,6,1,Clear,13
2025-04-20,R08,13,6,1,Rain,31
2025-04-20,R08,14,6,1,Clear,37
2025-04-20,R08,15,6,1,Clear,55
2025-04-20,R08,16,6,1,Cloudy,108
2025-04-20,R08,17,6,1,Clear,211
2025-04-20,R08,18,6,1,Clear,235
2025-04-20,R08,19,6,1,Clear,200
2025-04-20,R08,20,6,1,Clear,109
2025-04-20,R08,21,6,1,Cloudy,46
2025-04-20,R08,22,6,1,Rain,25
2025-04-21,R01,6,0,0,Clear,110
2025-04-21,R01,7,0,0,Cloudy,188
2025-04-21,R01,8,0,0,Clear,263
2025-04-21,R01,9,0,0,Clear,223
2025-04-21,R01,10,0,0,Clear,123
2025-04-21,R01,11,0,0,Cloudy,74
2025-04-21,R01,12,0,0,Cloudy,23
2025-04-21,R01,13,0,0,Cloudy,59
2025-04-21,R01,14,0,0,Clear,20
2025-04-21,R01,15,0,0,Clear,69
2025-04-21,R01,16,0,0,Clear,146
2025-04-21,R01,17,0,0,Clear,248
2025-04-21,R01,18,0,0,Clear,316
2025-04-21,R01,19,0,0,Clear,260
2025-04-21,R01,20,0,0,Clear,111
2025-04-21,R01,21,0,0,Clear,85
2025-04-21,R01,22,0,0,Clear,48
2025-04-21,R02,6,0,0,Clear,148
2025-04-21,R02,7,0,0,Clear,268
2025-04-21,R02,8,0,0,Clear,330
2025-04-21,R02,9,0,0,Clear,270
2025-04-21,R02,10,0,0,Clear,125
2025-04-21,R02,11,0,0,Cloudy,62
2025-04-21,R02,12,0,0,Clear,35
2025-04-21,R02,13,0,0,Clear,67
2025-04-21,R02,14,0,0,Cloudy,61
2025-04-21,R02,15,0,0,Clear,90
2025-04-21,R02,16,0,0,Clear,171
2025-04-21,R02,17,0,0,Clear,298
2025-04-21,R02,18,0,0,Clear,358
2025-04-21,R02,19,0,0,Rain,316
2025-04-21,R02,20,0,0,Clear,199
2025-04-21,R02,21,0,0,Clear,98
2025-04-21,R02,22,0,0,Clear,62
2025-04-21,R03,6,0,0,Cloudy,85
2025-04-21,R03,7,0,0,Clear,183
2025-04-21,R03,8,0,0,Clear,245
2025-04-21,R03,9,0,0,Clear,180
2025-04-21,R03,10,0,0,Clear,126
2025-04-21,R03,11,0,0,Cloudy,58
2025-04-21,R03,12,0,0,Cloudy,33
2025-04-21,R03,13,0,0,Rain,27
2025-04-21,R03,14,0,0,Clear,60
2025-04-21,R03,15,0,0,Cloudy,47
2025-04-21,R03,16,0,0,Cloudy,125
2025-04-21,R03,17,0,0,Clear,216
2025-04-21,R03,18,0,0,Clear,239
2025-04-21,R03,19,0,0,Cloudy,203
2025-04-21,R03,20,0,0,Clear,128
2025-04-21,R03,21,0,0,Clear,59
2025-04-21,R03,22,0,0,Clear,39
2025-04-21,R04,6,0,0,Clear,153
2025-04-21,R04,7,0,0,Clear,308
2025-04-21,R04,8,0,0,Cloudy,346
2025-04-21,R04,9,0,0,Clear,268
2025-04-21,R04,10,0,0,Rain,173
2025-04-21,R04,11,0,0,Cloudy,54
2025-04-21,R04,12,0,0,Clear,73
2025-04-21,R04,13,0,0,Clear,53
2025-04-21,R04,14,0,0,Cloudy,66
2025-04-21,R04,15,0,0,Clear,90
2025-04-21,R04,16,0,0,Clear,220
2025-04-21,R04,17,0,0,Rain,387
2025-04-21,R04,18,0,0,Rain,454
2025-04-21,R04,19,0,0,Rain,384
2025-04-21,R04,20,0,0,Clear,182
2025-04-21,R04,21,0,0,Clear,101
2025-04-21,R04,22,0,0,Clear,90
2025-04-21,R05,6,0,0,Clear,116
2025-04-21,R05,7,0,0,Clear,193
2025-04-21,R05,8,0,0,Clear,245
2025-04-21,R05,9,0,0,Clear,214
2025-04-21,R05,10,0,0,Clear,134
2025-04-21,R05,11,0,0,Cloudy,54
2025-04-21,R05,12,0,0,Clear,64
2025-04-21,R05,13,0,0,Cloudy,50
2025-04-21,R05,14,0,0,Cloudy,56
2025-04-21,R05,15,0,0,Clear,56
2025-04-21,R05,16,0,0,Cloudy,128
2025-04-21,R05,17,0,0,Clear,242
2025-04-21,R05,18,0,0,Clear,270
2025-04-21,R05,19,0,0,Clear,234
2025-04-21,R05,20,0,0,Cloudy,123
2025-04-21,R05,21,0,0,Clear,60
2025-04-21,R05,22,0,0,Cloudy,45
2025-04-21,R06,6,0,0,Cloudy,146
2025-04-21,R06,7,0,0,Clear,282
2025-04-21,R06,8,0,0,Cloudy,345
2025-04-21,R06,9,0,0,Clear,284
2025-04-21,R06,10,0,0,Rain,162
2025-04-21,R06,11,0,0,Cloudy,94
2025-04-21,R06,12,0,0,Clear,57
2025-04-21,R06,13,0,0,Clear,61
2025-04-21,R06,14,0,0,Rain,100
2025-04-21,R06,15,0,0,Clear,89
2025-04-21,R06,16,0,0,Clear,152
2025-04-21,R06,17,0,0,Clear,302
2025-04-21,R06,18,0,0,Rain,432
2025-04-21,R06,19,0,0,Cloudy,288
2025-04-21,R06,20,0,0,Clear,164
2025-04-21,R06,21,0,0,Cloudy,102
2025-04-21,R06,22,0,0,Clear,74
2025-04-21,R07,6,0,0,Clear,54
2025-04-21,R07,7,0,0,Cloudy,161
2025-04-21,R07,8,0,0,Clear,230
2025-04-21,R07,9,0,0,Clear,147
2025-04-21,R07,10,0,0,Clear,90
2025-04-21,R07,11,0,0,Cloudy,28
2025-04-21,R07,12,0,0,Clear,38
2025-04-21,R07,13,0,0,Cloudy,41
2025-04-21,R07,14,0,0,Clear,37
2025-04-21,R07,15,0,0,Clear,44
2025-04-21,R07,16,0,0,Clear,98
2025-04-21,R07,17,0,0,Clear,159
2025-04-21,R07,18,0,0,Clear,227
2025-04-21,R07,19,0,0,Clear,207
2025-04-21,R07,20,0,0,Rain,98
2025-04-21,R07,21,0,0,Clear,74
2025-04-21,R07,22,0,0,Clear,34
2025-04-21,R08,6,0,0,Cloudy,93
2025-04-21,R08,7,0,0,Clear,250
2025-04-21,R08,8,0,0,Cloudy,287
2025-04-21,R08,9,0,0,Clear,223
2025-04-21,R08,10,0,0,Clear,116
2025-04-21,R08,11,0,0,Cloudy,57
2025-04-21,R08,12,0,0,Clear,53
2025-04-21,R08,13,0,0,Rain,62
2025-04-21,R08,14,0,0,Cloudy,58
2025-04-21,R08,15,0,0,Cloudy,90
2025-04-21,R08,16,0,0,Clear,162
2025-04-21,R08,17,0,0,Cloudy,270
2025-04-21,R08,18,0,0,Rain,382
2025-04-21,R08,19,0,0,Clear,319
2025-04-21,R08,20,0,0,Cloudy,115
2025-04-21,R08,21,0,0,Clear,61
2025-04-21,R08,22,0,0,Rain,47
2025-04-22,R01,6,1,0,Cloudy,94
2025-04-22,R01,7,1,0,Clear,216
2025-04-22,R01,8,1,0,Clear,278
2025-04-22,R01,9,1,0,Rain,234
2025-04-22,R01,10,1,0,Clear,122
2025-04-22,R01,11,1,0,Clear,72
2025-04-22,R01,12,1,0,Cloudy,45
2025-04-22,R01,13,1,0,Cloudy,57
2025-04-22,R01,14,1,0,Clear,49
2025-04-22,R01,15,1,0,Clear,81
2025-04-22,R01,16,1,0,Clear,114
2025-04-22,R01,17,1,0,Cloudy,239
2025-04-22,R01,18,1,0,Clear,327
2025-04-22,R01,19,1,0,Clear,222
2025-04-22,R01,20,1,0,Cloudy,138
2025-04-22,R01,21,1,0,Clear,62
2025-04-22,R01,22,1,0,Clear,56
2025-04-22,R02,6,1,0,Rain,146
2025-04-22,R02,7,1,0,Clear,260
2025-04-22,R02,8,1,0,Cloudy,296
2025-04-22,R02,9,1,0,Cloudy,237
2025-04-22,R02,10,1,0,Clear,120
2025-04-22,R02,11,1,0,Clear,67
2025-04-22,R02,12,1,0,Clear,61
2025-04-22,R02,13,1,0,Cloudy,30
2025-04-22,R02,14,1,0,Clear,61
2025-04-22,R02,15,1,0,Clear,72
2025-04-22,R02,16,1,0,Cloudy,158
2025-04-22,R02,17,1,0,Clear,282
2025-04-22,R02,18,1,0,Clear,400
2025-04-22,R02,19,1,0,Clear,314
2025-04-22,R02,20,1,0,Clear,169
2025-04-22,R02,21,1,0,Rain,119
2025-04-22,R02,22,1,0,Cloudy,49
2025-04-22,R03,6,1,0,Clear,110
2025-04-22,R03,7,1,0,Cloudy,172
2025-04-22,R03,8,1,0,Cloudy,204
2025-04-22,R03,9,1,0,Clear,185
2025-04-22,R03,10,1,0,Cloudy,101
2025-04-22,R03,11,1,0,Clear,50
2025-04-22,R03,12,1,0,Clear,51
2025-04-22,R03,13,1,0,Clear,49
2025-04-22,R03,14,1,0,Clear,47
2025-04-22,R03,15,1,0,Clear,43
2025-04-22,R03,16,1,0,Clear,123
2025-04-22,R03,17,1,0,Clear,174
2025-04-22,R03,18,1,0,Cloudy,241
2025-04-22,R03,19,1,0,Cloudy,204
2025-04-22,R03,20,1,0,Rain,118
2025-04-22,R03,21,1,0,Clear,74
2025-04-22,R03,22,1,0,Clear,35
2025-04-22,R04,6,1,0,Clear,141
2025-04-22,R04,7,1,0,Rain,330
2025-04-22,R04,8,1,0,Clear,394
2025-04-22,R04,9,1,0,Cloudy,276
2025-04-22,R04,10,1,0,Rain,190
2025-04-22,R04,11,1,0,Cloudy,70
2025-04-22,R04,12,1,0,Clear,55
2025-04-22,R04,13,1,0,Cloudy,77
2025-04-22,R04,14,1,0,Clear,79
2025-04-22,R04,15,1,0,Cloudy,79
2025-04-22,R04,16,1,0,Clear,219
2025-04-22,R04,17,1,0,Clear,344
2025-04-22,R04,18,1,0,Clear,425
2025-04-22,R04,19,1,0,Clear,370
2025-04-22,R04,20,1,0,Clear,217
2025-04-22,R04,21,1,0,Clear,121
2025-04-22,R04,22,1,0,Rain,70
2025-04-22,R05,6,1,0,Cloudy,106
2025-04-22,R05,7,1,0,Clear,211
2025-04-22,R05,8,1,0,Cloudy,234
2025-04-22,R05,9,1,0,Cloudy,175
2025-04-22,R05,10,1,0,Clear,106
2025-04-22,R05,11,1,0,Rain,76
2025-04-22,R05,12,1,0,Clear,14
2025-04-22,R05,13,1,0,Clear,47
2025-04-22,R05,14,1,0,Clear,34
2025-04-22,R05,15,1,0,Clear,85
2025-04-22,R05,16,1,0,Clear,143
2025-04-22,R05,17,1,0,Clear,226
2025-04-22,R05,18,1,0,Rain,342
2025-04-22,R05,19,1,0,Clear,247
2025-04-22,R05,20,1,0,Clear,135
2025-04-22,R05,21,1,0,Clear,101
2025-04-22,R05,22,1,0,Clear,48
2025-04-22,R06,6,1,0,Clear,136
2025-04-22,R06,7,1,0,Rain,305
2025-04-22,R06,8,1,0,Clear,369
2025-04-22,R06,9,1,0,Cloudy,221
2025-04-22,R06,10,1,0,Clear,159
2025-04-22,R06,11,1,0,Cloudy,82
2025-04-22,R06,12,1,0,Cloudy,78
2025-04-22,R06,13,1,0,Clear,78
2025-04-22,R06,14,1,0,Cloudy,68
2025-04-22,R06,15,1,0,Clear,104
2025-04-22,R06,16,1,0,Clear,184
2025-04-22,R06,17,1,0,Clear,341
2025-04-22,R06,18,1,0,Clear,384
2025-04-22,R06,19,1,0,Clear,321
2025-04-22,R06,20,1,0,Cloudy,183
2025-04-22,R06,21,1,0,Cloudy,103
2025-04-22,R06,22,1,0,Clear,79
2025-04-22,R07,6,1,0,Clear,89
2025-04-22,R07,7,1,0,Clear,168
2025-04-22,R07,8,1,0,Clear,207
2025-04-22,R07,9,1,0,Rain,195
2025-04-22,R07,10,1,0,Clear,72
2025-04-22,R07,11,1,0,Clear,58
2025-04-22,R07,12,1,0,Clear,35
2025-04-22,R07,13,1,0,Clear,37
2025-04-22,R07,14,1,0,Clear,63
2025-04-22,R07,15,1,0,Cloudy,76
2025-04-22,R07,16,1,0,Cloudy,119
2025-04-22,R07,17,1,0,Clear,178
2025-04-22,R07,18,1,0,Clear,219
2025-04-22,R07,19,1,0,Rain,186
2025-04-22,R07,20,1,0,Clear,127
2025-04-22,R07,21,1,0,Rain,47
2025-04-22,R07,22,1,0,Cloudy,32
2025-04-22,R08,6,1,0,Clear,120
2025-04-22,R08,7,1,0,Cloudy,216
2025-04-22,R08,8,1,0,Clear,281
2025-04-22,R08,9,1,0,Clear,233
2025-04-22,R08,10,1,0,Cloudy,122
2025-04-22,R08,11,1,0,Rain,61
2025-04-22,R08,12,1,0,Cloudy,42
2025-04-22,R08,13,1,0,Cloudy,70
2025-04-22,R08,14,1,0,Clear,47
2025-04-22,R08,15,1,0,Clear,84
2025-04-22,R08,16,1,0,Clear,162
2025-04-22,R08,17,1,0,Rain,301
2025-04-22,R08,18,1,0,Cloudy,340
2025-04-22,R08,19,1,0,Cloudy,283
2025-04-22,R08,20,1,0,Clear,143
2025-04-22,R08,21,1,0,Cloudy,73
2025-04-22,R08,22,1,0,Cloudy,45
2025-04-23,R01,6,2,0,Clear,111
2025-04-23,R01,7,2,0,Clear,217
2025-04-23,R01,8,2,0,Clear,254
2025-04-23,R01,9,2,0,Cloudy,204
2025-04-23,R01,10,2,0,Clear,87
2025-04-23,R01,11,2,0,Cloudy,39
2025-04-23,R01,12,2,0,Rain,80
2025-04-23,R01,13,2,0,Cloudy,63
2025-04-23,R01,14,2,0,Cloudy,21
2025-04-23,R01,15,2,0,Cloudy,75
2025-04-23,R01,16,2,0,Rain,140
2025-04-23,R01,17,2,0,Clear,268
2025-04-23,R01,18,2,0,Cloudy,291
2025-04-23,R01,19,2,0,Cloudy,257
2025-04-23,R01,20,2,0,Clear,160
2025-04-23,R01,21,2,0,Rain,81
2025-04-23,R01,22,2,0,Clear,53
2025-04-23,R02,6,2,0,Clear,126
2025-04-23,R02,7,2,0,Clear,235
2025-04-23,R02,8,2,0,Clear,327
2025-04-23,R02,9,2,0,Cloudy,250
2025-04-23,R02,10,2,0,Clear,138
2025-04-23,R02,11,2,0,Clear,73
2025-04-23,R02,12,2,0,Cloudy,64
2025-04-23,R02,13,2,0,Clear,56
2025-04-23,R02,14,2,0,Cloudy,62
2025-04-23,R02,15,2,0,Clear,86
2025-04-23,R02,16,2,0,Cloudy,162
2025-04-23,R02,17,2,0,Clear,287
2025-04-23,R02,18,2,0,Clear,364
2025-04-23,R02,19,2,0,Cloudy,309
2025-04-23,R02,20,2,0,Clear,156
2025-04-23,R02,21,2,0,Clear,116
2025-04-23,R02,22,2,0,Cloudy,62
2025-04-23,R03,6,2,0,Clear,73
2025-04-23,R03,7,2,0,Clear,190
2025-04-23,R03,8,2,0,Cloudy,196
2025-04-23,R03,9,2,0,Clear,188
2025-04-23,R03,10,2,0,Clear,100
2025-04-23,R03,11,2,0,Clear,53
2025-04-23,R03,12,2,0,Cloudy,43
2025-04-23,R03,13,2,0,Clear,45
2025-04-23,R03,14,2,0,Clear,41
2025-04-23,R03,15,2,0,Clear,90
2025-04-23,R03,16,2,0,Clear,140
2025-04-23,R03,17,2,0,Clear,222
2025-04-23,R03,18,2,0,Cloudy,239
2025-04-23,R03,19,2,0,Cloudy,192
2025-04-23,R03,20,2,0,Clear,125
2025-04-23,R03,21,2,0,Clear,57
2025-04-23,R03,22,2,0,Clear,41
2025-04-23,R04,6,2,0,Clear,168
2025-04-23,R04,7,2,0,Clear,313
2025-04-23,R04,8,2,0,Cloudy,357
2025-04-23,R04,9,2,0,Clear,266
2025-04-23,R04,10,2,0,Rain,175
2025-04-23,R04,11,2,0,Clear,63
2025-04-23,R04,12,2,0,Cloudy,75
2025-04-23,R04,13,2,0,Clear,80
2025-04-23,R04,14,2,0,Clear,89
2025-04-23,R04,15,2,0,Cloudy,135
2025-04-23,R04,16,2,0,Clear,192
2025-04-23,R04,17,2,0,Cloudy,348
2025-04-23,R04,18,2,0,Clear,447
2025-04-23,R04,19,2,0,Clear,350
2025-04-23,R04,20,2,0,Clear,180
2025-04-23,R04,21,2,0,Clear,122
2025-04-23,R04,22,2,0,Clear,95
2025-04-23,R05,6,2,0,Clear,95
2025-04-23,R05,7,2,0,Clear,216
2025-04-23,R05,8,2,0,Clear,266
2025-04-23,R05,9,2,0,Cloudy,195
2025-04-23,R05,10,2,0,Cloudy,82
2025-04-23,R05,11,2,0,Clear,78
2025-04-23,R05,12,2,0,Clear,44
2025-04-23,R05,13,2,0,Cloudy,73
2025-04-23,R05,14,2,0,Clear,49
2025-04-23,R05,15,2,0,Cloudy,63
2025-04-23,R05,16,2,0,Cloudy,127
2025-04-23,R05,17,2,0,Clear,243
2025-04-23,R05,18,2,0,Clear,299
2025-04-23,R05,19,2,0,Cloudy,247
2025-04-23,R05,20,2,0,Clear,138
2025-04-23,R05,21,2,0,Clear,94
2025-04-23,R05,22,2,0,Clear,69
2025-04-23,R06,6,2,0,Clear,160
2025-04-23,R06,7,2,0,Cloudy,267
2025-04-23,R06,8,2,0,Cloudy,313
2025-04-23,R06,9,2,0,Clear,285
2025-04-23,R06,10,2,0,Clear,162
2025-04-23,R06,11,2,0,Clear,101
2025-04-23,R06,12,2,0,Clear,42
2025-04-23,R06,13,2,0,Clear,79
2025-04-23,R06,14,2,0,Clear,47
2025-04-23,R06,15,2,0,Clear,107
2025-04-23,R06,16,2,0,Cloudy,181
2025-04-23,R06,17,2,0,Rain,342
2025-04-23,R06,18,2,0,Cloudy,374
2025-04-23,R06,19,2,0,Cloudy,302
2025-04-23,R06,20,2,0,Rain,211
2025-04-23,R06,21,2,0,Rain,108
2025-04-23,R06,22,2,0,Clear,74
2025-04-23,R07,6,2,0,Clear,81
2025-04-23,R07,7,2,0,Clear,191
2025-04-23,R07,8,2,0,Cloudy,195
2025-04-23,R07,9,2,0,Clear,152
2025-04-23,R07,10,2,0,Cloudy,73
2025-04-23,R07,11,2,0,Clear,58
2025-04-23,R07,12,2,0,Rain,84
2025-04-23,R07,13,2,0,Clear,55
2025-04-23,R07,14,2,0,Cloudy,38
2025-04-23,R07,15,2,0,Rain,39
2025-04-23,R07,16,2,0,Clear,96
2025-04-23,R07,17,2,0,Clear,178
2025-04-23,R07,18,2,0,Clear,204
2025-04-23,R07,19,2,0,Cloudy,173
2025-04-23,R07,20,2,0,Cloudy,110
2025-04-23,R07,21,2,0,Clear,52
2025-04-23,R07,22,2,0,Clear,53
2025-04-23,R08,6,2,0,Cloudy,114
2025-04-23,R08,7,2,0,Cloudy,207
2025-04-23,R08,8,2,0,Clear,297
2025-04-23,R08,9,2,0,Clear,229
2025-04-23,R08,10,2,0,Rain,120
2025-04-23,R08,11,2,0,Cloudy,53
2025-04-23,R08,12,2,0,Clear,31
2025-04-23,R08,13,2,0,Clear,29
2025-04-23,R08,14,2,0,Clear,55
2025-04-23,R08,15,2,0,Rain,86
2025-04-23,R08,16,2,0,Clear,192
2025-04-23,R08,17,2,0,Cloudy,254
2025-04-23,R08,18,2,0,Clear,343
2025-04-23,R08,19,2,0,Clear,287
2025-04-23,R08,20,2,0,Cloudy,168
2025-04-23,R08,21,2,0,Clear,106
2025-04-23,R08,22,2,0,Clear,64
2025-04-24,R01,6,3,0,Clear,115
2025-04-24,R01,7,3,0,Clear,208
2025-04-24,R01,8,3,0,Clear,280
2025-04-24,R01,9,3,0,Clear,237
2025-04-24,R01,10,3,0,Cloudy,111
2025-04-24,R01,11,3,0,Cloudy,67
2025-04-24,R01,12,3,0,Clear,64
2025-04-24,R01,13,3,0,Clear,56
2025-04-24,R01,14,3,0,Rain,68
2025-04-24,R01,15,3,0,Clear,83
2025-04-24,R01,16,3,0,Rain,149
2025-04-24,R01,17,3,0,Cloudy,244
2025-04-24,R01,18,3,0,Clear,320
2025-04-24,R01,19,3,0,Cloudy,267
2025-04-24,R01,20,3,0,Rain,153
2025-04-24,R01,21,3,0,Rain,89
2025-04-24,R01,22,3,0,Clear,50
2025-04-24,R02,6,3,0,Clear,161
2025-04-24,R02,7,3,0,Clear,274
2025-04-24,R02,8,3,0,Clear,331
2025-04-24,R02,9,3,0,Cloudy,204
2025-04-24,R02,10,3,0,Clear,154
2025-04-24,R02,11,3,0,Clear,55
2025-04-24,R02,12,3,0,Clear,35
2025-04-24,R02,13,3,0,Clear,73
2025-04-24,R02,14,3,0,Clear,72
2025-04-24,R02,15,3,0,Clear,98
2025-04-24,R02,16,3,0,Clear,166
2025-04-24,R02,17,3,0,Clear,282
2025-04-24,R02,18,3,0,Clear,338
2025-04-24,R02,19,3,0,Clear,310
2025-04-24,R02,20,3,0,Cloudy,146
2025-04-24,R02,21,3,0,Clear,100
2025-04-24,R02,22,3,0,Clear,48
2025-04-24,R03,6,3,0,Clear,99
2025-04-24,R03,7,3,0,Clear,164
2025-04-24,R03,8,3,0,Clear,241
2025-04-24,R03,9,3,0,Clear,184
2025-04-24,R03,10,3,0,Clear,97
2025-04-24,R03,11,3,0,Rain,45
2025-04-24,R03,12,3,0,Clear,21
2025-04-24,R03,13,3,0,Clear,47
2025-04-24,R03,14,3,0,Cloudy,34
2025-04-24,R03,15,3,0,Cloudy,61
2025-04-24,R03,16,3,0,Clear,121
2025-04-24,R03,17,3,0,Cloudy,198
2025-04-24,R03,18,3,0,Clear,277
2025-04-24,R03,19,3,0,Rain,232
2025-04-24,R03,20,3,0,Clear,107
2025-04-24,R03,21,3,0,Cloudy,70
2025-04-24,R03,22,3,0,Cloudy,51
2025-04-24,R04,6,3,0,Clear,147
2025-04-24,R04,7,3,0,Clear,282
2025-04-24,R04,8,3,0,Clear,381
2025-04-24,R04,9,3,0,Clear,277
2025-04-24,R04,10,3,0,Clear,162
2025-04-24,R04,11,3,0,Cloudy,102
2025-04-24,R04,12,3,0,Clear,78
2025-04-24,R04,13,3,0,Cloudy,86
2025-04-24,R04,14,3,0,Rain,82
2025-04-24,R04,15,3,0,Clear,106
2025-04-24,R04,16,3,0,Clear,202
2025-04-24,R04,17,3,0,Clear,354
2025-04-24,R04,18,3,0,Rain,476
2025-04-24,R04,19,3,0,Cloudy,315
2025-04-24,R04,20,3,0,Cloudy,187
2025-04-24,R04,21,3,0,Clear,121
2025-04-24,R04,22,3,0,Rain,66
2025-04-24,R05,6,3,0,Clear,69
2025-04-24,R05,7,3,0,Clear,209
2025-04-24,R05,8,3,0,Clear,271
2025-04-24,R05,9,3,0,Clear,213
2025-04-24,R05,10,3,0,Clear,89
2025-04-24,R05,11,3,0,Rain,52
2025-04-24,R05,12,3,0,Clear,64
2025-04-24,R05,13,3,0,Clear,63
2025-04-24,R05,14,3,0,Clear,52
2025-04-24,R05,15,3,0,Cloudy,74
2025-04-24,R05,16,3,0,Rain,141
2025-04-24,R05,17,3,0,Clear,227
2025-04-24,R05,18,3,0,Clear,276
2025-04-24,R05,19,3,0,Clear,226
2025-04-24,R05,20,3,0,Cloudy,137
2025-04-24,R05,21,3,0,Clear,72
2025-04-24,R05,22,3,0,Clear,54
2025-04-24,R06,6,3,0,Cloudy,138
2025-04-24,R06,7,3,0,Cloudy,241
2025-04-24,R06,8,3,0,Clear,353
2025-04-24,R06,9,3,0,Clear,290
2025-04-24,R06,10,3,0,Clear,130
2025-04-24,R06,11,3,0,Clear,79
2025-04-24,R06,12,3,0,Clear,74
2025-04-24,R06,13,3,0,Clear,78
2025-04-24,R06,14,3,0,Cloudy,71
2025-04-24,R06,15,3,0,Rain,93
2025-04-24,R06,16,3,0,Clear,159
2025-04-24,R06,17,3,0,Clear,317
2025-04-24,R06,18,3,0,Cloudy,370
2025-04-24,R06,19,3,0,Cloudy,318
2025-04-24,R06,20,3,0,Clear,179
2025-04-24,R06,21,3,0,Rain,91
2025-04-24,R06,22,3,0,Clear,57
2025-04-24,R07,6,3,0,Cloudy,86
2025-04-24,R07,7,3,0,Clear,157
2025-04-24,R07,8,3,0,Clear,198
2025-04-24,R07,9,3,0,Cloudy,163
2025-04-24,R07,10,3,0,Clear,53
2025-04-24,R07,11,3,0,Clear,59
2025-04-24,R07,12,3,0,Clear,10
2025-04-24,R07,13,3,0,Clear,48
2025-04-24,R07,14,3,0,Rain,46
2025-04-24,R07,15,3,0,Cloudy,54
2025-04-24,R07,16,3,0,Clear,108
2025-04-24,R07,17,3,0,Cloudy,187
2025-04-24,R07,18,3,0,Clear,212
2025-04-24,R07,19,3,0,Clear,194
2025-04-24,R07,20,3,0,Cloudy,113
2025-04-24,R07,21,3,0,Clear,55
2025-04-24,R07,22,3,0,Cloudy,28
2025-04-24,R08,6,3,0,Clear,104
2025-04-24,R08,7,3,0,Clear,279
2025-04-24,R08,8,3,0,Cloudy,290
2025-04-24,R08,9,3,0,Cloudy,200
2025-04-24,R08,10,3,0,Clear,114
2025-04-24,R08,11,3,0,Cloudy,58
2025-04-24,R08,12,3,0,Clear,69
2025-04-24,R08,13,3,0,Cloudy,38
2025-04-24,R08,14,3,0,Cloudy,48
2025-04-24,R08,15,3,0,Clear,96
2025-04-24,R08,16,3,0,Clear,157
2025-04-24,R08,17,3,0,Cloudy,267
2025-04-24,R08,18,3,0,Rain,364
2025-04-24,R08,19,3,0,Cloudy,249
2025-04-24,R08,20,3,0,Clear,147
2025-04-24,R08,21,3,0,Rain,93
2025-04-24,R08,22,3,0,Cloudy,57
2025-04-25,R01,6,4,0,Clear,119
2025-04-25,R01,7,4,0,Clear,234
2025-04-25,R01,8,4,0,Clear,270
2025-04-25,R01,9,4,0,Cloudy,183
2025-04-25,R01,10,4,0,Clear,127
2025-04-25,R01,11,4,0,Clear,67
2025-04-25,R01,12,4,0,Cloudy,58
2025-04-25,R01,13,4,0,Clear,18
2025-04-25,R01,14,4,0,Rain,63
2025-04-25,R01,15,4,0,Clear,70
2025-04-25,R01,16,4,0,Clear,140
2025-04-25,R01,17,4,0,Clear,247
2025-04-25,R01,18,4,0,Clear,335
2025-04-25,R01,19,4,0,Cloudy,273
2025-04-25,R01,20,4,0,Clear,156
2025-04-25,R01,21,4,0,Clear,74
2025-04-25,R01,22,4,0,Clear,45
2025-04-25,R02,6,4,0,Clear,143
2025-04-25,R02,7,4,0,Clear,238
2025-04-25,R02,8,4,0,Clear,336
2025-04-25,R02,9,4,0,Clear,247
2025-04-25,R02,10,4,0,Clear,101
2025-04-25,R02,11,4,0,Clear,98
2025-04-25,R02,12,4,0,Clear,71
2025-04-25,R02,13,4,0,Clear,39
2025-04-25,R02,14,4,0,Clear,78
2025-04-25,R02,15,4,0,Clear,81
2025-04-25,R02,16,4,0,Clear,188
2025-04-25,R02,17,4,0,Clear,303
2025-04-25,R02,18,4,0,Clear,374
2025-04-25,R02,19,4,0,Cloudy,287
2025-04-25,R02,20,4,0,Cloudy,163
2025-04-25,R02,21,4,0,Clear,77
2025-04-25,R02,22,4,0,Clear,87
2025-04-25,R03,6,4,0,Cloudy,97
2025-04-25,R03,7,4,0,Clear,161
2025-04-25,R03,8,4,0,Clear,220
2025-04-25,R03,9,4,0,Cloudy,191
2025-04-25,R03,10,4,0,Clear,75
2025-04-25,R03,11,4,0,Rain,65
2025-04-25,R03,12,4,0,Rain,31
2025-04-25,R03,13,4,0,Clear,31
2025-04-25,R03,14,4,0,Clear,44
2025-04-25,R03,15,4,0,Clear,70
2025-04-25,R03,16,4,0,Cloudy,116
2025-04-25,R03,17,4,0,Cloudy,182
2025-04-25,R03,18,4,0,Rain,308
2025-04-25,R03,19,4,0,Rain,242
2025-04-25,R03,20,4,0,Cloudy,131
2025-04-25,R03,21,4,0,Clear,62
2025-04-25,R03,22,4,0,Clear,55
2025-04-25,R04,6,4,0,Clear,174
2025-04-25,R04,7,4,0,Cloudy,281
2025-04-25,R04,8,4,0,Rain,418
2025-04-25,R04,9,4,0,Cloudy,283
2025-04-25,R04,10,4,0,Rain,179
2025-04-25,R04,11,4,0,Cloudy,86
2025-04-25,R04,12,4,0,Clear,81
2025-04-25,R04,13,4,0,Cloudy,62
2025-04-25,R04,14,4,0,Cloudy,90
2025-04-25,R04,15,4,0,Clear,76
2025-04-25,R04,16,4,0,Clear,210
2025-04-25,R04,17,4,0,Cloudy,347
2025-04-25,R04,18,4,0,Clear,419
2025-04-25,R04,19,4,0,Rain,377
2025-04-25,R04,20,4,0,Cloudy,209
2025-04-25,R04,21,4,0,Clear,115
2025-04-25,R04,22,4,0,Cloudy,80
2025-04-25,R05,6,4,0,Cloudy,101
2025-04-25,R05,7,4,0,Cloudy,191
2025-04-25,R05,8,4,0,Cloudy,246
2025-04-25,R05,9,4,0,Clear,203
2025-04-25,R05,10,4,0,Cloudy,101
2025-04-25,R05,11,4,0,Clear,69
2025-04-25,R05,12,4,0,Clear,44
2025-04-25,R05,13,4,0,Clear,33
2025-04-25,R05,14,4,0,Clear,71
2025-04-25,R05,15,4,0,Clear,65
2025-04-25,R05,16,4,0,Clear,135
2025-04-25,R05,17,4,0,Clear,225
2025-04-25,R05,18,4,0,Clear,305
2025-04-25,R05,19,4,0,Clear,236
2025-04-25,R05,20,4,0,Clear,125
2025-04-25,R05,21,4,0,Cloudy,83
2025-04-25,R05,22,4,0,Rain,83
2025-04-25,R06,6,4,0,Clear,138
2025-04-25,R06,7,4,0,Cloudy,266
2025-04-25,R06,8,4,0,Clear,354
2025-04-25,R06,9,4,0,Clear,275
2025-04-25,R06,10,4,0,Clear,129
2025-04-25,R06,11,4,0,Clear,84
2025-04-25,R06,12,4,0,Rain,81
2025-04-25,R06,13,4,0,Clear,93
2025-04-25,R06,14,4,0,Clear,41
2025-04-25,R06,15,4,0,Clear,107
2025-04-25,R06,16,4,0,Clear,187
2025-04-25,R06,17,4,0,Rain,352
2025-04-25,R06,18,4,0,Cloudy,391
2025-04-25,R06,19,4,0,Clear,314
2025-04-25,R06,20,4,0,Clear,210
2025-04-25,R06,21,4,0,Cloudy,63
2025-04-25,R06,22,4,0,Clear,64
2025-04-25,R07,6,4,0,Rain,106
2025-04-25,R07,7,4,0,Clear,160
2025-04-25,R07,8,4,0,Rain,212
2025-04-25,R07,9,4,0,Clear,150
2025-04-25,R07,10,4,0,Clear,91
2025-04-25,R07,11,4,0,Cloudy,32
2025-04-25,R07,12,4,0,Clear,58
2025-04-25,R07,13,4,0,Clear,36
2025-04-25,R07,14,4,0,Clear,37
2025-04-25,R07,15,4,0,Clear,62
2025-04-25,R07,16,4,0,Clear,87
2025-04-25,R07,17,4,0,Clear,189
2025-04-25,R07,18,4,0,Clear,261
2025-04-25,R07,19,4,0,Clear,185
2025-04-25,R07,20,4,0,Rain,120
2025-04-25,R07,21,4,0,Cloudy,65
2025-04-25,R07,22,4,0,Cloudy,58
2025-04-25,R08,6,4,0,Rain,144
2025-04-25,R08,7,4,0,Clear,237
2025-04-25,R08,8,4,0,Clear,320
2025-04-25,R08,9,4,0,Clear,228
2025-04-25,R08,10,4,0,Clear,148
2025-04-25,R08,11,4,0,Clear,86
2025-04-25,R08,12,4,0,Cloudy,66
2025-04-25,R08,13,4,0,Clear,61
2025-04-25,R08,14,4,0,Clear,70
2025-04-25,R08,15,4,0,Clear,95
2025-04-25,R08,16,4,0,Cloudy,158
2025-04-25,R08,17,4,0,Clear,276
2025-04-25,R08,18,4,0,Clear,359
2025-04-25,R08,19,4,0,Cloudy,250
2025-04-25,R08,20,4,0,Clear,149
2025-04-25,R08,21,4,0,Cloudy,102
2025-04-25,R08,22,4,0,Clear,45
2025-04-26,R01,6,5,1,Clear,97
2025-04-26,R01,7,5,1,Clear,134
2025-04-26,R01,8,5,1,Rain,207
2025-04-26,R01,9,5,1,Cloudy,139
2025-04-26,R01,10,5,1,Cloudy,54
2025-04-26,R01,11,5,1,Clear,52
2025-04-26,R01,12,5,1,Clear,17
2025-04-26,R01,13,5,1,Cloudy,15
2025-04-26,R01,14,5,1,Cloudy,16
2025-04-26,R01,15,5,1,Cloudy,21
2025-04-26,R01,16,5,1,Clear,114
2025-04-26,R01,17,5,1,Clear,169
2025-04-26,R01,18,5,1,Cloudy,199
2025-04-26,R01,19,5,1,Clear,174
2025-04-26,R01,20,5,1,Rain,105
2025-04-26,R01,21,5,1,Clear,38
2025-04-26,R01,22,5,1,Clear,29
2025-04-26,R02,6,5,1,Rain,101
2025-04-26,R02,7,5,1,Rain,176
2025-04-26,R02,8,5,1,Clear,217
2025-04-26,R02,9,5,1,Clear,190
2025-04-26,R02,10,5,1,Cloudy,80
2025-04-26,R02,11,5,1,Cloudy,54
2025-04-26,R02,12,5,1,Clear,10
2025-04-26,R02,13,5,1,Clear,48
2025-04-26,R02,14,5,1,Clear,20
2025-04-26,R02,15,5,1,Clear,71
2025-04-26,R02,16,5,1,Cloudy,125
2025-04-26,R02,17,5,1,Cloudy,201
2025-04-26,R02,18,5,1,Rain,275
2025-04-26,R02,19,5,1,Clear,188
2025-04-26,R02,20,5,1,Clear,126
2025-04-26,R02,21,5,1,Cloudy,52
2025-04-26,R02,22,5,1,Clear,41
2025-04-26,R03,6,5,1,Clear,53
2025-04-26,R03,7,5,1,Clear,120
2025-04-26,R03,8,5,1,Clear,153
2025-04-26,R03,9,5,1,Clear,107
2025-04-26,R03,10,5,1,Clear,70
2025-04-26,R03,11,5,1,Clear,57
2025-04-26,R03,12,5,1,Clear,43
2025-04-26,R03,13,5,1,Clear,51
2025-04-26,R03,14,5,1,Clear,23
2025-04-26,R03,15,5,1,Cloudy,28
2025-04-26,R03,16,5,1,Clear,57
2025-04-26,R03,17,5,1,Clear,139
2025-04-26,R03,18,5,1,Clear,174
2025-04-26,R03,19,5,1,Cloudy,136
2025-04-26,R03,20,5,1,Clear,67
2025-04-26,R03,21,5,1,Rain,50
2025-04-26,R03,22,5,1,Cloudy,28
2025-04-26,R04,6,5,1,Cloudy,103
2025-04-26,R04,7,5,1,Clear,206
2025-04-26,R04,8,5,1,Cloudy,229
2025-04-26,R04,9,5,1,Rain,221
2025-04-26,R04,10,5,1,Cloudy,114
2025-04-26,R04,11,5,1,Cloudy,60
2025-04-26,R04,12,5,1,Cloudy,44
2025-04-26,R04,13,5,1,Clear,36
2025-04-26,R04,14,5,1,Clear,46
2025-04-26,R04,15,5,1,Cloudy,47
2025-04-26,R04,16,5,1,Cloudy,138
2025-04-26,R04,17,5,1,Clear,227
2025-04-26,R04,18,5,1,Rain,307
2025-04-26,R04,19,5,1,Clear,219
2025-04-26,R04,20,5,1,Cloudy,117
2025-04-26,R04,21,5,1,Cloudy,60
2025-04-26,R04,22,5,1,Clear,67
2025-04-26,R05,6,5,1,Clear,65
2025-04-26,R05,7,5,1,Clear,161
2025-04-26,R05,8,5,1,Clear,197
2025-04-26,R05,9,5,1,Rain,171
2025-04-26,R05,10,5,1,Cloudy,78
2025-04-26,R05,11,5,1,Cloudy,16
2025-04-26,R05,12,5,1,Cloudy,46
2025-04-26,R05,13,5,1,Cloudy,10
2025-04-26,R05,14,5,1,Clear,21
2025-04-26,R05,15,5,1,Clear,43
2025-04-26,R05,16,5,1,Clear,86
2025-04-26,R05,17,5,1,Clear,178
2025-04-26,R05,18,5,1,Clear,214
2025-04-26,R05,19,5,1,Rain,181
2025-04-26,R05,20,5,1,Clear,103
2025-04-26,R05,21,5,1,Clear,52
2025-04-26,R05,22,5,1,Cloudy,32
2025-04-26,R06,6,5,1,Clear,93
2025-04-26,R06,7,5,1,Rain,192
2025-04-26,R06,8,5,1,Clear,203
2025-04-26,R06,9,5,1,Clear,196
2025-04-26,R06,10,5,1,Cloudy,82
2025-04-26,R06,11,5,1,Cloudy,42
2025-04-26,R06,12,5,1,Clear,32
2025-04-26,R06,13,5,1,Cloudy,43
2025-04-26,R06,14,5,1,Clear,52
2025-04-26,R06,15,5,1,Clear,57
2025-04-26,R06,16,5,1,Clear,125
2025-04-26,R06,17,5,1,Clear,211
2025-04-26,R06,18,5,1,Rain,307
2025-04-26,R06,19,5,1,Cloudy,210
2025-04-26,R06,20,5,1,Clear,98
2025-04-26,R06,21,5,1,Clear,72
2025-04-26,R06,22,5,1,Clear,47
2025-04-26,R07,6,5,1,Clear,45
2025-04-26,R07,7,5,1,Cloudy,86
2025-04-26,R07,8,5,1,Cloudy,138
2025-04-26,R07,9,5,1,Clear,117
2025-04-26,R07,10,5,1,Clear,58
2025-04-26,R07,11,5,1,Rain,26
2025-04-26,R07,12,5,1,Clear,13
2025-04-26,R07,13,5,1,Cloudy,12
2025-04-26,R07,14,5,1,Clear,21
2025-04-26,R07,15,5,1,Clear,52
2025-04-26,R07,16,5,1,Cloudy,44
2025-04-26,R07,17,5,1,Clear,126
2025-04-26,R07,18,5,1,Clear,150
2025-04-26,R07,19,5,1,Clear,131
2025-04-26,R07,20,5,1,Clear,58
2025-04-26,R07,21,5,1,Cloudy,32
2025-04-26,R07,22,5,1,Clear,37
2025-04-26,R08,6,5,1,Clear,88
2025-04-26,R08,7,5,1,Clear,156
2025-04-26,R08,8,5,1,Rain,217
2025-04-26,R08,9,5,1,Cloudy,170
2025-04-26,R08,10,5,1,Cloudy,63
2025-04-26,R08,11,5,1,Cloudy,64
2025-04-26,R08,12,5,1,Rain,43
2025-04-26,R08,13,5,1,Clear,35
2025-04-26,R08,14,5,1,Cloudy,51
2025-04-26,R08,15,5,1,Clear,72
2025-04-26,R08,16,5,1,Clear,111
2025-04-26,R08,17,5,1,Clear,198
2025-04-26,R08,18,5,1,Clear,221
2025-04-26,R08,19,5,1,Cloudy,178
2025-04-26,R08,20,5,1,Clear,101
2025-04-26,R08,21,5,1,Cloudy,72
2025-04-26,R08,22,5,1,Clear,56
2025-04-27,R01,6,6,1,Clear,63
2025-04-27,R01,7,6,1,Clear,131
2025-04-27,R01,8,6,1,Clear,187
2025-04-27,R01,9,6,1,Cloudy,159
2025-04-27,R01,10,6,1,Cloudy,68
2025-04-27,R01,11,6,1,Clear,73
2025-04-27,R01,12,6,1,Clear,16
2025-04-27,R01,13,6,1,Cloudy,22
2025-04-27,R01,14,6,1,Rain,24
2025-04-27,R01,15,6,1,Cloudy,50
2025-04-27,R01,16,6,1,Clear,94
2025-04-27,R01,17,6,1,Clear,194
2025-04-27,R01,18,6,1,Clear,208
2025-04-27,R01,19,6,1,Clear,186
2025-04-27,R01,20,6,1,Clear,85
2025-04-27,R01,21,6,1,Cloudy,45
2025-04-27,R01,22,6,1,Rain,15
2025-04-27,R02,6,6,1,Clear,113
2025-04-27,R02,7,6,1,Clear,172
2025-04-27,R02,8,6,1,Clear,234
2025-04-27,R02,9,6,1,Clear,153
2025-04-27,R02,10,6,1,Cloudy,68
2025-04-27,R02,11,6,1,Clear,36
2025-04-27,R02,12,6,1,Clear,32
2025-04-27,R02,13,6,1,Rain,58
2025-04-27,R02,14,6,1,Clear,36
2025-04-27,R02,15,6,1,Clear,68
2025-04-27,R02,16,6,1,Rain,154
2025-04-27,R02,17,6,1,Clear,202
2025-04-27,R02,18,6,1,Cloudy,219
2025-04-27,R02,19,6,1,Cloudy,179
2025-04-27,R02,20,6,1,Cloudy,119
2025-04-27,R02,21,6,1,Cloudy,49
2025-04-27,R02,22,6,1,Cloudy,19
2025-04-27,R03,6,6,1,Clear,102
2025-04-27,R03,7,6,1,Cloudy,129
2025-04-27,R03,8,6,1,Clear,143
2025-04-27,R03,9,6,1,Cloudy,143
2025-04-27,R03,10,6,1,Clear,98
2025-04-27,R03,11,6,1,Clear,61
2025-04-27,R03,12,6,1,Clear,24
2025-04-27,R03,13,6,1,Cloudy,25
2025-04-27,R03,14,6,1,Rain,40
2025-04-27,R03,15,6,1,Clear,32
2025-04-27,R03,16,6,1,Rain,104
2025-04-27,R03,17,6,1,Clear,148
2025-04-27,R03,18,6,1,Clear,190
2025-04-27,R03,19,6,1,Clear,137
2025-04-27,R03,20,6,1,Cloudy,80
2025-04-27,R03,21,6,1,Rain,30
2025-04-27,R03,22,6,1,Clear,22
2025-04-27,R04,6,6,1,Clear,101
2025-04-27,R04,7,6,1,Clear,207
2025-04-27,R04,8,6,1,Clear,268
2025-04-27,R04,9,6,1,Clear,184
2025-04-27,R04,10,6,1,Rain,134
2025-04-27,R04,11,6,1,Cloudy,60
2025-04-27,R04,12,6,1,Rain,60
2025-04-27,R04,13,6,1,Clear,58
2025-04-27,R04,14,6,1,Clear,36
2025-04-27,R04,15,6,1,Clear,88
2025-04-27,R04,16,6,1,Clear,126
2025-04-27,R04,17,6,1,Clear,234
2025-04-27,R04,18,6,1,Cloudy,269
2025-04-27,R04,19,6,1,Clear,265
2025-04-27,R04,20,6,1,Cloudy,115
2025-04-27,R04,21,6,1,Clear,96
2025-04-27,R04,22,6,1,Cloudy,67
2025-04-27,R05,6,6,1,Cloudy,52
2025-04-27,R05,7,6,1,Clear,131
2025-04-27,R05,8,6,1,Clear,171
2025-04-27,R05,9,6,1,Rain,164
2025-04-27,R05,10,6,1,Clear,92
2025-04-27,R05,11,6,1,Clear,32
2025-04-27,R05,12,6,1,Clear,12
2025-04-27,R05,13,6,1,Clear,41
2025-04-27,R05,14,6,1,Clear,36
2025-04-27,R05,15,6,1,Cloudy,28
2025-04-27,R05,16,6,1,Clear,102
2025-04-27,R05,17,6,1,Cloudy,156
2025-04-27,R05,18,6,1,Clear,189
2025-04-27,R05,19,6,1,Clear,159
2025-04-27,R05,20,6,1,Rain,129
2025-04-27,R05,21,6,1,Clear,16
2025-04-27,R05,22,6,1,Clear,21
2025-04-27,R06,6,6,1,Clear,79
2025-04-27,R06,7,6,1,Clear,181
2025-04-27,R06,8,6,1,Cloudy,225
2025-04-27,R06,9,6,1,Clear,183
2025-04-27,R06,10,6,1,Cloudy,92
2025-04-27,R06,11,6,1,Rain,62
2025-04-27,R06,12,6,1,Rain,40
2025-04-27,R06,13,6,1,Clear,77
2025-04-27,R06,14,6,1,Clear,47
2025-04-27,R06,15,6,1,Clear,48
2025-04-27,R06,16,6,1,Clear,124
2025-04-27,R06,17,6,1,Clear,228
2025-04-27,R06,18,6,1,Cloudy,264
2025-04-27,R06,19,6,1,Clear,226
2025-04-27,R06,20,6,1,Cloudy,120
2025-04-27,R06,21,6,1,Clear,52
2025-04-27,R06,22,6,1,Clear,50
2025-04-27,R07,6,6,1,Clear,55
2025-04-27,R07,7,6,1,Clear,97
2025-04-27,R07,8,6,1,Cloudy,129
2025-04-27,R07,9,6,1,Clear,119
2025-04-27,R07,10,6,1,Cloudy,32
2025-04-27,R07,11,6,1,Cloudy,16
2025-04-27,R07,12,6,1,Cloudy,10
2025-04-27,R07,13,6,1,Clear,34
2025-04-27,R07,14,6,1,Clear,10
2025-04-27,R07,15,6,1,Clear,54
2025-04-27,R07,16,6,1,Clear,69
2025-04-27,R07,17,6,1,Cloudy,125
2025-04-27,R07,18,6,1,Cloudy,155
2025-04-27,R07,19,6,1,Clear,125
2025-04-27,R07,20,6,1,Clear,90
2025-04-27,R07,21,6,1,Cloudy,37
2025-04-27,R07,22,6,1,Cloudy,28
2025-04-27,R08,6,6,1,Clear,68
2025-04-27,R08,7,6,1,Clear,187
2025-04-27,R08,8,6,1,Clear,221
2025-04-27,R08,9,6,1,Cloudy,138
2025-04-27,R08,10,6,1,Clear,68
2025-04-27,R08,11,6,1,Clear,42
2025-04-27,R08,12,6,1,Clear,34
2025-04-27,R08,13,6,1,Clear,37
2025-04-27,R08,14,6,1,Clear,57
2025-04-27,R08,15,6,1,Clear,75
2025-04-27,R08,16,6,1,Clear,122
2025-04-27,R08,17,6,1,Clear,166
2025-04-27,R08,18,6,1,Clear,259
2025-04-27,R08,19,6,1,Cloudy,195
2025-04-27,R08,20,6,1,Clear,118
2025-04-27,R08,21,6,1,Rain,60
2025-04-27,R08,22,6,1,Clear,47
2025-04-28,R01,6,0,0,Clear,96
2025-04-28,R01,7,0,0,Rain,246
2025-04-28,R01,8,0,0,Cloudy,275
2025-04-28,R01,9,0,0,Clear,222
2025-04-28,R01,10,0,0,Rain,124
2025-04-28,R01,11,0,0,Clear,81
2025-04-28,R01,12,0,0,Clear,83
2025-04-28,R01,13,0,0,Cloudy,55
2025-04-28,R01,14,0,0,Clear,21
2025-04-28,R01,15,0,0,Rain,98
2025-04-28,R01,16,0,0,Clear,147
2025-04-28,R01,17,0,0,Clear,252
2025-04-28,R01,18,0,0,Clear,331
2025-04-28,R01,19,0,0,Clear,285
2025-04-28,R01,20,0,0,Cloudy,130
2025-04-28,R01,21,0,0,Clear,63
2025-04-28,R01,22,0,0,Clear,47
2025-04-28,R02,6,0,0,Clear,127
2025-04-28,R02,7,0,0,Clear,276
2025-04-28,R02,8,0,0,Cloudy,327
2025-04-28,R02,9,0,0,Rain,275
2025-04-28,R02,10,0,0,Clear,140
2025-04-28,R02,11,0,0,Cloudy,56
2025-04-28,R02,12,0,0,Clear,59
2025-04-28,R02,13,0,0,Clear,44
2025-04-28,R02,14,0,0,Clear,60
2025-04-28,R02,15,0,0,Cloudy,72
2025-04-28,R02,16,0,0,Rain,210
2025-04-28,R02,17,0,0,Clear,308
2025-04-28,R02,18,0,0,Clear,380
2025-04-28,R02,19,0,0,Clear,295
2025-04-28,R02,20,0,0,Rain,187
2025-04-28,R02,21,0,0,Cloudy,88
2025-04-28,R02,22,0,0,Clear,91
2025-04-28,R03,6,0,0,Clear,96
2025-04-28,R03,7,0,0,Cloudy,189
2025-04-28,R03,8,0,0,Clear,224
2025-04-28,R03,9,0,0,Rain,198
2025-04-28,R03,10,0,0,Cloudy,106
2025-04-28,R03,11,0,0,Cloudy,60
2025-04-28,R03,12,0,0,Clear,31
2025-04-28,R03,13,0,0,Clear,47
2025-04-28,R03,14,0,0,Clear,51
2025-04-28,R03,15,0,0,Cloudy,69
2025-04-28,R03,16,0,0,Rain,124
2025-04-28,R03,17,0,0,Clear,195
2025-04-28,R03,18,0,0,Cloudy,266
2025-04-28,R03,19,0,0,Cloudy,231
2025-04-28,R03,20,0,0,Cloudy,123
2025-04-28,R03,21,0,0,Clear,59
2025-04-28,R03,22,0,0,Clear,63
2025-04-28,R04,6,0,0,Cloudy,135
2025-04-28,R04,7,0,0,Rain,313
2025-04-28,R04,8,0,0,Clear,399
2025-04-28,R04,9,0,0,Clear,325
2025-04-28,R04,10,0,0,Clear,150
2025-04-28,R04,11,0,0,Clear,76
2025-04-28,R04,12,0,0,Clear,70
2025-04-28,R04,13,0,0,Clear,54
2025-04-28,R04,14,0,0,Cloudy,50
2025-04-28,R04,15,0,0,Cloudy,80
2025-04-28,R04,16,0,0,Cloudy,193
2025-04-28,R04,17,0,0,Cloudy,327
2025-04-28,R04,18,0,0,Clear,445
2025-04-28,R04,19,0,0,Cloudy,350
2025-04-28,R04,20,0,0,Clear,208
2025-04-28,R04,21,0,0,Clear,92
2025-04-28,R04,22,0,0,Clear,47
2025-04-28,R05,6,0,0,Clear,106
2025-04-28,R05,7,0,0,Rain,222
2025-04-28,R05,8,0,0,Clear,253
2025-04-28,R05,9,0,0,Clear,215
2025-04-28,R05,10,0,0,Clear,119
2025-04-28,R05,11,0,0,Clear,65
2025-04-28,R05,12,0,0,Cloudy,77
2025-04-28,R05,13,0,0,Clear,30
2025-04-28,R05,14,0,0,Clear,48
2025-04-28,R05,15,0,0,Clear,45
2025-04-28,R05,16,0,0,Rain,155
2025-04-28,R05,17,0,0,Clear,240
2025-04-28,R05,18,0,0,Clear,295
2025-04-28,R05,19,0,0,Clear,256
2025-04-28,R05,20,0,0,Clear,131
2025-04-28,R05,21,0,0,Cloudy,58
2025-04-28,R05,22,0,0,Rain,66
2025-04-28,R06,6,0,0,Clear,154
2025-04-28,R06,7,0,0,Clear,253
2025-04-28,R06,8,0,0,Cloudy,344
2025-04-28,R06,9,0,0,Rain,328
2025-04-28,R06,10,0,0,Clear,122
2025-04-28,R06,11,0,0,Clear,91
2025-04-28,R06,12,0,0,Clear,68
2025-04-28,R06,13,0,0,Clear,65
2025-04-28,R06,14,0,0,Clear,85
2025-04-28,R06,15,0,0,Clear,101
2025-04-28,R06,16,0,0,Clear,188
2025-04-28,R06,17,0,0,Clear,317
2025-04-28,R06,18,0,0,Clear,415
2025-04-28,R06,19,0,0,Clear,303
2025-04-28,R06,20,0,0,Clear,199
2025-04-28,R06,21,0,0,Cloudy,81
2025-04-28,R06,22,0,0,Clear,68
2025-04-28,R07,6,0,0,Clear,71
2025-04-28,R07,7,0,0,Clear,153
2025-04-28,R07,8,0,0,Clear,190
2025-04-28,R07,9,0,0,Clear,154
2025-04-28,R07,10,0,0,Clear,99
2025-04-28,R07,11,0,0,Clear,40
2025-04-28,R07,12,0,0,Clear,15
2025-04-28,R07,13,0,0,Rain,47
2025-04-28,R07,14,0,0,Cloudy,29
2025-04-28,R07,15,0,0,Clear,45
2025-04-28,R07,16,0,0,Clear,108
2025-04-28,R07,17,0,0,Cloudy,144
2025-04-28,R07,18,0,0,Clear,222
2025-04-28,R07,19,0,0,Cloudy,193
2025-04-28,R07,20,0,0,Rain,124
2025-04-28,R07,21,0,0,Clear,56
2025-04-28,R07,22,0,0,Clear,38
2025-04-28,R08,6,0,0,Clear,143
2025-04-28,R08,7,0,0,Clear,232
2025-04-28,R08,8,0,0,Rain,334
2025-04-28,R08,9,0,0,Clear,209
2025-04-28,R08,10,0,0,Clear,127
2025-04-28,R08,11,0,0,Rain,85
2025-04-28,R08,12,0,0,Rain,55
2025-04-28,R08,13,0,0,Cloudy,57
2025-04-28,R08,14,0,0,Cloudy,52
2025-04-28,R08,15,0,0,Clear,92
2025-04-28,R08,16,0,0,Clear,165
2025-04-28,R08,17,0,0,Clear,274
2025-04-28,R08,18,0,0,Clear,346
2025-04-28,R08,19,0,0,Cloudy,266
2025-04-28,R08,20,0,0,Cloudy,152
2025-04-28,R08,21,0,0,Clear,108
2025-04-28,R08,22,0,0,Cloudy,55
2025-04-29,R01,6,1,0,Clear,135
2025-04-29,R01,7,1,0,Cloudy,191
2025-04-29,R01,8,1,0,Clear,285
2025-04-29,R01,9,1,0,Clear,230
2025-04-29,R01,10,1,0,Clear,96
2025-04-29,R01,11,1,0,Clear,72
2025-04-29,R01,12,1,0,Clear,24
2025-04-29,R01,13,1,0,Cloudy,39
2025-04-29,R01,14,1,0,Cloudy,52
2025-04-29,R01,15,1,0,Clear,101
2025-04-29,R01,16,1,0,Clear,156
2025-04-29,R01,17,1,0,Cloudy,234
2025-04-29,R01,18,1,0,Clear,333
2025-04-29,R01,19,1,0,Cloudy,222
2025-04-29,R01,20,1,0,Rain,146
2025-04-29,R01,21,1,0,Clear,53
2025-04-29,R01,22,1,0,Clear,60
2025-04-29,R02,6,1,0,Clear,130
2025-04-29,R02,7,1,0,Clear,259
2025-04-29,R02,8,1,0,Clear,312
2025-04-29,R02,9,1,0,Cloudy,259
2025-04-29,R02,10,1,0,Rain,166
2025-04-29,R02,11,1,0,Cloudy,51
2025-04-29,R02,12,1,0,Cloudy,43
2025-04-29,R02,13,1,0,Cloudy,75
2025-04-29,R02,14,1,0,Clear,57
2025-04-29,R02,15,1,0,Rain,84
2025-04-29,R02,16,1,0,Rain,195
2025-04-29,R02,17,1,0,Clear,299
2025-04-29,R02,18,1,0,Rain,395
2025-04-29,R02,19,1,0,Rain,359
2025-04-29,R02,20,1,0,Cloudy,139
2025-04-29,R02,21,1,0,Clear,89
2025-04-29,R02,22,1,0,Clear,76
2025-04-29,R03,6,1,0,Clear,113
2025-04-29,R03,7,1,0,Clear,187
2025-04-29,R03,8,1,0,Clear,242
2025-04-29,R03,9,1,0,Clear,189
2025-04-29,R03,10,1,0,Cloudy,91
2025-04-29,R03,11,1,0,Cloudy,38
2025-04-29,R03,12,1,0,Rain,41
2025-04-29,R03,13,1,0,Clear,26
2025-04-29,R03,14,1,0,Cloudy,44
2025-04-29,R03,15,1,0,Cloudy,48
2025-04-29,R03,16,1,0,Rain,132
2025-04-29,R03,17,1,0,Rain,230
2025-04-29,R03,18,1,0,Clear,265
2025-04-29,R03,19,1,0,Clear,210
2025-04-29,R03,20,1,0,Rain,133
2025-04-29,R03,21,1,0,Clear,45
2025-04-29,R03,22,1,0,Cloudy,33
2025-04-29,R04,6,1,0,Clear,115
2025-04-29,R04,7,1,0,Clear,302
2025-04-29,R04,8,1,0,Clear,373
2025-04-29,R04,9,1,0,Cloudy,271
2025-04-29,R04,10,1,0,Cloudy,150
2025-04-29,R04,11,1,0,Clear,86
2025-04-29,R04,12,1,0,Rain,78
2025-04-29,R04,13,1,0,Cloudy,68
2025-04-29,R04,14,1,0,Clear,71
2025-04-29,R04,15,1,0,Cloudy,83
2025-04-29,R04,16,1,0,Clear,183
2025-04-29,R04,17,1,0,Cloudy,318
2025-04-29,R04,18,1,0,Clear,450
2025-04-29,R04,19,1,0,Clear,348
2025-04-29,R04,20,1,0,Clear,206
2025-04-29,R04,21,1,0,Clear,99
2025-04-29,R04,22,1,0,Cloudy,66
2025-04-29,R05,6,1,0,Cloudy,93
2025-04-29,R05,7,1,0,Clear,214
2025-04-29,R05,8,1,0,Rain,287
2025-04-29,R05,9,1,0,Clear,216
2025-04-29,R05,10,1,0,Clear,81
2025-04-29,R05,11,1,0,Clear,70
2025-04-29,R05,12,1,0,Rain,40
2025-04-29,R05,13,1,0,Clear,36
2025-04-29,R05,14,1,0,Cloudy,61
2025-04-29,R05,15,1,0,Clear,88
2025-04-29,R05,16,1,0,Clear,142
2025-04-29,R05,17,1,0,Clear,259
2025-04-29,R05,18,1,0,Clear,293
2025-04-29,R05,19,1,0,Clear,239
2025-04-29,R05,20,1,0,Clear,159
2025-04-29,R05,21,1,0,Clear,48
2025-04-29,R05,22,1,0,Cloudy,55
2025-04-29,R06,6,1,0,Rain,157
2025-04-29,R06,7,1,0,Clear,275
2025-04-29,R06,8,1,0,Cloudy,329
2025-04-29,R06,9,1,0,Clear,225
2025-04-29,R06,10,1,0,Clear,148
2025-04-29,R06,11,1,0,Rain,85
2025-04-29,R06,12,1,0,Rain,72
2025-04-29,R06,13,1,0,Clear,69
2025-04-29,R06,14,1,0,Rain,100
2025-04-29,R06,15,1,0,Rain,101
2025-04-29,R06,16,1,0,Clear,183
2025-04-29,R06,17,1,0,Clear,324
2025-04-29,R06,18,1,0,Cloudy,387
2025-04-29,R06,19,1,0,Clear,301
2025-04-29,R06,20,1,0,Clear,171
2025-04-29,R06,21,1,0,Clear,121
2025-04-29,R06,22,1,0,Clear,73
2025-04-29,R07,6,1,0,Clear,88
2025-04-29,R07,7,1,0,Cloudy,180
2025-04-29,R07,8,1,0,Clear,205
2025-04-29,R07,9,1,0,Clear,150
2025-04-29,R07,10,1,0,Clear,53
2025-04-29,R07,11,1,0,Clear,43
2025-04-29,R07,12,1,0,Clear,37
2025-04-29,R07,13,1,0,Clear,47
2025-04-29,R07,14,1,0,Clear,51
2025-04-29,R07,15,1,0,Rain,69
2025-04-29,R07,16,1,0,Cloudy,114
2025-04-29,R07,17,1,0,Cloudy,177
2025-04-29,R07,18,1,0,Cloudy,194
2025-04-29,R07,19,1,0,Cloudy,171
2025-04-29,R07,20,1,0,Cloudy,96
2025-04-29,R07,21,1,0,Clear,57
2025-04-29,R07,22,1,0,Cloudy,52
2025-04-29,R08,6,1,0,Cloudy,119
2025-04-29,R08,7,1,0,Clear,239
2025-04-29,R08,8,1,0,Clear,342
2025-04-29,R08,9,1,0,Cloudy,212
2025-04-29,R08,10,1,0,Cloudy,124
2025-04-29,R08,11,1,0,Clear,62
2025-04-29,R08,12,1,0,Clear,61
2025-04-29,R08,13,1,0,Cloudy,68
2025-04-29,R08,14,1,0,Clear,69
2025-04-29,R08,15,1,0,Clear,89
2025-04-29,R08,16,1,0,Cloudy,152
2025-04-29,R08,17,1,0,Rain,327
2025-04-29,R08,18,1,0,Clear,360
2025-04-29,R08,19,1,0,Clear,284
2025-04-29,R08,20,1,0,Clear,196
2025-04-29,R08,21,1,0,Clear,75
2025-04-29,R08,22,1,0,Rain,97
2025-04-30,R01,6,2,0,Clear,131
2025-04-30,R01,7,2,0,Clear,201
2025-04-30,R01,8,2,0,Cloudy,254
2025-04-30,R01,9,2,0,Clear,222
2025-04-30,R01,10,2,0,Cloudy,89
2025-04-30,R01,11,2,0,Rain,81
2025-04-30,R01,12,2,0,Rain,55
2025-04-30,R01,13,2,0,Clear,61
2025-04-30,R01,14,2,0,Clear,64
2025-04-30,R01,15,2,0,Cloudy,70
2025-04-30,R01,16,2,0,Cloudy,131
2025-04-30,R01,17,2,0,Clear,231
2025-04-30,R01,18,2,0,Cloudy,331
2025-04-30,R01,19,2,0,Clear,267
2025-04-30,R01,20,2,0,Cloudy,124
2025-04-30,R01,21,2,0,Clear,77
2025-04-30,R01,22,2,0,Clear,68
2025-04-30,R02,6,2,0,Cloudy,130
2025-04-30,R02,7,2,0,Cloudy,224
2025-04-30,R02,8,2,0,Clear,340
2025-04-30,R02,9,2,0,Clear,239
2025-04-30,R02,10,2,0,Clear,150
2025-04-30,R02,11,2,0,Cloudy,76
2025-04-30,R02,12,2,0,Clear,60
2025-04-30,R02,13,2,0,Rain,64
2025-04-30,R02,14,2,0,Clear,60
2025-04-30,R02,15,2,0,Rain,109
2025-04-30,R02,16,2,0,Cloudy,148
2025-04-30,R02,17,2,0,Clear,297
2025-04-30,R02,18,2,0,Cloudy,372
2025-04-30,R02,19,2,0,Clear,335
2025-04-30,R02,20,2,0,Clear,172
2025-04-30,R02,21,2,0,Clear,94
2025-04-30,R02,22,2,0,Clear,50
2025-04-30,R03,6,2,0,Clear,85
2025-04-30,R03,7,2,0,Clear,152
2025-04-30,R03,8,2,0,Cloudy,194
2025-04-30,R03,9,2,0,Clear,173
2025-04-30,R03,10,2,0,Cloudy,103
2025-04-30,R03,11,2,0,Cloudy,49
2025-04-30,R03,12,2,0,Clear,61
2025-04-30,R03,13,2,0,Clear,34
2025-04-30,R03,14,2,0,Clear,61
2025-04-30,R03,15,2,0,Clear,99
2025-04-30,R03,16,2,0,Clear,127
2025-04-30,R03,17,2,0,Clear,184
2025-04-30,R03,18,2,0,Clear,233
2025-04-30,R03,19,2,0,Cloudy,179
2025-04-30,R03,20,2,0,Clear,110
2025-04-30,R03,21,2,0,Clear,76
2025-04-30,R03,22,2,0,Clear,38
2025-04-30,R04,6,2,0,Clear,173
2025-04-30,R04,7,2,0,Clear,286
2025-04-30,R04,8,2,0,Clear,412
2025-04-30,R04,9,2,0,Cloudy,297
2025-04-30,R04,10,2,0,Cloudy,140
2025-04-30,R04,11,2,0,Clear,73
2025-04-30,R04,12,2,0,Clear,89
2025-04-30,R04,13,2,0,Clear,52
2025-04-30,R04,14,2,0,Clear,65
2025-04-30,R04,15,2,0,Cloudy,83
2025-04-30,R04,16,2,0,Clear,203
2025-04-30,R04,17,2,0,Cloudy,345
2025-04-30,R04,18,2,0,Clear,422
2025-04-30,R04,19,2,0,Cloudy,341
2025-04-30,R04,20,2,0,Cloudy,192
2025-04-30,R04,21,2,0,Cloudy,82
2025-04-30,R04,22,2,0,Clear,66
2025-04-30,R05,6,2,0,Clear,89
2025-04-30,R05,7,2,0,Cloudy,178
2025-04-30,R05,8,2,0,Rain,317
2025-04-30,R05,9,2,0,Clear,209
2025-04-30,R05,10,2,0,Cloudy,103
2025-04-30,R05,11,2,0,Cloudy,58
2025-04-30,R05,12,2,0,Clear,36
2025-04-30,R05,13,2,0,Cloudy,39
2025-04-30,R05,14,2,0,Clear,57
2025-04-30,R05,15,2,0,Clear,49
2025-04-30,R05,16,2,0,Clear,110
2025-04-30,R05,17,2,0,Clear,236
2025-04-30,R05,18,2,0,Clear,291
2025-04-30,R05,19,2,0,Clear,264
2025-04-30,R05,20,2,0,Clear,128
2025-04-30,R05,21,2,0,Cloudy,75
2025-04-30,R05,22,2,0,Clear,40
2025-04-30,R06,6,2,0,Cloudy,141
2025-04-30,R06,7,2,0,Clear,275
2025-04-30,R06,8,2,0,Clear,371
2025-04-30,R06,9,2,0,Clear,259
2025-04-30,R06,10,2,0,Clear,131
2025-04-30,R06,11,2,0,Cloudy,113
2025-04-30,R06,12,2,0,Cloudy,76
2025-04-30,R06,13,2,0,Cloudy,51
2025-04-30,R06,14,2,0,Cloudy,50
2025-04-30,R06,15,2,0,Clear,82
2025-04-30,R06,16,2,0,Cloudy,190
2025-04-30,R06,17,2,0,Rain,345
2025-04-30,R06,18,2,0,Clear,385
2025-04-30,R06,19,2,0,Clear,310
2025-04-30,R06,20,2,0,Cloudy,182
2025-04-30,R06,21,2,0,Clear,93
2025-04-30,R06,22,2,0,Cloudy,80
2025-04-30,R07,6,2,0,Clear,113
2025-04-30,R07,7,2,0,Cloudy,150
2025-04-30,R07,8,2,0,Rain,225
2025-04-30,R07,9,2,0,Clear,152
2025-04-30,R07,10,2,0,Cloudy,80
2025-04-30,R07,11,2,0,Rain,23
2025-04-30,R07,12,2,0,Cloudy,39
2025-04-30,R07,13,2,0,Clear,49
2025-04-30,R07,14,2,0,Cloudy,21
2025-04-30,R07,15,2,0,Cloudy,78
2025-04-30,R07,16,2,0,Cloudy,92
2025-04-30,R07,17,2,0,Clear,206
2025-04-30,R07,18,2,0,Clear,238
2025-04-30,R07,19,2,0,Clear,168
2025-04-30,R07,20,2,0,Clear,122
2025-04-30,R07,21,2,0,Clear,55
2025-04-30,R07,22,2,0,Clear,45
2025-04-30,R08,6,2,0,Cloudy,116
2025-04-30,R08,7,2,0,Clear,238
2025-04-30,R08,8,2,0,Clear,283
2025-04-30,R08,9,2,0,Cloudy,233
2025-04-30,R08,10,2,0,Clear,127
2025-04-30,R08,11,2,0,Clear,73
2025-04-30,R08,12,2,0,Clear,63
2025-04-30,R08,13,2,0,Clear,60
2025-04-30,R08,14,2,0,Rain,74
2025-04-30,R08,15,2,0,Cloudy,56
2025-04-30,R08,16,2,0,Clear,159
2025-04-30,R08,17,2,0,Cloudy,249
2025-04-30,R08,18,2,0,Clear,315
2025-04-30,R08,19,2,0,Clear,290
2025-04-30,R08,20,2,0,Clear,191
2025-04-30,R08,21,2,0,Clear,52
2025-04-30,R08,22,2,0,Cloudy,64
2025-05-01,R01,6,3,0,Rain,122
2025-05-01,R01,7,3,0,Cloudy,203
2025-05-01,R01,8,3,0,Clear,286
2025-05-01,R01,9,3,0,Cloudy,210
2025-05-01,R01,10,3,0,Clear,112
2025-05-01,R01,11,3,0,Clear,55
2025-05-01,R01,12,3,0,Rain,61
2025-05-01,R01,13,3,0,Clear,20
2025-05-01,R01,14,3,0,Clear,61
2025-05-01,R01,15,3,0,Clear,72
2025-05-01,R01,16,3,0,Cloudy,158
2025-05-01,R01,17,3,0,Cloudy,242
2025-05-01,R01,18,3,0,Rain,368
2025-05-01,R01,19,3,0,Clear,244
2025-05-01,R01,20,3,0,Cloudy,123
2025-05-01,R01,21,3,0,Clear,66
2025-05-01,R01,22,3,0,Rain,81
2025-05-01,R02,6,3,0,Clear,135
2025-05-01,R02,7,3,0,Clear,249
2025-05-01,R02,8,3,0,Clear,334
2025-05-01,R02,9,3,0,Clear,247
2025-05-01,R02,10,3,0,Clear,142
2025-05-01,R02,11,3,0,Clear,73
2025-05-01,R02,12,3,0,Clear,51
2025-05-01,R02,13,3,0,Clear,58
2025-05-01,R02,14,3,0,Cloudy,59
2025-05-01,R02,15,3,0,Rain,112
2025-05-01,R02,16,3,0,Clear,156
2025-05-01,R02,17,3,0,Clear,298
2025-05-01,R02,18,3,0,Clear,377
2025-05-01,R02,19,3,0,Cloudy,274
2025-05-01,R02,20,3,0,Cloudy,161
2025-05-01,R02,21,3,0,Cloudy,76
2025-05-01,R02,22,3,0,Clear,58
2025-05-01,R03,6,3,0,Cloudy,74
2025-05-01,R03,7,3,0,Rain,226
2025-05-01,R03,8,3,0,Cloudy,186
2025-05-01,R03,9,3,0,Clear,169
2025-05-01,R03,10,3,0,Cloudy,88
2025-05-01,R03,11,3,0,Cloudy,48
2025-05-01,R03,12,3,0,Clear,58
2025-05-01,R03,13,3,0,Clear,22
2025-05-01,R03,14,3,0,Rain,25
2025-05-01,R03,15,3,0,Cloudy,52
2025-05-01,R03,16,3,0,Clear,120
2025-05-01,R03,17,3,0,Clear,207
2025-05-01,R03,18,3,0,Clear,273
2025-05-01,R03,19,3,0,Cloudy,182
2025-05-01,R03,20,3,0,Clear,112
2025-05-01,R03,21,3,0,Clear,70
2025-05-01,R03,22,3,0,Clear,43
2025-05-01,R04,6,3,0,Clear,173
2025-05-01,R04,7,3,0,Clear,294
2025-05-01,R04,8,3,0,Rain,396
2025-05-01,R04,9,3,0,Cloudy,291
2025-05-01,R04,10,3,0,Clear,170
2025-05-01,R04,11,3,0,Clear,90
2025-05-01,R04,12,3,0,Clear,101
2025-05-01,R04,13,3,0,Clear,67
2025-05-01,R04,14,3,0,Clear,74
2025-05-01,R04,15,3,0,Clear,93
2025-05-01,R04,16,3,0,Rain,232
2025-05-01,R04,17,3,0,Clear,352
2025-05-01,R04,18,3,0,Clear,430
2025-05-01,R04,19,3,0,Clear,325
2025-05-01,R04,20,3,0,Cloudy,168
2025-05-01,R04,21,3,0,Clear,85
2025-05-01,R04,22,3,0,Clear,67
2025-05-01,R05,6,3,0,Clear,128
2025-05-01,R05,7,3,0,Clear,232
2025-05-01,R05,8,3,0,Cloudy,269
2025-05-01,R05,9,3,0,Clear,228
2025-05-01,R05,10,3,0,Clear,97
2025-05-01,R05,11,3,0,Clear,59
2025-05-01,R05,12,3,0,Clear,33
2025-05-01,R05,13,3,0,Clear,51
2025-05-01,R05,14,3,0,Clear,46
2025-05-01,R05,15,3,0,Clear,50
2025-05-01,R05,16,3,0,Clear,146
2025-05-01,R05,17,3,0,Clear,234
2025-05-01,R05,18,3,0,Clear,299
2025-05-01,R05,19,3,0,Clear,237
2025-05-01,R05,20,3,0,Clear,148
2025-05-01,R05,21,3,0,Cloudy,70
2025-05-01,R05,22,3,0,Clear,50
2025-05-01,R06,6,3,0,Clear,164
2025-05-01,R06,7,3,0,Cloudy,249
2025-05-01,R06,8,3,0,Clear,354
2025-05-01,R06,9,3,0,Clear,266
2025-05-01,R06,10,3,0,Clear,181
2025-05-01,R06,11,3,0,Clear,95
2025-05-01,R06,12,3,0,Clear,88
2025-05-01,R06,13,3,0,Clear,63
2025-05-01,R06,14,3,0,Clear,83
2025-05-01,R06,15,3,0,Clear,80
2025-05-01,R06,16,3,0,Rain,185
2025-05-01,R06,17,3,0,Clear,319
2025-05-01,R06,18,3,0,Clear,401
2025-05-01,R06,19,3,0,Clear,340
2025-05-01,R06,20,3,0,Clear,185
2025-05-01,R06,21,3,0,Clear,93
2025-05-01,R06,22,3,0,Clear,78
2025-05-01,R07,6,3,0,Rain,115
2025-05-01,R07,7,3,0,Clear,169
2025-05-01,R07,8,3,0,Cloudy,195
2025-05-01,R07,9,3,0,Clear,173
2025-05-01,R07,10,3,0,Clear,98
2025-05-01,R07,11,3,0,Cloudy,55
2025-05-01,R07,12,3,0,Rain,55
2025-05-01,R07,13,3,0,Clear,40
2025-05-01,R07,14,3,0,Cloudy,63
2025-05-01,R07,15,3,0,Rain,43
2025-05-01,R07,16,3,0,Cloudy,109
2025-05-01,R07,17,3,0,Clear,176
2025-05-01,R07,18,3,0,Rain,254
2025-05-01,R07,19,3,0,Clear,169
2025-05-01,R07,20,3,0,Clear,100
2025-05-01,R07,21,3,0,Rain,57
2025-05-01,R07,22,3,0,Cloudy,43
2025-05-01,R08,6,3,0,Clear,120
2025-05-01,R08,7,3,0,Clear,237
2025-05-01,R08,8,3,0,Clear,319
2025-05-01,R08,9,3,0,Clear,258
2025-05-01,R08,10,3,0,Clear,123
2025-05-01,R08,11,3,0,Clear,90
2025-05-01,R08,12,3,0,Clear,66
2025-05-01,R08,13,3,0,Clear,75
2025-05-01,R08,14,3,0,Cloudy,58
2025-05-01,R08,15,3,0,Clear,82
2025-05-01,R08,16,3,0,Clear,162
2025-05-01,R08,17,3,0,Clear,290
2025-05-01,R08,18,3,0,Rain,386
2025-05-01,R08,19,3,0,Clear,286
2025-05-01,R08,20,3,0,Clear,173
2025-05-01,R08,21,3,0,Clear,78
2025-05-01,R08,22,3,0,Cloudy,59
2025-05-02,R01,6,4,0,Clear,99
2025-05-02,R01,7,4,0,Clear,219
2025-05-02,R01,8,4,0,Cloudy,258
2025-05-02,R01,9,4,0,Clear,214
2025-05-02,R01,10,4,0,Cloudy,94
2025-05-02,R01,11,4,0,Clear,56
2025-05-02,R01,12,4,0,Clear,58
2025-05-02,R01,13,4,0,Cloudy,34
2025-05-02,R01,14,4,0,Clear,29
2025-05-02,R01,15,4,0,Cloudy,30
2025-05-02,R01,16,4,0,Rain,172
2025-05-02,R01,17,4,0,Cloudy,274
2025-05-02,R01,18,4,0,Clear,309
2025-05-02,R01,19,4,0,Clear,242
2025-05-02,R01,20,4,0,Rain,189
2025-05-02,R01,21,4,0,Clear,51
2025-05-02,R01,22,4,0,Cloudy,59
2025-05-02,R02,6,4,0,Cloudy,119
2025-05-02,R02,7,4,0,Rain,314
2025-05-02,R02,8,4,0,Clear,328
2025-05-02,R02,9,4,0,Rain,276
2025-05-02,R02,10,4,0,Clear,99
2025-05-02,R02,11,4,0,Clear,87
2025-05-02,R02,12,4,0,Clear,72
2025-05-02,R02,13,4,0,Cloudy,75
2025-05-02,R02,14,4,0,Clear,68
2025-05-02,R02,15,4,0,Clear,88
2025-05-02,R02,16,4,0,Cloudy,181
2025-05-02,R02,17,4,0,Rain,330
2025-05-02,R02,18,4,0,Clear,357
2025-05-02,R02,19,4,0,Rain,343
2025-05-02,R02,20,4,0,Clear,189
2025-05-02,R02,21,4,0,Cloudy,65
2025-05-02,R02,22,4,0,Clear,67
2025-05-02,R03,6,4,0,Clear,108
2025-05-02,R03,7,4,0,Clear,172
2025-05-02,R03,8,4,0,Clear,255
2025-05-02,R03,9,4,0,Cloudy,160
2025-05-02,R03,10,4,0,Rain,96
2025-05-02,R03,11,4,0,Clear,46
2025-05-02,R03,12,4,0,Clear,29
2025-05-02,R03,13,4,0,Clear,32
2025-05-02,R03,14,4,0,Clear,47
2025-05-02,R03,15,4,0,Clear,52
2025-05-02,R03,16,4,0,Clear,130
2025-05-02,R03,17,4,0,Clear,192
2025-05-02,R03,18,4,0,Rain,276
2025-05-02,R03,19,4,0,Clear,238
2025-05-02,R03,20,4,0,Clear,112
2025-05-02,R03,21,4,0,Clear,64
2025-05-02,R03,22,4,0,Clear,46
2025-05-02,R04,6,4,0,Clear,143
2025-05-02,R04,7,4,0,Clear,285
2025-05-02,R04,8,4,0,Clear,383
2025-05-02,R04,9,4,0,Cloudy,268
2025-05-02,R04,10,4,0,Clear,147
2025-05-02,R04,11,4,0,Clear,75
2025-05-02,R04,12,4,0,Clear,88
2025-05-02,R04,13,4,0,Cloudy,79
2025-05-02,R04,14,4,0,Clear,76
2025-05-02,R04,15,4,0,Clear,102
2025-05-02,R04,16,4,0,Clear,202
2025-05-02,R04,17,4,0,Clear,356
2025-05-02,R04,18,4,0,Rain,479
2025-05-02,R04,19,4,0,Cloudy,319
2025-05-02,R04,20,4,0,Clear,195
2025-05-02,R04,21,4,0,Clear,98
2025-05-02,R04,22,4,0,Rain,84
2025-05-02,R05,6,4,0,Cloudy,122
2025-05-02,R05,7,4,0,Clear,208
2025-05-02,R05,8,4,0,Cloudy,251
2025-05-02,R05,9,4,0,Clear,196
2025-05-02,R05,10,4,0,Clear,88
2025-05-02,R05,11,4,0,Clear,55
2025-05-02,R05,12,4,0,Cloudy,55
2025-05-02,R05,13,4,0,Clear,36
2025-05-02,R05,14,4,0,Cloudy,24
2025-05-02,R05,15,4,0,Clear,81
2025-05-02,R05,16,4,0,Rain,160
2025-05-02,R05,17,4,0,Clear,237
2025-05-02,R05,18,4,0,Clear,292
2025-05-02,R05,19,4,0,Cloudy,227
2025-05-02,R05,20,4,0,Clear,133
2025-05-02,R05,21,4,0,Clear,96
2025-05-02,R05,22,4,0,Cloudy,44
2025-05-02,R06,6,4,0,Clear,150
2025-05-02,R06,7,4,0,Clear,270
2025-05-02,R06,8,4,0,Clear,355
2025-05-02,R06,9,4,0,Clear,265
2025-05-02,R06,10,4,0,Rain,152
2025-05-02,R06,11,4,0,Clear,80
2025-05-02,R06,12,4,0,Clear,54
2025-05-02,R06,13,4,0,Clear,57
2025-05-02,R06,14,4,0,Cloudy,73
2025-05-02,R06,15,4,0,Clear,113
2025-05-02,R06,16,4,0,Clear,213
2025-05-02,R06,17,4,0,Clear,331
2025-05-02,R06,18,4,0,Clear,401
2025-05-02,R06,19,4,0,Clear,310
2025-05-02,R06,20,4,0,Clear,200
2025-05-02,R06,21,4,0,Clear,119
2025-05-02,R06,22,4,0,Clear,62
2025-05-02,R07,6,4,0,Clear,110
2025-05-02,R07,7,4,0,Clear,173
2025-05-02,R07,8,4,0,Clear,209
2025-05-02,R07,9,4,0,Clear,155
2025-05-02,R07,10,4,0,Clear,67
2025-05-02,R07,11,4,0,Cloudy,65
2025-05-02,R07,12,4,0,Clear,18
2025-05-02,R07,13,4,0,Clear,59
2025-05-02,R07,14,4,0,Cloudy,62
2025-05-02,R07,15,4,0,Cloudy,40
2025-05-02,R07,16,4,0,Cloudy,82
2025-05-02,R07,17,4,0,Cloudy,169
2025-05-02,R07,18,4,0,Clear,228
2025-05-02,R07,19,4,0,Clear,179
2025-05-02,R07,20,4,0,Cloudy,94
2025-05-02,R07,21,4,0,Clear,55
2025-05-02,R07,22,4,0,Clear,61
2025-05-02,R08,6,4,0,Clear,125
2025-05-02,R08,7,4,0,Clear,249
2025-05-02,R08,8,4,0,Clear,291
2025-05-02,R08,9,4,0,Rain,265
2025-05-02,R08,10,4,0,Clear,123
2025-05-02,R08,11,4,0,Clear,79
2025-05-02,R08,12,4,0,Clear,39
2025-05-02,R08,13,4,0,Clear,73
2025-05-02,R08,14,4,0,Rain,60
2025-05-02,R08,15,4,0,Rain,83
2025-05-02,R08,16,4,0,Clear,188
2025-05-02,R08,17,4,0,Clear,288
2025-05-02,R08,18,4,0,Clear,349
2025-05-02,R08,19,4,0,Clear,267
2025-05-02,R08,20,4,0,Cloudy,140
2025-05-02,R08,21,4,0,Cloudy,63
2025-05-02,R08,22,4,0,Cloudy,56
2025-05-03,R01,6,5,1,Cloudy,90
2025-05-03,R01,7,5,1,Clear,153
2025-05-03,R01,8,5,1,Cloudy,180
2025-05-03,R01,9,5,1,Cloudy,139
2025-05-03,R01,10,5,1,Cloudy,86
2025-05-03,R01,11,5,1,Clear,40
2025-05-03,R01,12,5,1,Clear,14
2025-05-03,R01,13,5,1,Cloudy,46
2025-05-03,R01,14,5,1,Cloudy,20
2025-05-03,R01,15,5,1,Clear,31
2025-05-03,R01,16,5,1,Clear,104
2025-05-03,R01,17,5,1,Clear,149
2025-05-03,R01,18,5,1,Cloudy,203
2025-05-03,R01,19,5,1,Clear,178
2025-05-03,R01,20,5,1,Clear,107
2025-05-03,R01,21,5,1,Rain,63
2025-05-03,R01,22,5,1,Cloudy,16
2025-05-03,R02,6,5,1,Clear,105
2025-05-03,R02,7,5,1,Clear,174
2025-05-03,R02,8,5,1,Clear,219
2025-05-03,R02,9,5,1,Rain,175
2025-05-03,R02,10,5,1,Cloudy,103
2025-05-03,R02,11,5,1,Cloudy,61
2025-05-03,R02,12,5,1,Clear,33
2025-05-03,R02,13,5,1,Cloudy,44
2025-05-03,R02,14,5,1,Rain,57
2025-05-03,R02,15,5,1,Rain,64
2025-05-03,R02,16,5,1,Cloudy,125
2025-05-03,R02,17,5,1,Cloudy,210
2025-05-03,R02,18,5,1,Cloudy,216
2025-05-03,R02,19,5,1,Clear,217
2025-05-03,R02,20,5,1,Clear,112
2025-05-03,R02,21,5,1,Clear,50
2025-05-03,R02,22,5,1,Cloudy,14
2025-05-03,R03,6,5,1,Clear,66
2025-05-03,R03,7,5,1,Cloudy,110
2025-05-03,R03,8,5,1,Clear,148
2025-05-03,R03,9,5,1,Rain,144
2025-05-03,R03,10,5,1,Clear,109
2025-05-03,R03,11,5,1,Clear,42
2025-05-03,R03,12,5,1,Clear,24
2025-05-03,R03,13,5,1,Clear,42
2025-05-03,R03,14,5,1,Cloudy,14
2025-05-03,R03,15,5,1,Clear,36
2025-05-03,R03,16,5,1,Cloudy,79
2025-05-03,R03,17,5,1,Rain,161
2025-05-03,R03,18,5,1,Clear,190
2025-05-03,R03,19,5,1,Clear,165
2025-05-03,R03,20,5,1,Clear,95
2025-05-03,R03,21,5,1,Clear,65
2025-05-03,R03,22,5,1,Clear,52
2025-05-03,R04,6,5,1,Clear,111
2025-05-03,R04,7,5,1,Cloudy,186
2025-05-03,R04,8,5,1,Cloudy,250
2025-05-03,R04,9,5,1,Cloudy,166
2025-05-03,R04,10,5,1,Rain,130
2025-05-03,R04,11,5,1,Rain,75
2025-05-03,R04,12,5,1,Clear,32
2025-05-03,R04,13,5,1,Clear,65
2025-05-03,R04,14,5,1,Clear,65
2025-05-03,R04,15,5,1,Clear,79
2025-05-03,R04,16,5,1,Clear,133
2025-05-03,R04,17,5,1,Cloudy,244
2025-05-03,R04,18,5,1,Cloudy,253
2025-05-03,R04,19,5,1,Clear,236
2025-05-03,R04,20,5,1,Cloudy,137
2025-05-03,R04,21,5,1,Clear,88
2025-05-03,R04,22,5,1,Cloudy,61
2025-05-03,R05,6,5,1,Cloudy,50
2025-05-03,R05,7,5,1,Rain,140
2025-05-03,R05,8,5,1,Cloudy,176
2025-05-03,R05,9,5,1,Clear,143
2025-05-03,R05,10,5,1,Clear,52
2025-05-03,R05,11,5,1,Clear,24
2025-05-03,R05,12,5,1,Cloudy,10
2025-05-03,R05,13,5,1,Clear,10
2025-05-03,R05,14,5,1,Cloudy,17
2025-05-03,R05,15,5,1,Rain,53
2025-05-03,R05,16,5,1,Clear,94
2025-05-03,R05,17,5,1,Clear,173
2025-05-03,R05,18,5,1,Clear,196
2025-05-03,R05,19,5,1,Clear,184
2025-05-03,R05,20,5,1,Clear,109
2025-05-03,R05,21,5,1,Rain,60
2025-05-03,R05,22,5,1,Cloudy,57
2025-05-03,R06,6,5,1,Clear,102
2025-05-03,R06,7,5,1,Cloudy,155
2025-05-03,R06,8,5,1,Cloudy,232
2025-05-03,R06,9,5,1,Clear,187
2025-05-03,R06,10,5,1,Clear,93
2025-05-03,R06,11,5,1,Rain,55
2025-05-03,R06,12,5,1,Cloudy,47
2025-05-03,R06,13,5,1,Clear,47
2025-05-03,R06,14,5,1,Cloudy,71
2025-05-03,R06,15,5,1,Clear,68
2025-05-03,R06,16,5,1,Rain,142
2025-05-03,R06,17,5,1,Cloudy,208
2025-05-03,R06,18,5,1,Cloudy,291
2025-05-03,R06,19,5,1,Rain,243
2025-05-03,R06,20,5,1,Cloudy,104
2025-05-03,R06,21,5,1,Cloudy,54
2025-05-03,R06,22,5,1,Cloudy,49
2025-05-03,R07,6,5,1,Cloudy,34
2025-05-03,R07,7,5,1,Clear,104
2025-05-03,R07,8,5,1,Rain,169
2025-05-03,R07,9,5,1,Clear,103
2025-05-03,R07,10,5,1,Clear,80
2025-05-03,R07,11,5,1,Cloudy,25
2025-05-03,R07,12,5,1,Cloudy,38
2025-05-03,R07,13,5,1,Clear,26
2025-05-03,R07,14,5,1,Cloudy,10
2025-05-03,R07,15,5,1,Clear,65
2025-05-03,R07,16,5,1,Clear,57
2025-05-03,R07,17,5,1,Cloudy,112
2025-05-03,R07,18,5,1,Clear,185
2025-05-03,R07,19,5,1,Clear,130
2025-05-03,R07,20,5,1,Cloudy,58
2025-05-03,R07,21,5,1,Rain,43
2025-05-03,R07,22,5,1,Clear,35
2025-05-03,R08,6,5,1,Clear,83
2025-05-03,R08,7,5,1,Clear,184
2025-05-03,R08,8,5,1,Clear,200
2025-05-03,R08,9,5,1,Clear,137
2025-05-03,R08,10,5,1,Clear,100
2025-05-03,R08,11,5,1,Rain,51
2025-05-03,R08,12,5,1,Rain,56
2025-05-03,R08,13,5,1,Rain,36
2025-05-03,R08,14,5,1,Clear,47
2025-05-03,R08,15,5,1,Clear,52
2025-05-03,R08,16,5,1,Rain,119
2025-05-03,R08,17,5,1,Clear,174
2025-05-03,R08,18,5,1,Cloudy,209
2025-05-03,R08,19,5,1,Cloudy,186
2025-05-03,R08,20,5,1,Rain,135
2025-05-03,R08,21,5,1,Clear,64
2025-05-03,R08,22,5,1,Clear,28
2025-05-04,R01,6,6,1,Clear,86
2025-05-04,R01,7,6,1,Clear,136
2025-05-04,R01,8,6,1,Rain,214
2025-05-04,R01,9,6,1,Clear,139
2025-05-04,R01,10,6,1,Cloudy,72
2025-05-04,R01,11,6,1,Clear,35
2025-05-04,R01,12,6,1,Clear,43
2025-05-04,R01,13,6,1,Rain,31
2025-05-04,R01,14,6,1,Clear,45
2025-05-04,R01,15,6,1,Cloudy,19
2025-05-04,R01,16,6,1,Clear,114
2025-05-04,R01,17,6,1,Clear,163
2025-05-04,R01,18,6,1,Clear,238
2025-05-04,R01,19,6,1,Clear,171
2025-05-04,R01,20,6,1,Cloudy,113
2025-05-04,R01,21,6,1,Clear,29
2025-05-04,R01,22,6,1,Cloudy,50
2025-05-04,R02,6,6,1,Clear,83
2025-05-04,R02,7,6,1,Clear,191
2025-05-04,R02,8,6,1,Clear,225
2025-05-04,R02,9,6,1,Clear,172
2025-05-04,R02,10,6,1,Clear,112
2025-05-04,R02,11,6,1,Clear,44
2025-05-04,R02,12,6,1,Clear,64
2025-05-04,R02,13,6,1,Clear,37
2025-05-04,R02,14,6,1,Cloudy,42
2025-05-04,R02,15,6,1,Cloudy,61
2025-05-04,R02,16,6,1,Clear,103
2025-05-04,R02,17,6,1,Cloudy,201
2025-05-04,R02,18,6,1,Cloudy,229
2025-05-04,R02,19,6,1,Clear,194
2025-05-04,R02,20,6,1,Clear,105
2025-05-04,R02,21,6,1,Clear,57
2025-05-04,R02,22,6,1,Clear,63
2025-05-04,R03,6,6,1,Clear,56
2025-05-04,R03,7,6,1,Cloudy,119
2025-05-04,R03,8,6,1,Clear,174
2025-05-04,R03,9,6,1,Clear,119
2025-05-04,R03,10,6,1,Cloudy,63
2025-05-04,R03,11,6,1,Clear,56
2025-05-04,R03,12,6,1,Clear,36
2025-05-04,R03,13,6,1,Cloudy,32
2025-05-04,R03,14,6,1,Clear,30
2025-05-04,R03,15,6,1,Cloudy,63
2025-05-04,R03,16,6,1,Clear,78
2025-05-04,R03,17,6,1,Clear,137
2025-05-04,R03,18,6,1,Clear,173
2025-05-04,R03,19,6,1,Cloudy,144
2025-05-04,R03,20,6,1,Cloudy,82
2025-05-04,R03,21,6,1,Clear,31
2025-05-04,R03,22,6,1,Cloudy,39
2025-05-04,R04,6,6,1,Clear,114
2025-05-04,R04,7,6,1,Clear,192
2025-05-04,R04,8,6,1,Cloudy,247
2025-05-04,R04,9,6,1,Cloudy,203
2025-05-04,R04,10,6,1,Cloudy,97
2025-05-04,R04,11,6,1,Clear,35
2025-05-04,R04,12,6,1,Clear,46
2025-05-04,R04,13,6,1,Rain,46
2025-05-04,R04,14,6,1,Clear,23
2025-05-04,R04,15,6,1,Clear,65
2025-05-04,R04,16,6,1,Clear,121
2025-05-04,R04,17,6,1,Clear,256
2025-05-04,R04,18,6,1,Clear,311
2025-05-04,R04,19,6,1,Clear,244
2025-05-04,R04,20,6,1,Clear,134
2025-05-04,R04,21,6,1,Clear,66
2025-05-04,R04,22,6,1,Clear,63
2025-05-04,R05,6,6,1,Rain,80
2025-05-04,R05,7,6,1,Cloudy,132
2025-05-04,R05,8,6,1,Cloudy,173
2025-05-04,R05,9,6,1,Clear,163
2025-05-04,R05,10,6,1,Cloudy,49
2025-05-04,R05,11,6,1,Cloudy,30
2025-05-04,R05,12,6,1,Cloudy,13
2025-05-04,R05,13,6,1,Clear,38
2025-05-04,R05,14,6,1,Clear,13
2025-05-04,R05,15,6,1,Cloudy,36
2025-05-04,R05,16,6,1,Clear,98
2025-05-04,R05,17,6,1,Cloudy,168
2025-05-04,R05,18,6,1,Rain,225
2025-05-04,R05,19,6,1,Clear,157
2025-05-04,R05,20,6,1,Clear,91
2025-05-04,R05,21,6,1,Clear,45
2025-05-04,R05,22,6,1,Clear,47
2025-05-04,R06,6,6,1,Clear,90
2025-05-04,R06,7,6,1,Clear,197
2025-05-04,R06,8,6,1,Clear,236
2025-05-04,R06,9,6,1,Clear,201
2025-05-04,R06,10,6,1,Rain,110
2025-05-04,R06,11,6,1,Cloudy,43
2025-05-04,R06,12,6,1,Clear,58
2025-05-04,R06,13,6,1,Cloudy,69
2025-05-04,R06,14,6,1,Clear,48
2025-05-04,R06,15,6,1,Clear,79
2025-05-04,R06,16,6,1,Rain,140
2025-05-04,R06,17,6,1,Clear,210
2025-05-04,R06,18,6,1,Clear,286
2025-05-04,R06,19,6,1,Clear,204
2025-05-04,R06,20,6,1,Clear,108
2025-05-04,R06,21,6,1,Clear,82
2025-05-04,R06,22,6,1,Clear,42
2025-05-04,R07,6,6,1,Clear,42
2025-05-04,R07,7,6,1,Cloudy,124
2025-05-04,R07,8,6,1,Clear,147
2025-05-04,R07,9,6,1,Clear,106
2025-05-04,R07,10,6,1,Rain,67
2025-05-04,R07,11,6,1,Clear,34
2025-05-04,R07,12,6,1,Clear,34
2025-05-04,R07,13,6,1,Clear,22
2025-05-04,R07,14,6,1,Cloudy,36
2025-05-04,R07,15,6,1,Rain,44
2025-05-04,R07,16,6,1,Rain,54
2025-05-04,R07,17,6,1,Clear,120
2025-05-04,R07,18,6,1,Clear,164
2025-05-04,R07,19,6,1,Cloudy,101
2025-05-04,R07,20,6,1,Clear,74
2025-05-04,R07,21,6,1,Clear,34
2025-05-04,R07,22,6,1,Rain,52
2025-05-04,R08,6,6,1,Clear,98
2025-05-04,R08,7,6,1,Clear,146
2025-05-04,R08,8,6,1,Clear,218
2025-05-04,R08,9,6,1,Clear,159
2025-05-04,R08,10,6,1,Clear,88
2025-05-04,R08,11,6,1,Cloudy,41
2025-05-04,R08,12,6,1,Clear,62
2025-05-04,R08,13,6,1,Cloudy,57
2025-05-04,R08,14,6,1,Cloudy,29
2025-05-04,R08,15,6,1,Clear,73
2025-05-04,R08,16,6,1,Clear,103
2025-05-04,R08,17,6,1,Clear,183
2025-05-04,R08,18,6,1,Clear,240
2025-05-04,R08,19,6,1,Rain,213
2025-05-04,R08,20,6,1,Clear,99
2025-05-04,R08,21,6,1,Clear,37
2025-05-04,R08,22,6,1,Clear,41
2025-05-05,R01,6,0,0,Clear,104
2025-05-05,R01,7,0,0,Cloudy,203
2025-05-05,R01,8,0,0,Clear,297
2025-05-05,R01,9,0,0,Clear,217
2025-05-05,R01,10,0,0,Clear,95
2025-05-05,R01,11,0,0,Clear,79
2025-05-05,R01,12,0,0,Clear,58
2025-05-05,R01,13,0,0,Clear,62
2025-05-05,R01,14,0,0,Clear,54
2025-05-05,R01,15,0,0,Cloudy,73
2025-05-05,R01,16,0,0,Cloudy,170
2025-05-05,R01,17,0,0,Clear,266
2025-05-05,R01,18,0,0,Clear,333
2025-05-05,R01,19,0,0,Clear,303
2025-05-05,R01,20,0,0,Clear,179
2025-05-05,R01,21,0,0,Clear,62
2025-05-05,R01,22,0,0,Cloudy,38
2025-05-05,R02,6,0,0,Clear,119
2025-05-05,R02,7,0,0,Rain,284
2025-05-05,R02,8,0,0,Cloudy,345
2025-05-05,R02,9,0,0,Clear,220
2025-05-05,R02,10,0,0,Clear,130
2025-05-05,R02,11,0,0,Cloudy,70
2025-05-05,R02,12,0,0,Clear,46
2025-05-05,R02,13,0,0,Clear,55
2025-05-05,R02,14,0,0,Cloudy,57
2025-05-05,R02,15,0,0,Clear,73
2025-05-05,R02,16,0,0,Clear,187
2025-05-05,R02,17,0,0,Clear,302
2025-05-05,R02,18,0,0,Clear,361
2025-05-05,R02,19,0,0,Cloudy,287
2025-05-05,R02,20,0,0,Clear,186
2025-05-05,R02,21,0,0,Clear,90
2025-05-05,R02,22,0,0,Clear,50
2025-05-05,R03,6,0,0,Rain,107
2025-05-05,R03,7,0,0,Clear,208
2025-05-05,R03,8,0,0,Rain,245
2025-05-05,R03,9,0,0,Cloudy,157
2025-05-05,R03,10,0,0,Clear,89
2025-05-05,R03,11,0,0,Cloudy,38
2025-05-05,R03,12,0,0,Cloudy,29
2025-05-05,R03,13,0,0,Cloudy,22
2025-05-05,R03,14,0,0,Rain,63
2025-05-05,R03,15,0,0,Clear,74
2025-05-05,R03,16,0,0,Clear,117
2025-05-05,R03,17,0,0,Cloudy,191
2025-05-05,R03,18,0,0,Cloudy,251
2025-05-05,R03,19,0,0,Clear,215
2025-05-05,R03,20,0,0,Clear,123
2025-05-05,R03,21,0,0,Clear,83
2025-05-05,R03,22,0,0,Clear,52
2025-05-05,R04,6,0,0,Clear,210
2025-05-05,R04,7,0,0,Clear,288
2025-05-05,R04,8,0,0,Clear,408
2025-05-05,R04,9,0,0,Clear,302
2025-05-05,R04,10,0,0,Clear,143
2025-05-05,R04,11,0,0,Clear,76
2025-05-05,R04,12,0,0,Clear,78
2025-05-05,R04,13,0,0,Cloudy,46
2025-05-05,R04,14,0,0,Cloudy,67
2025-05-05,R04,15,0,0,Clear,141
2025-05-05,R04,16,0,0,Clear,165
2025-05-05,R04,17,0,0,Clear,348
2025-05-05,R04,18,0,0,Clear,420
2025-05-05,R04,19,0,0,Cloudy,359
2025-05-05,R04,20,0,0,Cloudy,186
2025-05-05,R04,21,0,0,Clear,93
2025-05-05,R04,22,0,0,Clear,56
2025-05-05,R05,6,0,0,Clear,95
2025-05-05,R05,7,0,0,Clear,235
2025-05-05,R05,8,0,0,Clear,236
2025-05-05,R05,9,0,0,Clear,215
2025-05-05,R05,10,0,0,Clear,131
2025-05-05,R05,11,0,0,Clear,59
2025-05-05,R05,12,0,0,Rain,38
2025-05-05,R05,13,0,0,Cloudy,51
2025-05-05,R05,14,0,0,Cloudy,36
2025-05-05,R05,15,0,0,Cloudy,60
2025-05-05,R05,16,0,0,Rain,144
2025-05-05,R05,17,0,0,Cloudy,221
2025-05-05,R05,18,0,0,Cloudy,298
2025-05-05,R05,19,0,0,Clear,243
2025-05-05,R05,20,0,0,Clear,149
2025-05-05,R05,21,0,0,Cloudy,77
2025-05-05,R05,22,0,0,Clear,51
2025-05-05,R06,6,0,0,Cloudy,159
2025-05-05,R06,7,0,0,Rain,287
2025-05-05,R06,8,0,0,Clear,348
2025-05-05,R06,9,0,0,Cloudy,231
2025-05-05,R06,10,0,0,Clear,146
2025-05-05,R06,11,0,0,Clear,92
2025-05-05,R06,12,0,0,Clear,45
2025-05-05,R06,13,0,0,Rain,60
2025-05-05,R06,14,0,0,Clear,57
2025-05-05,R06,15,0,0,Rain,71
2025-05-05,R06,16,0,0,Clear,170
2025-05-05,R06,17,0,0,Cloudy,313
2025-05-05,R06,18,0,0,Clear,397
2025-05-05,R06,19,0,0,Clear,328
2025-05-05,R06,20,0,0,Clear,198
2025-05-05,R06,21,0,0,Clear,123
2025-05-05,R06,22,0,0,Clear,52
2025-05-05,R07,6,0,0,Clear,91
2025-05-05,R07,7,0,0,Clear,149
2025-05-05,R07,8,0,0,Cloudy,175
2025-05-05,R07,9,0,0,Cloudy,143
2025-05-05,R07,10,0,0,Cloudy,87
2025-05-05,R07,11,0,0,Clear,46
2025-05-05,R07,12,0,0,Cloudy,28
2025-05-05,R07,13,0,0,Rain,49
2025-05-05,R07,14,0,0,Clear,47
2025-05-05,R07,15,0,0,Cloudy,45
2025-05-05,R07,16,0,0,Clear,114
2025-05-05,R07,17,0,0,Clear,186
2025-05-05,R07,18,0,0,Clear,218
2025-05-05,R07,19,0,0,Cloudy,183
2025-05-05,R07,20,0,0,Cloudy,109
2025-05-05,R07,21,0,0,Cloudy,36
2025-05-05,R07,22,0,0,Clear,46
2025-05-05,R08,6,0,0,Cloudy,135
2025-05-05,R08,7,0,0,Clear,225
2025-05-05,R08,8,0,0,Clear,310
2025-05-05,R08,9,0,0,Rain,250
2025-05-05,R08,10,0,0,Clear,114
2025-05-05,R08,11,0,0,Clear,47
2025-05-05,R08,12,0,0,Cloudy,69
2025-05-05,R08,13,0,0,Rain,75
2025-05-05,R08,14,0,0,Clear,75
2025-05-05,R08,15,0,0,Cloudy,74
2025-05-05,R08,16,0,0,Clear,176
2025-05-05,R08,17,0,0,Rain,299
2025-05-05,R08,18,0,0,Clear,334
2025-05-05,R08,19,0,0,Clear,279
2025-05-05,R08,20,0,0,Clear,177
2025-05-05,R08,21,0,0,Rain,97
2025-05-05,R08,22,0,0,Clear,52
2025-05-06,R01,6,1,0,Rain,120
2025-05-06,R01,7,1,0,Clear,236
2025-05-06,R01,8,1,0,Clear,290
2025-05-06,R01,9,1,0,Clear,237
2025-05-06,R01,10,1,0,Clear,133
2025-05-06,R01,11,1,0,Rain,45
2025-05-06,R01,12,1,0,Clear,65
2025-05-06,R01,13,1,0,Clear,60
2025-05-06,R01,14,1,0,Clear,41
2025-05-06,R01,15,1,0,Rain,80
2025-05-06,R01,16,1,0,Cloudy,137
2025-05-06,R01,17,1,0,Cloudy,269
2025-05-06,R01,18,1,0,Clear,319
2025-05-06,R01,19,1,0,Clear,269
2025-05-06,R01,20,1,0,Cloudy,154
2025-05-06,R01,21,1,0,Cloudy,66
2025-05-06,R01,22,1,0,Clear,71
2025-05-06,R02,6,1,0,Cloudy,128
2025-05-06,R02,7,1,0,Clear,295
2025-05-06,R02,8,1,0,Cloudy,297
2025-05-06,R02,9,1,0,Cloudy,240
2025-05-06,R02,10,1,0,Clear,153
2025-05-06,R02,11,1,0,Clear,65
2025-05-06,R02,12,1,0,Cloudy,68
2025-05-06,R02,13,1,0,Rain,60
2025-05-06,R02,14,1,0,Clear,48
2025-05-06,R02,15,1,0,Clear,74
2025-05-06,R02,16,1,0,Clear,177
2025-05-06,R02,17,1,0,Rain,343
2025-05-06,R02,18,1,0,Cloudy,339
2025-05-06,R02,19,1,0,Cloudy,295
2025-05-06,R02,20,1,0,Clear,156
2025-05-06,R02,21,1,0,Clear,85
2025-05-06,R02,22,1,0,Clear,62
2025-05-06,R03,6,1,0,Clear,93
2025-05-06,R03,7,1,0,Clear,181
2025-05-06,R03,8,1,0,Clear,228
2025-05-06,R03,9,1,0,Cloudy,165
2025-05-06,R03,10,1,0,Rain,101
2025-05-06,R03,11,1,0,Cloudy,40
2025-05-06,R03,12,1,0,Clear,49
2025-05-06,R03,13,1,0,Rain,41
2025-05-06,R03,14,1,0,Clear,34
2025-05-06,R03,15,1,0,Clear,70
2025-05-06,R03,16,1,0,Clear,126
2025-05-06,R03,17,1,0,Clear,198
2025-05-06,R03,18,1,0,Cloudy,265
2025-05-06,R03,19,1,0,Clear,206
2025-05-06,R03,20,1,0,Cloudy,131
2025-05-06,R03,21,1,0,Rain,64
2025-05-06,R03,22,1,0,Clear,43
2025-05-06,R04,6,1,0,Clear,161
2025-05-06,R04,7,1,0,Clear,295
2025-05-06,R04,8,1,0,Clear,367
2025-05-06,R04,9,1,0,Clear,272
2025-05-06,R04,10,1,0,Cloudy,167
2025-05-06,R04,11,1,0,Clear,73
2025-05-06,R04,12,1,0,Clear,75
2025-05-06,R04,13,1,0,Rain,74
2025-05-06,R04,14,1,0,Clear,46
2025-05-06,R04,15,1,0,Clear,96
2025-05-06,R04,16,1,0,Clear,223
2025-05-06,R04,17,1,0,Clear,327
2025-05-06,R04,18,1,0,Cloudy,399
2025-05-06,R04,19,1,0,Rain,389
2025-05-06,R04,20,1,0,Clear,187
2025-05-06,R04,21,1,0,Cloudy,100
2025-05-06,R04,22,1,0,Clear,80
2025-05-06,R05,6,1,0,Rain,127
2025-05-06,R05,7,1,0,Cloudy,196
2025-05-06,R05,8,1,0,Clear,263
2025-05-06,R05,9,1,0,Rain,216
2025-05-06,R05,10,1,0,Clear,117
2025-05-06,R05,11,1,0,Clear,60
2025-05-06,R05,12,1,0,Rain,78
2025-05-06,R05,13,1,0,Clear,58
2025-05-06,R05,14,1,0,Rain,49
2025-05-06,R05,15,1,0,Clear,76
2025-05-06,R05,16,1,0,Clear,124
2025-05-06,R05,17,1,0,Clear,222
2025-05-06,R05,18,1,0,Cloudy,277
2025-05-06,R05,19,1,0,Rain,252
2025-05-06,R05,20,1,0,Clear,150
2025-05-06,R05,21,1,0,Cloudy,93
2025-05-06,R05,22,1,0,Clear,66
2025-05-06,R06,6,1,0,Clear,140
2025-05-06,R06,7,1,0,Clear,283
2025-05-06,R06,8,1,0,Rain,377
2025-05-06,R06,9,1,0,Cloudy,274
2025-05-06,R06,10,1,0,Clear,153
2025-05-06,R06,11,1,0,Cloudy,74
2025-05-06,R06,12,1,0,Clear,62
2025-05-06,R06,13,1,0,Clear,69
2025-05-06,R06,14,1,0,Clear,66
2025-05-06,R06,15,1,0,Clear,111
2025-05-06,R06,16,1,0,Cloudy,168
2025-05-06,R06,17,1,0,Clear,321
2025-05-06,R06,18,1,0,Cloudy,372
2025-05-06,R06,19,1,0,Rain,352
2025-05-06,R06,20,1,0,Cloudy,162
2025-05-06,R06,21,1,0,Cloudy,84
2025-05-06,R06,22,1,0,Clear,67
2025-05-06,R07,6,1,0,Clear,82
2025-05-06,R07,7,1,0,Rain,194
2025-05-06,R07,8,1,0,Cloudy,194
2025-05-06,R07,9,1,0,Clear,175
2025-05-06,R07,10,1,0,Clear,63
2025-05-06,R07,11,1,0,Clear,57
2025-05-06,R07,12,1,0,Rain,44
2025-05-06,R07,13,1,0,Clear,33
2025-05-06,R07,14,1,0,Clear,26
2025-05-06,R07,15,1,0,Clear,64
2025-05-06,R07,16,1,0,Clear,113
2025-05-06,R07,17,1,0,Clear,195
2025-05-06,R07,18,1,0,Clear,222
2025-05-06,R07,19,1,0,Rain,219
2025-05-06,R07,20,1,0,Clear,114
2025-05-06,R07,21,1,0,Clear,50
2025-05-06,R07,22,1,0,Clear,58
2025-05-06,R08,6,1,0,Clear,130
2025-05-06,R08,7,1,0,Clear,218
2025-05-06,R08,8,1,0,Cloudy,284
2025-05-06,R08,9,1,0,Clear,254
2025-05-06,R08,10,1,0,Clear,122
2025-05-06,R08,11,1,0,Cloudy,65
2025-05-06,R08,12,1,0,Cloudy,67
2025-05-06,R08,13,1,0,Clear,49
2025-05-06,R08,14,1,0,Cloudy,66
2025-05-06,R08,15,1,0,Cloudy,64
2025-05-06,R08,16,1,0,Cloudy,157
2025-05-06,R08,17,1,0,Cloudy,271
2025-05-06,R08,18,1,0,Clear,356
2025-05-06,R08,19,1,0,Clear,292
2025-05-06,R08,20,1,0,Clear,164
2025-05-06,R08,21,1,0,Clear,84
2025-05-06,R08,22,1,0,Clear,59
2025-05-07,R01,6,2,0,Rain,147
2025-05-07,R01,7,2,0,Cloudy,207
2025-05-07,R01,8,2,0,Cloudy,293
2025-05-07,R01,9,2,0,Cloudy,212
2025-05-07,R01,10,2,0,Clear,118
2025-05-07,R01,11,2,0,Clear,48
2025-05-07,R01,12,2,0,Clear,62
2025-05-07,R01,13,2,0,Cloudy,43
2025-05-07,R01,14,2,0,Cloudy,64
2025-05-07,R01,15,2,0,Cloudy,63
2025-05-07,R01,16,2,0,Clear,148
2025-05-07,R01,17,2,0,Cloudy,240
2025-05-07,R01,18,2,0,Clear,329
2025-05-07,R01,19,2,0,Clear,279
2025-05-07,R01,20,2,0,Clear,148
2025-05-07,R01,21,2,0,Clear,72
2025-05-07,R01,22,2,0,Cloudy,36
2025-05-07,R02,6,2,0,Clear,131
2025-05-07,R02,7,2,0,Clear,279
2025-05-07,R02,8,2,0,Cloudy,311
2025-05-07,R02,9,2,0,Cloudy,249
2025-05-07,R02,10,2,0,Rain,133
2025-05-07,R02,11,2,0,Clear,56
2025-05-07,R02,12,2,0,Cloudy,36
2025-05-07,R02,13,2,0,Clear,75
2025-05-07,R02,14,2,0,Clear,64
2025-05-07,R02,15,2,0,Cloudy,76
2025-05-07,R02,16,2,0,Clear,187
2025-05-07,R02,17,2,0,Clear,302
2025-05-07,R02,18,2,0,Rain,427
2025-05-07,R02,19,2,0,Cloudy,287
2025-05-07,R02,20,2,0,Clear,188
2025-05-07,R02,21,2,0,Clear,80
2025-05-07,R02,22,2,0,Cloudy,65
2025-05-07,R03,6,2,0,Clear,104
2025-05-07,R03,7,2,0,Clear,160
2025-05-07,R03,8,2,0,Clear,230
2025-05-07,R03,9,2,0,Clear,165
2025-05-07,R03,10,2,0,Cloudy,71
2025-05-07,R03,11,2,0,Cloudy,46
2025-05-07,R03,12,2,0,Clear,48
2025-05-07,R03,13,2,0,Rain,35
2025-05-07,R03,14,2,0,Clear,42
2025-05-07,R03,15,2,0,Cloudy,52
2025-05-07,R03,16,2,0,Clear,134
2025-05-07,R03,17,2,0,Cloudy,217
2025-05-07,R03,18,2,0,Rain,321
2025-05-07,R03,19,2,0,Clear,228
2025-05-07,R03,20,2,0,Rain,141
2025-05-07,R03,21,2,0,Clear,76
2025-05-07,R03,22,2,0,Clear,10
2025-05-07,R04,6,2,0,Cloudy,140
2025-05-07,R04,7,2,0,Clear,292
2025-05-07,R04,8,2,0,Clear,382
2025-05-07,R04,9,2,0,Clear,276
2025-05-07,R04,10,2,0,Cloudy,139
2025-05-07,R04,11,2,0,Clear,116
2025-05-07,R04,12,2,0,Clear,65
2025-05-07,R04,13,2,0,Rain,52
2025-05-07,R04,14,2,0,Clear,67
2025-05-07,R04,15,2,0,Clear,107
2025-05-07,R04,16,2,0,Cloudy,195
2025-05-07,R04,17,2,0,Cloudy,328
2025-05-07,R04,18,2,0,Clear,436
2025-05-07,R04,19,2,0,Cloudy,320
2025-05-07,R04,20,2,0,Clear,218
2025-05-07,R04,21,2,0,Clear,119
2025-05-07,R04,22,2,0,Rain,57
2025-05-07,R05,6,2,0,Clear,97
2025-05-07,R05,7,2,0,Clear,219
2025-05-07,R05,8,2,0,Clear,270
2025-05-07,R05,9,2,0,Cloudy,199
2025-05-07,R05,10,2,0,Cloudy,105
2025-05-07,R05,11,2,0,Cloudy,72
2025-05-07,R05,12,2,0,Cloudy,49
2025-05-07,R05,13,2,0,Clear,54
2025-05-07,R05,14,2,0,Clear,53
2025-05-07,R05,15,2,0,Clear,62
2025-05-07,R05,16,2,0,Cloudy,145
2025-05-07,R05,17,2,0,Clear,242
2025-05-07,R05,18,2,0,Clear,298
2025-05-07,R05,19,2,0,Clear,244
2025-05-07,R05,20,2,0,Cloudy,116
2025-05-07,R05,21,2,0,Clear,101
2025-05-07,R05,22,2,0,Clear,63
2025-05-07,R06,6,2,0,Clear,133
2025-05-07,R06,7,2,0,Clear,295
2025-05-07,R06,8,2,0,Clear,344
2025-05-07,R06,9,2,0,Cloudy,253
2025-05-07,R06,10,2,0,Cloudy,130
2025-05-07,R06,11,2,0,Clear,98
2025-05-07,R06,12,2,0,Clear,79
2025-05-07,R06,13,2,0,Cloudy,57
2025-05-07,R06,14,2,0,Cloudy,63
2025-05-07,R06,15,2,0,Cloudy,102
2025-05-07,R06,16,2,0,Clear,196
2025-05-07,R06,17,2,0,Clear,324
2025-05-07,R06,18,2,0,Cloudy,375
2025-05-07,R06,19,2,0,Cloudy,316
2025-05-07,R06,20,2,0,Clear,164
2025-05-07,R06,21,2,0,Clear,103
2025-05-07,R06,22,2,0,Clear,72
2025-05-07,R07,6,2,0,Clear,102
2025-05-07,R07,7,2,0,Clear,164
2025-05-07,R07,8,2,0,Cloudy,198
2025-05-07,R07,9,2,0,Clear,149
2025-05-07,R07,10,2,0,Rain,85
2025-05-07,R07,11,2,0,Clear,51
2025-05-07,R07,12,2,0,Clear,10
2025-05-07,R07,13,2,0,Cloudy,30
2025-05-07,R07,14,2,0,Cloudy,21
2025-05-07,R07,15,2,0,Cloudy,45
2025-05-07,R07,16,2,0,Clear,83
2025-05-07,R07,17,2,0,Cloudy,161
2025-05-07,R07,18,2,0,Rain,269
2025-05-07,R07,19,2,0,Cloudy,160
2025-05-07,R07,20,2,0,Cloudy,89
2025-05-07,R07,21,2,0,Clear,50
2025-05-07,R07,22,2,0,Cloudy,45
2025-05-07,R08,6,2,0,Clear,126
2025-05-07,R08,7,2,0,Clear,220
2025-05-07,R08,8,2,0,Clear,283
2025-05-07,R08,9,2,0,Clear,237
2025-05-07,R08,10,2,0,Cloudy,118
2025-05-07,R08,11,2,0,Cloudy,78
2025-05-07,R08,12,2,0,Clear,42
2025-05-07,R08,13,2,0,Clear,75
2025-05-07,R08,14,2,0,Cloudy,35
2025-05-07,R08,15,2,0,Clear,65
2025-05-07,R08,16,2,0,Clear,159
2025-05-07,R08,17,2,0,Clear,297
2025-05-07,R08,18,2,0,Cloudy,333
2025-05-07,R08,19,2,0,Clear,271
2025-05-07,R08,20,2,0,Clear,192
2025-05-07,R08,21,2,0,Cloudy,83
2025-05-07,R08,22,2,0,Clear,63
2025-05-08,R01,6,3,0,Cloudy,120
2025-05-08,R01,7,3,0,Cloudy,210
2025-05-08,R01,8,3,0,Cloudy,257
2025-05-08,R01,9,3,0,Clear,242
2025-05-08,R01,10,3,0,Clear,135
2025-05-08,R01,11,3,0,Clear,89
2025-05-08,R01,12,3,0,Cloudy,43
2025-05-08,R01,13,3,0,Cloudy,69
2025-05-08,R01,14,3,0,Clear,39
2025-05-08,R01,15,3,0,Cloudy,73
2025-05-08,R01,16,3,0,Cloudy,150
2025-05-08,R01,17,3,0,Clear,242
2025-05-08,R01,18,3,0,Clear,343
2025-05-08,R01,19,3,0,Clear,253
2025-05-08,R01,20,3,0,Clear,168
2025-05-08,R01,21,3,0,Rain,69
2025-05-08,R01,22,3,0,Clear,54
2025-05-08,R02,6,3,0,Clear,128
2025-05-08,R02,7,3,0,Cloudy,234
2025-05-08,R02,8,3,0,Clear,316
2025-05-08,R02,9,3,0,Rain,269
2025-05-08,R02,10,3,0,Clear,124
2025-05-08,R02,11,3,0,Cloudy,57
2025-05-08,R02,12,3,0,Clear,76
2025-05-08,R02,13,3,0,Clear,77
2025-05-08,R02,14,3,0,Cloudy,42
2025-05-08,R02,15,3,0,Clear,89
2025-05-08,R02,16,3,0,Cloudy,180
2025-05-08,R02,17,3,0,Clear,314
2025-05-08,R02,18,3,0,Rain,410
2025-05-08,R02,19,3,0,Clear,298
2025-05-08,R02,20,3,0,Clear,157
2025-05-08,R02,21,3,0,Cloudy,110
2025-05-08,R02,22,3,0,Clear,68
2025-05-08,R03,6,3,0,Clear,97
2025-05-08,R03,7,3,0,Clear,168
2025-05-08,R03,8,3,0,Cloudy,215
2025-05-08,R03,9,3,0,Cloudy,185
2025-05-08,R03,10,3,0,Clear,76
2025-05-08,R03,11,3,0,Clear,40
2025-05-08,R03,12,3,0,Clear,25
2025-05-08,R03,13,3,0,Cloudy,58
2025-05-08,R03,14,3,0,Cloudy,22
2025-05-08,R03,15,3,0,Cloudy,63
2025-05-08,R03,16,3,0,Cloudy,97
2025-05-08,R03,17,3,0,Clear,215
2025-05-08,R03,18,3,0,Clear,244
2025-05-08,R03,19,3,0,Cloudy,192
2025-05-08,R03,20,3,0,Rain,156
2025-05-08,R03,21,3,0,Clear,70
2025-05-08,R03,22,3,0,Cloudy,43
2025-05-08,R04,6,3,0,Cloudy,153
2025-05-08,R04,7,3,0,Clear,320
2025-05-08,R04,8,3,0,Cloudy,358
2025-05-08,R04,9,3,0,Clear,311
2025-05-08,R04,10,3,0,Clear,173
2025-05-08,R04,11,3,0,Clear,99
2025-05-08,R04,12,3,0,Rain,110
2025-05-08,R04,13,3,0,Cloudy,72
2025-05-08,R04,14,3,0,Clear,87
2025-05-08,R04,15,3,0,Clear,98
2025-05-08,R04,16,3,0,Clear,201
2025-05-08,R04,17,3,0,Clear,350
2025-05-08,R04,18,3,0,Clear,419
2025-05-08,R04,19,3,0,Clear,339
2025-05-08,R04,20,3,0,Clear,200
2025-05-08,R04,21,3,0,Rain,118
2025-05-08,R04,22,3,0,Cloudy,92
2025-05-08,R05,6,3,0,Clear,98
2025-05-08,R05,7,3,0,Clear,195
2025-05-08,R05,8,3,0,Rain,274
2025-05-08,R05,9,3,0,Clear,219
2025-05-08,R05,10,3,0,Cloudy,131
2025-05-08,R05,11,3,0,Clear,59
2025-05-08,R05,12,3,0,Clear,52
2025-05-08,R05,13,3,0,Clear,46
2025-05-08,R05,14,3,0,Clear,61
2025-05-08,R05,15,3,0,Cloudy,55
2025-05-08,R05,16,3,0,Cloudy,139
2025-05-08,R05,17,3,0,Cloudy,230
2025-05-08,R05,18,3,0,Cloudy,296
2025-05-08,R05,19,3,0,Cloudy,243
2025-05-08,R05,20,3,0,Clear,146
2025-05-08,R05,21,3,0,Cloudy,66
2025-05-08,R05,22,3,0,Cloudy,37
2025-05-08,R06,6,3,0,Clear,156
2025-05-08,R06,7,3,0,Rain,302
2025-05-08,R06,8,3,0,Clear,351
2025-05-08,R06,9,3,0,Clear,268
2025-05-08,R06,10,3,0,Cloudy,157
2025-05-08,R06,11,3,0,Clear,101
2025-05-08,R06,12,3,0,Clear,59
2025-05-08,R06,13,3,0,Rain,59
2025-05-08,R06,14,3,0,Clear,64
2025-05-08,R06,15,3,0,Clear,88
2025-05-08,R06,16,3,0,Rain,210
2025-05-08,R06,17,3,0,Clear,324
2025-05-08,R06,18,3,0,Clear,409
2025-05-08,R06,19,3,0,Clear,320
2025-05-08,R06,20,3,0,Cloudy,210
2025-05-08,R06,21,3,0,Cloudy,73
2025-05-08,R06,22,3,0,Clear,67
2025-05-08,R07,6,3,0,Clear,115
2025-05-08,R07,7,3,0,Clear,168
2025-05-08,R07,8,3,0,Cloudy,187
2025-05-08,R07,9,3,0,Clear,163
2025-05-08,R07,10,3,0,Clear,68
2025-05-08,R07,11,3,0,Cloudy,43
2025-05-08,R07,12,3,0,Cloudy,18
2025-05-08,R07,13,3,0,Cloudy,11
2025-05-08,R07,14,3,0,Clear,58
2025-05-08,R07,15,3,0,Clear,47
2025-05-08,R07,16,3,0,Cloudy,83
2025-05-08,R07,17,3,0,Clear,182
2025-05-08,R07,18,3,0,Rain,262
2025-05-08,R07,19,3,0,Cloudy,159
2025-05-08,R07,20,3,0,Clear,100
2025-05-08,R07,21,3,0,Clear,67
2025-05-08,R07,22,3,0,Cloudy,38
2025-05-08,R08,6,3,0,Clear,148
2025-05-08,R08,7,3,0,Clear,252
2025-05-08,R08,8,3,0,Cloudy,298
2025-05-08,R08,9,3,0,Clear,252
2025-05-08,R08,10,3,0,Cloudy,102
2025-05-08,R08,11,3,0,Clear,69
2025-05-08,R08,12,3,0,Rain,91
2025-05-08,R08,13,3,0,Rain,55
2025-05-08,R08,14,3,0,Cloudy,56
2025-05-08,R08,15,3,0,Clear,77
2025-05-08,R08,16,3,0,Cloudy,145
2025-05-08,R08,17,3,0,Clear,298
2025-05-08,R08,18,3,0,Clear,379
2025-05-08,R08,19,3,0,Clear,305
2025-05-08,R08,20,3,0,Rain,201
2025-05-08,R08,21,3,0,Cloudy,56
2025-05-08,R08,22,3,0,Cloudy,55
2025-05-09,R01,6,4,0,Clear,111
2025-05-09,R01,7,4,0,Clear,204
2025-05-09,R01,8,4,0,Clear,294
2025-05-09,R01,9,4,0,Cloudy,202
2025-05-09,R01,10,4,0,Clear,103
2025-05-09,R01,11,4,0,Clear,69
2025-05-09,R01,12,4,0,Clear,35
2025-05-09,R01,13,4,0,Clear,67
2025-05-09,R01,14,4,0,Cloudy,69
2025-05-09,R01,15,4,0,Clear,88
2025-05-09,R01,16,4,0,Cloudy,146
2025-05-09,R01,17,4,0,Clear,258
2025-05-09,R01,18,4,0,Clear,324
2025-05-09,R01,19,4,0,Rain,284
2025-05-09,R01,20,4,0,Clear,129
2025-05-09,R01,21,4,0,Clear,87
2025-05-09,R01,22,4,0,Cloudy,71
2025-05-09,R02,6,4,0,Cloudy,121
2025-05-09,R02,7,4,0,Clear,271
2025-05-09,R02,8,4,0,Clear,331
2025-05-09,R02,9,4,0,Clear,252
2025-05-09,R02,10,4,0,Rain,125
2025-05-09,R02,11,4,0,Cloudy,81
2025-05-09,R02,12,4,0,Clear,67
2025-05-09,R02,13,4,0,Clear,45
2025-05-09,R02,14,4,0,Clear,61
2025-05-09,R02,15,4,0,Clear,92
2025-05-09,R02,16,4,0,Clear,180
2025-05-09,R02,17,4,0,Rain,352
2025-05-09,R02,18,4,0,Clear,375
2025-05-09,R02,19,4,0,Cloudy,267
2025-05-09,R02,20,4,0,Clear,176
2025-05-09,R02,21,4,0,Clear,86
2025-05-09,R02,22,4,0,Cloudy,50
2025-05-09,R03,6,4,0,Clear,108
2025-05-09,R03,7,4,0,Clear,168
2025-05-09,R03,8,4,0,Clear,213
2025-05-09,R03,9,4,0,Clear,173
2025-05-09,R03,10,4,0,Clear,95
2025-05-09,R03,11,4,0,Cloudy,51
2025-05-09,R03,12,4,0,Clear,59
2025-05-09,R03,13,4,0,Rain,36
2025-05-09,R03,14,4,0,Clear,55
2025-05-09,R03,15,4,0,Cloudy,53
2025-05-09,R03,16,4,0,Clear,96
2025-05-09,R03,17,4,0,Clear,228
2025-05-09,R03,18,4,0,Clear,242
2025-05-09,R03,19,4,0,Cloudy,203
2025-05-09,R03,20,4,0,Cloudy,96
2025-05-09,R03,21,4,0,Clear,70
2025-05-09,R03,22,4,0,Cloudy,26
2025-05-09,R04,6,4,0,Clear,136
2025-05-09,R04,7,4,0,Cloudy,275
2025-05-09,R04,8,4,0,Clear,350
2025-05-09,R04,9,4,0,Clear,294
2025-05-09,R04,10,4,0,Clear,168
2025-05-09,R04,11,4,0,Clear,115
2025-05-09,R04,12,4,0,Clear,71
2025-05-09,R04,13,4,0,Rain,73
2025-05-09,R04,14,4,0,Clear,89
2025-05-09,R04,15,4,0,Clear,89
2025-05-09,R04,16,4,0,Clear,189
2025-05-09,R04,17,4,0,Clear,360
2025-05-09,R04,18,4,0,Cloudy,399
2025-05-09,R04,19,4,0,Rain,381
2025-05-09,R04,20,4,0,Rain,221
2025-05-09,R04,21,4,0,Clear,90
2025-05-09,R04,22,4,0,Clear,52
2025-05-09,R05,6,4,0,Clear,98
2025-05-09,R05,7,4,0,Cloudy,190
2025-05-09,R05,8,4,0,Cloudy,257
2025-05-09,R05,9,4,0,Cloudy,195
2025-05-09,R05,10,4,0,Clear,120
2025-05-09,R05,11,4,0,Clear,60
2025-05-09,R05,12,4,0,Rain,65
2025-05-09,R05,13,4,0,Clear,43
2025-05-09,R05,14,4,0,Rain,29
2025-05-09,R05,15,4,0,Clear,65
2025-05-09,R05,16,4,0,Clear,142
2025-05-09,R05,17,4,0,Clear,254
2025-05-09,R05,18,4,0,Clear,295
2025-05-09,R05,19,4,0,Cloudy,234
2025-05-09,R05,20,4,0,Rain,149
2025-05-09,R05,21,4,0,Clear,62
2025-05-09,R05,22,4,0,Clear,59
2025-05-09,R06,6,4,0,Clear,151
2025-05-09,R06,7,4,0,Clear,309
2025-05-09,R06,8,4,0,Clear,343
2025-05-09,R06,9,4,0,Clear,292
2025-05-09,R06,10,4,0,Rain,141
2025-05-09,R06,11,4,0,Clear,97
2025-05-09,R06,12,4,0,Clear,63
2025-05-09,R06,13,4,0,Clear,57
2025-05-09,R06,14,4,0,Clear,73
2025-05-09,R06,15,4,0,Cloudy,97
2025-05-09,R06,16,4,0,Clear,202
2025-05-09,R06,17,4,0,Clear,311
2025-05-09,R06,18,4,0,Clear,380
2025-05-09,R06,19,4,0,Clear,330
2025-05-09,R06,20,4,0,Clear,190
2025-05-09,R06,21,4,0,Clear,113
2025-05-09,R06,22,4,0,Rain,68
2025-05-09,R07,6,4,0,Cloudy,69
2025-05-09,R07,7,4,0,Clear,162
2025-05-09,R07,8,4,0,Cloudy,190
2025-05-09,R07,9,4,0,Clear,165
2025-05-09,R07,10,4,0,Clear,74
2025-05-09,R07,11,4,0,Rain,68
2025-05-09,R07,12,4,0,Clear,40
2025-05-09,R07,13,4,0,Clear,51
2025-05-09,R07,14,4,0,Cloudy,34
2025-05-09,R07,15,4,0,Clear,45
2025-05-09,R07,16,4,0,Rain,123
2025-05-09,R07,17,4,0,Clear,196
2025-05-09,R07,18,4,0,Clear,208
2025-05-09,R07,19,4,0,Cloudy,203
2025-05-09,R07,20,4,0,Clear,97
2025-05-09,R07,21,4,0,Cloudy,54
2025-05-09,R07,22,4,0,Clear,47
2025-05-09,R08,6,4,0,Cloudy,121
2025-05-09,R08,7,4,0,Clear,242
2025-05-09,R08,8,4,0,Cloudy,292
2025-05-09,R08,9,4,0,Cloudy,201
2025-05-09,R08,10,4,0,Cloudy,123
2025-05-09,R08,11,4,0,Rain,70
2025-05-09,R08,12,4,0,Cloudy,67
2025-05-09,R08,13,4,0,Clear,67
2025-05-09,R08,14,4,0,Cloudy,37
2025-05-09,R08,15,4,0,Clear,66
2025-05-09,R08,16,4,0,Cloudy,181
2025-05-09,R08,17,4,0,Clear,253
2025-05-09,R08,18,4,0,Clear,342
2025-05-09,R08,19,4,0,Clear,270
2025-05-09,R08,20,4,0,Clear,181
2025-05-09,R08,21,4,0,Clear,84
2025-05-09,R08,22,4,0,Clear,50
2025-05-10,R01,6,5,1,Cloudy,75
2025-05-10,R01,7,5,1,Rain,190
2025-05-10,R01,8,5,1,Clear,198
2025-05-10,R01,9,5,1,Cloudy,147
2025-05-10,R01,10,5,1,Clear,57
2025-05-10,R01,11,5,1,Clear,59
2025-05-10,R01,12,5,1,Clear,21
2025-05-10,R01,13,5,1,Clear,39
2025-05-10,R01,14,5,1,Clear,26
2025-05-10,R01,15,5,1,Clear,53
2025-05-10,R01,16,5,1,Clear,101
2025-05-10,R01,17,5,1,Cloudy,205
2025-05-10,R01,18,5,1,Clear,211
2025-05-10,R01,19,5,1,Clear,180
2025-05-10,R01,20,5,1,Clear,99
2025-05-10,R01,21,5,1,Rain,41
2025-05-10,R01,22,5,1,Cloudy,40
2025-05-10,R02,6,5,1,Clear,106
2025-05-10,R02,7,5,1,Cloudy,150
2025-05-10,R02,8,5,1,Clear,222
2025-05-10,R02,9,5,1,Rain,194
2025-05-10,R02,10,5,1,Clear,105
2025-05-10,R02,11,5,1,Rain,68
2025-05-10,R02,12,5,1,Cloudy,16
2025-05-10,R02,13,5,1,Cloudy,65
2025-05-10,R02,14,5,1,Cloudy,48
2025-05-10,R02,15,5,1,Rain,69
2025-05-10,R02,16,5,1,Rain,142
2025-05-10,R02,17,5,1,Clear,228
2025-05-10,R02,18,5,1,Cloudy,239
2025-05-10,R02,19,5,1,Cloudy,192
2025-05-10,R02,20,5,1,Cloudy,96
2025-05-10,R02,21,5,1,Cloudy,55
2025-05-10,R02,22,5,1,Cloudy,49
2025-05-10,R03,6,5,1,Cloudy,57
2025-05-10,R03,7,5,1,Clear,118
2025-05-10,R03,8,5,1,Clear,180
2025-05-10,R03,9,5,1,Rain,138
2025-05-10,R03,10,5,1,Rain,75
2025-05-10,R03,11,5,1,Rain,47
2025-05-10,R03,12,5,1,Clear,42
2025-05-10,R03,13,5,1,Clear,29
2025-05-10,R03,14,5,1,Cloudy,17
2025-05-10,R03,15,5,1,Clear,50
2025-05-10,R03,16,5,1,Cloudy,93
2025-05-10,R03,17,5,1,Cloudy,143
2025-05-10,R03,18,5,1,Cloudy,178
2025-05-10,R03,19,5,1,Rain,155
2025-05-10,R03,20,5,1,Cloudy,68
2025-05-10,R03,21,5,1,Clear,46
2025-05-10,R03,22,5,1,Rain,26
2025-05-10,R04,6,5,1,Rain,138
2025-05-10,R04,7,5,1,Cloudy,197
2025-05-10,R04,8,5,1,Rain,278
2025-05-10,R04,9,5,1,Cloudy,175
2025-05-10,R04,10,5,1,Cloudy,116
2025-05-10,R04,11,5,1,Clear,46
2025-05-10,R04,12,5,1,Clear,47
2025-05-10,R04,13,5,1,Clear,50
2025-05-10,R04,14,5,1,Rain,43
2025-05-10,R04,15,5,1,Cloudy,65
2025-05-10,R04,16,5,1,Clear,154
2025-05-10,R04,17,5,1,Clear,220
2025-05-10,R04,18,5,1,Rain,338
2025-05-10,R04,19,5,1,Clear,241
2025-05-10,R04,20,5,1,Cloudy,120
2025-05-10,R04,21,5,1,Cloudy,47
2025-05-10,R04,22,5,1,Cloudy,45
2025-05-10,R05,6,5,1,Clear,68
2025-05-10,R05,7,5,1,Clear,140
2025-05-10,R05,8,5,1,Clear,190
2025-05-10,R05,9,5,1,Rain,135
2025-05-10,R05,10,5,1,Rain,85
2025-05-10,R05,11,5,1,Cloudy,63
2025-05-10,R05,12,5,1,Clear,27
2025-05-10,R05,13,5,1,Cloudy,36
2025-05-10,R05,14,5,1,Rain,12
2025-05-10,R05,15,5,1,Rain,35
2025-05-10,R05,16,5,1,Cloudy,81
2025-05-10,R05,17,5,1,Clear,186
2025-05-10,R05,18,5,1,Clear,199
2025-05-10,R05,19,5,1,Rain,191
2025-05-10,R05,20,5,1,Clear,89
2025-05-10,R05,21,5,1,Clear,34
2025-05-10,R05,22,5,1,Rain,35
2025-05-10,R06,6,5,1,Cloudy,101
2025-05-10,R06,7,5,1,Clear,202
2025-05-10,R06,8,5,1,Cloudy,223
2025-05-10,R06,9,5,1,Clear,193
2025-05-10,R06,10,5,1,Rain,110
2025-05-10,R06,11,5,1,Clear,56
2025-05-10,R06,12,5,1,Cloudy,29
2025-05-10,R06,13,5,1,Clear,32
2025-05-10,R06,14,5,1,Clear,31
2025-05-10,R06,15,5,1,Clear,60
2025-05-10,R06,16,5,1,Clear,139
2025-05-10,R06,17,5,1,Clear,243
2025-05-10,R06,18,5,1,Rain,311
2025-05-10,R06,19,5,1,Clear,227
2025-05-10,R06,20,5,1,Cloudy,119
2025-05-10,R06,21,5,1,Clear,79
2025-05-10,R06,22,5,1,Clear,89
2025-05-10,R07,6,5,1,Cloudy,57
2025-05-10,R07,7,5,1,Clear,115
2025-05-10,R07,8,5,1,Clear,141
2025-05-10,R07,9,5,1,Clear,134
2025-05-10,R07,10,5,1,Clear,55
2025-05-10,R07,11,5,1,Clear,20
2025-05-10,R07,12,5,1,Clear,35
2025-05-10,R07,13,5,1,Cloudy,12
2025-05-10,R07,14,5,1,Clear,31
2025-05-10,R07,15,5,1,Clear,39
2025-05-10,R07,16,5,1,Rain,86
2025-05-10,R07,17,5,1,Cloudy,121
2025-05-10,R07,18,5,1,Clear,133
2025-05-10,R07,19,5,1,Cloudy,128
2025-05-10,R07,20,5,1,Clear,78
2025-05-10,R07,21,5,1,Clear,54
2025-05-10,R07,22,5,1,Rain,19
2025-05-10,R08,6,5,1,Clear,62
2025-05-10,R08,7,5,1,Clear,174
2025-05-10,R08,8,5,1,Clear,219
2025-05-10,R08,9,5,1,Clear,172
2025-05-10,R08,10,5,1,Cloudy,51
2025-05-10,R08,11,5,1,Cloudy,74
2025-05-10,R08,12,5,1,Clear,10
2025-05-10,R08,13,5,1,Clear,12
2025-05-10,R08,14,5,1,Cloudy,21
2025-05-10,R08,15,5,1,Clear,69
2025-05-10,R08,16,5,1,Rain,140
2025-05-10,R08,17,5,1,Clear,196
2025-05-10,R08,18,5,1,Cloudy,233
2025-05-10,R08,19,5,1,Clear,184
2025-05-10,R08,20,5,1,Clear,97
2025-05-10,R08,21,5,1,Cloudy,33
2025-05-10,R08,22,5,1,Clear,49
2025-05-11,R01,6,6,1,Cloudy,91
2025-05-11,R01,7,6,1,Cloudy,122
2025-05-11,R01,8,6,1,Rain,199
2025-05-11,R01,9,6,1,Clear,142
2025-05-11,R01,10,6,1,Clear,63
2025-05-11,R01,11,6,1,Clear,48
2025-05-11,R01,12,6,1,Clear,30
2025-05-11,R01,13,6,1,Clear,53
2025-05-11,R01,14,6,1,Clear,27
2025-05-11,R01,15,6,1,Cloudy,62
2025-05-11,R01,16,6,1,Clear,80
2025-05-11,R01,17,6,1,Clear,168
2025-05-11,R01,18,6,1,Rain,241
2025-05-11,R01,19,6,1,Clear,182
2025-05-11,R01,20,6,1,Cloudy,116
2025-05-11,R01,21,6,1,Cloudy,54
2025-05-11,R01,22,6,1,Rain,45
2025-05-11,R02,6,6,1,Cloudy,75
2025-05-11,R02,7,6,1,Clear,164
2025-05-11,R02,8,6,1,Cloudy,205
2025-05-11,R02,9,6,1,Clear,176
2025-05-11,R02,10,6,1,Cloudy,86
2025-05-11,R02,11,6,1,Cloudy,53
2025-05-11,R02,12,6,1,Clear,60
2025-05-11,R02,13,6,1,Clear,40
2025-05-11,R02,14,6,1,Rain,59
2025-05-11,R02,15,6,1,Clear,50
2025-05-11,R02,16,6,1,Clear,141
2025-05-11,R02,17,6,1,Clear,208
2025-05-11,R02,18,6,1,Clear,278
2025-05-11,R02,19,6,1,Clear,205
2025-05-11,R02,20,6,1,Cloudy,106
2025-05-11,R02,21,6,1,Clear,54
2025-05-11,R02,22,6,1,Clear,28
2025-05-11,R03,6,6,1,Cloudy,75
2025-05-11,R03,7,6,1,Clear,111
2025-05-11,R03,8,6,1,Rain,177
2025-05-11,R03,9,6,1,Clear,105
2025-05-11,R03,10,6,1,Rain,98
2025-05-11,R03,11,6,1,Cloudy,48
2025-05-11,R03,12,6,1,Rain,44
2025-05-11,R03,13,6,1,Cloudy,10
2025-05-11,R03,14,6,1,Rain,35
2025-05-11,R03,15,6,1,Clear,41
2025-05-11,R03,16,6,1,Cloudy,70
2025-05-11,R03,17,6,1,Clear,166
2025-05-11,R03,18,6,1,Clear,157
2025-05-11,R03,19,6,1,Clear,154
2025-05-11,R03,20,6,1,Cloudy,67
2025-05-11,R03,21,6,1,Rain,31
2025-05-11,R03,22,6,1,Clear,25
2025-05-11,R04,6,6,1,Cloudy,96
2025-05-11,R04,7,6,1,Clear,207
2025-05-11,R04,8,6,1,Clear,274
2025-05-11,R04,9,6,1,Clear,199
2025-05-11,R04,10,6,1,Clear,83
2025-05-11,R04,11,6,1,Clear,47
2025-05-11,R04,12,6,1,Clear,44
2025-05-11,R04,13,6,1,Rain,44
2025-05-11,R04,14,6,1,Clear,59
2025-05-11,R04,15,6,1,Cloudy,72
2025-05-11,R04,16,6,1,Clear,148
2025-05-11,R04,17,6,1,Rain,232
2025-05-11,R04,18,6,1,Clear,308
2025-05-11,R04,19,6,1,Clear,215
2025-05-11,R04,20,6,1,Cloudy,136
2025-05-11,R04,21,6,1,Cloudy,86
2025-05-11,R04,22,6,1,Clear,23
2025-05-11,R05,6,6,1,Rain,51
2025-05-11,R05,7,6,1,Clear,140
2025-05-11,R05,8,6,1,Cloudy,164
2025-05-11,R05,9,6,1,Clear,123
2025-05-11,R05,10,6,1,Cloudy,39
2025-05-11,R05,11,6,1,Clear,56
2025-05-11,R05,12,6,1,Clear,15
2025-05-11,R05,13,6,1,Cloudy,69
2025-05-11,R05,14,6,1,Clear,18
2025-05-11,R05,15,6,1,Rain,40
2025-05-11,R05,16,6,1,Clear,59
2025-05-11,R05,17,6,1,Clear,150
2025-05-11,R05,18,6,1,Clear,193
2025-05-11,R05,19,6,1,Clear,167
2025-05-11,R05,20,6,1,Clear,104
2025-05-11,R05,21,6,1,Cloudy,38
2025-05-11,R05,22,6,1,Clear,42
2025-05-11,R06,6,6,1,Clear,123
2025-05-11,R06,7,6,1,Clear,182
2025-05-11,R06,8,6,1,Clear,231
2025-05-11,R06,9,6,1,Cloudy,160
2025-05-11,R06,10,6,1,Rain,108
2025-05-11,R06,11,6,1,Cloudy,72
2025-05-11,R06,12,6,1,Cloudy,39
2025-05-11,R06,13,6,1,Clear,50
2025-05-11,R06,14,6,1,Cloudy,43
2025-05-11,R06,15,6,1,Cloudy,60
2025-05-11,R06,16,6,1,Rain,174
2025-05-11,R06,17,6,1,Clear,225
2025-05-11,R06,18,6,1,Clear,285
2025-05-11,R06,19,6,1,Clear,228
2025-05-11,R06,20,6,1,Rain,138
2025-05-11,R06,21,6,1,Clear,34
2025-05-11,R06,22,6,1,Cloudy,34
2025-05-11,R07,6,6,1,Clear,78
2025-05-11,R07,7,6,1,Clear,82
2025-05-11,R07,8,6,1,Clear,126
2025-05-11,R07,9,6,1,Clear,96
2025-05-11,R07,10,6,1,Cloudy,67
2025-05-11,R07,11,6,1,Clear,53
2025-05-11,R07,12,6,1,Rain,10
2025-05-11,R07,13,6,1,Cloudy,20
2025-05-11,R07,14,6,1,Clear,40
2025-05-11,R07,15,6,1,Rain,32
2025-05-11,R07,16,6,1,Clear,81
2025-05-11,R07,17,6,1,Clear,123
2025-05-11,R07,18,6,1,Cloudy,177
2025-05-11,R07,19,6,1,Rain,131
2025-05-11,R07,20,6,1,Clear,83
2025-05-11,R07,21,6,1,Clear,31
2025-05-11,R07,22,6,1,Clear,28
2025-05-11,R08,6,6,1,Clear,69
2025-05-11,R08,7,6,1,Clear,172
2025-05-11,R08,8,6,1,Clear,226
2025-05-11,R08,9,6,1,Rain,160
2025-05-11,R08,10,6,1,Cloudy,70
2025-05-11,R08,11,6,1,Clear,62
2025-05-11,R08,12,6,1,Clear,32
2025-05-11,R08,13,6,1,Rain,39
2025-05-11,R08,14,6,1,Clear,24
2025-05-11,R08,15,6,1,Cloudy,71
2025-05-11,R08,16,6,1,Clear,93
2025-05-11,R08,17,6,1,Clear,192
2025-05-11,R08,18,6,1,Clear,230
2025-05-11,R08,19,6,1,Clear,205
2025-05-11,R08,20,6,1,Clear,147
2025-05-11,R08,21,6,1,Clear,34
2025-05-11,R08,22,6,1,Clear,30
2025-05-12,R01,6,0,0,Clear,111
2025-05-12,R01,7,0,0,Clear,201
2025-05-12,R01,8,0,0,Clear,281
2025-05-12,R01,9,0,0,Clear,232
2025-05-12,R01,10,0,0,Clear,120
2025-05-12,R01,11,0,0,Clear,72
2025-05-12,R01,12,0,0,Clear,40
2025-05-12,R01,13,0,0,Cloudy,56
2025-05-12,R01,14,0,0,Rain,62
2025-05-12,R01,15,0,0,Cloudy,56
2025-05-12,R01,16,0,0,Clear,149
2025-05-12,R01,17,0,0,Clear,251
2025-05-12,R01,18,0,0,Clear,365
2025-05-12,R01,19,0,0,Clear,274
2025-05-12,R01,20,0,0,Cloudy,142
2025-05-12,R01,21,0,0,Clear,97
2025-05-12,R01,22,0,0,Clear,63
2025-05-12,R02,6,0,0,Rain,135
2025-05-12,R02,7,0,0,Clear,284
2025-05-12,R02,8,0,0,Clear,312
2025-05-12,R02,9,0,0,Clear,281
2025-05-12,R02,10,0,0,Clear,141
2025-05-12,R02,11,0,0,Clear,75
2025-05-12,R02,12,0,0,Cloudy,45
2025-05-12,R02,13,0,0,Cloudy,59
2025-05-12,R02,14,0,0,Clear,72
2025-05-12,R02,15,0,0,Clear,99
2025-05-12,R02,16,0,0,Cloudy,168
2025-05-12,R02,17,0,0,Clear,304
2025-05-12,R02,18,0,0,Clear,388
2025-05-12,R02,19,0,0,Clear,301
2025-05-12,R02,20,0,0,Clear,174
2025-05-12,R02,21,0,0,Rain,107
2025-05-12,R02,22,0,0,Clear,64
2025-05-12,R03,6,0,0,Clear,76
2025-05-12,R03,7,0,0,Cloudy,172
2025-05-12,R03,8,0,0,Clear,234
2025-05-12,R03,9,0,0,Clear,182
2025-05-12,R03,10,0,0,Clear,93
2025-05-12,R03,11,0,0,Clear,47
2025-05-12,R03,12,0,0,Cloudy,39
2025-05-12,R03,13,0,0,Rain,34
2025-05-12,R03,14,0,0,Cloudy,62
2025-05-12,R03,15,0,0,Cloudy,66
2025-05-12,R03,16,0,0,Clear,126
2025-05-12,R03,17,0,0,Rain,204
2025-05-12,R03,18,0,0,Cloudy,263
2025-05-12,R03,19,0,0,Clear,200
2025-05-12,R03,20,0,0,Clear,115
2025-05-12,R03,21,0,0,Cloudy,52
2025-05-12,R03,22,0,0,Clear,50
2025-05-12,R04,6,0,0,Cloudy,135
2025-05-12,R04,7,0,0,Cloudy,290
2025-05-12,R04,8,0,0,Clear,385
2025-05-12,R04,9,0,0,Clear,288
2025-05-12,R04,10,0,0,Clear,139
2025-05-12,R04,11,0,0,Cloudy,85
2025-05-12,R04,12,0,0,Cloudy,42
2025-05-12,R04,13,0,0,Clear,57
2025-05-12,R04,14,0,0,Rain,79
2025-05-12,R04,15,0,0,Clear,102
2025-05-12,R04,16,0,0,Cloudy,180
2025-05-12,R04,17,0,0,Clear,362
2025-05-12,R04,18,0,0,Clear,420
2025-05-12,R04,19,0,0,Rain,378
2025-05-12,R04,20,0,0,Clear,203
2025-05-12,R04,21,0,0,Rain,117
2025-05-12,R04,22,0,0,Cloudy,52
2025-05-12,R05,6,0,0,Clear,112
2025-05-12,R05,7,0,0,Clear,201
2025-05-12,R05,8,0,0,Clear,259
2025-05-12,R05,9,0,0,Cloudy,200
2025-05-12,R05,10,0,0,Clear,97
2025-05-12,R05,11,0,0,Cloudy,53
2025-05-12,R05,12,0,0,Cloudy,44
2025-05-12,R05,13,0,0,Clear,51
2025-05-12,R05,14,0,0,Rain,47
2025-05-12,R05,15,0,0,Clear,81
2025-05-12,R05,16,0,0,Cloudy,144
2025-05-12,R05,17,0,0,Clear,258
2025-05-12,R05,18,0,0,Cloudy,268
2025-05-12,R05,19,0,0,Clear,257
2025-05-12,R05,20,0,0,Cloudy,144
2025-05-12,R05,21,0,0,Clear,98
2025-05-12,R05,22,0,0,Rain,41
2025-05-12,R06,6,0,0,Cloudy,156
2025-05-12,R06,7,0,0,Clear,251
2025-05-12,R06,8,0,0,Clear,363
2025-05-12,R06,9,0,0,Clear,289
2025-05-12,R06,10,0,0,Clear,157
2025-05-12,R06,11,0,0,Cloudy,55
2025-05-12,R06,12,0,0,Rain,88
2025-05-12,R06,13,0,0,Clear,96
2025-05-12,R06,14,0,0,Clear,54
2025-05-12,R06,15,0,0,Clear,93
2025-05-12,R06,16,0,0,Cloudy,165
2025-05-12,R06,17,0,0,Clear,333
2025-05-12,R06,18,0,0,Rain,434
2025-05-12,R06,19,0,0,Clear,334
2025-05-12,R06,20,0,0,Cloudy,172
2025-05-12,R06,21,0,0,Clear,99
2025-05-12,R06,22,0,0,Rain,74
2025-05-12,R07,6,0,0,Clear,61
2025-05-12,R07,7,0,0,Clear,159
2025-05-12,R07,8,0,0,Cloudy,170
2025-05-12,R07,9,0,0,Clear,140
2025-05-12,R07,10,0,0,Cloudy,97
2025-05-12,R07,11,0,0,Cloudy,51
2025-05-12,R07,12,0,0,Clear,43
2025-05-12,R07,13,0,0,Clear,37
2025-05-12,R07,14,0,0,Cloudy,67
2025-05-12,R07,15,0,0,Clear,57
2025-05-12,R07,16,0,0,Clear,105
2025-05-12,R07,17,0,0,Clear,185
2025-05-12,R07,18,0,0,Rain,268
2025-05-12,R07,19,0,0,Clear,187
2025-05-12,R07,20,0,0,Clear,111
2025-05-12,R07,21,0,0,Clear,72
2025-05-12,R07,22,0,0,Clear,46
2025-05-12,R08,6,0,0,Clear,148
2025-05-12,R08,7,0,0,Rain,278
2025-05-12,R08,8,0,0,Clear,299
2025-05-12,R08,9,0,0,Clear,226
2025-05-12,R08,10,0,0,Rain,162
2025-05-12,R08,11,0,0,Clear,82
2025-05-12,R08,12,0,0,Clear,65
2025-05-12,R08,13,0,0,Cloudy,56
2025-05-12,R08,14,0,0,Clear,60
2025-05-12,R08,15,0,0,Clear,76
2025-05-12,R08,16,0,0,Cloudy,144
2025-05-12,R08,17,0,0,Cloudy,253
2025-05-12,R08,18,0,0,Clear,332
2025-05-12,R08,19,0,0,Clear,274
2025-05-12,R08,20,0,0,Rain,175
2025-05-12,R08,21,0,0,Clear,106
2025-05-12,R08,22,0,0,Cloudy,36
2025-05-13,R01,6,1,0,Cloudy,111
2025-05-13,R01,7,1,0,Cloudy,229
2025-05-13,R01,8,1,0,Clear,296
2025-05-13,R01,9,1,0,Rain,242
2025-05-13,R01,10,1,0,Cloudy,101
2025-05-13,R01,11,1,0,Rain,44
2025-05-13,R01,12,1,0,Clear,53
2025-05-13,R01,13,1,0,Cloudy,57
2025-05-13,R01,14,1,0,Clear,45
2025-05-13,R01,15,1,0,Clear,94
2025-05-13,R01,16,1,0,Clear,147
2025-05-13,R01,17,1,0,Clear,265
2025-05-13,R01,18,1,0,Clear,320
2025-05-13,R01,19,1,0,Cloudy,260
2025-05-13,R01,20,1,0,Cloudy,156
2025-05-13,R01,21,1,0,Clear,85
2025-05-13,R01,22,1,0,Cloudy,47
2025-05-13,R02,6,1,0,Clear,138
2025-05-13,R02,7,1,0,Clear,291
2025-05-13,R02,8,1,0,Clear,356
2025-05-13,R02,9,1,0,Cloudy,245
2025-05-13,R02,10,1,0,Clear,123
2025-05-13,R02,11,1,0,Clear,88
2025-05-13,R02,12,1,0,Rain,60
2025-05-13,R02,13,1,0,Cloudy,75
2025-05-13,R02,14,1,0,Clear,55
2025-05-13,R02,15,1,0,Clear,86
2025-05-13,R02,16,1,0,Clear,160
2025-05-13,R02,17,1,0,Cloudy,315
2025-05-13,R02,18,1,0,Cloudy,343
2025-05-13,R02,19,1,0,Rain,350
2025-05-13,R02,20,1,0,Cloudy,163
2025-05-13,R02,21,1,0,Cloudy,80
2025-05-13,R02,22,1,0,Rain,64
2025-05-13,R03,6,1,0,Clear,115
2025-05-13,R03,7,1,0,Cloudy,210
2025-05-13,R03,8,1,0,Cloudy,235
2025-05-13,R03,9,1,0,Cloudy,146
2025-05-13,R03,10,1,0,Clear,108
2025-05-13,R03,11,1,0,Clear,50
2025-05-13,R03,12,1,0,Cloudy,38
2025-05-13,R03,13,1,0,Clear,28
2025-05-13,R03,14,1,0,Rain,52
2025-05-13,R03,15,1,0,Clear,64
2025-05-13,R03,16,1,0,Cloudy,122
2025-05-13,R03,17,1,0,Clear,211
2025-05-13,R03,18,1,0,Clear,276
2025-05-13,R03,19,1,0,Clear,215
2025-05-13,R03,20,1,0,Clear,124
2025-05-13,R03,21,1,0,Clear,64
2025-05-13,R03,22,1,0,Cloudy,54
2025-05-13,R04,6,1,0,Rain,169
2025-05-13,R04,7,1,0,Clear,304
2025-05-13,R04,8,1,0,Clear,382
2025-05-13,R04,9,1,0,Clear,317
2025-05-13,R04,10,1,0,Cloudy,144
2025-05-13,R04,11,1,0,Rain,109
2025-05-13,R04,12,1,0,Clear,74
2025-05-13,R04,13,1,0,Clear,86
2025-05-13,R04,14,1,0,Clear,75
2025-05-13,R04,15,1,0,Clear,100
2025-05-13,R04,16,1,0,Cloudy,183
2025-05-13,R04,17,1,0,Cloudy,358
2025-05-13,R04,18,1,0,Rain,479
2025-05-13,R04,19,1,0,Clear,352
2025-05-13,R04,20,1,0,Clear,196
2025-05-13,R04,21,1,0,Cloudy,103
2025-05-13,R04,22,1,0,Cloudy,37
2025-05-13,R05,6,1,0,Clear,109
2025-05-13,R05,7,1,0,Clear,210
2025-05-13,R05,8,1,0,Clear,246
2025-05-13,R05,9,1,0,Clear,195
2025-05-13,R05,10,1,0,Clear,98
2025-05-13,R05,11,1,0,Clear,60
2025-05-13,R05,12,1,0,Clear,45
2025-05-13,R05,13,1,0,Clear,45
2025-05-13,R05,14,1,0,Rain,36
2025-05-13,R05,15,1,0,Clear,89
2025-05-13,R05,16,1,0,Clear,161
2025-05-13,R05,17,1,0,Clear,229
2025-05-13,R05,18,1,0,Clear,300
2025-05-13,R05,19,1,0,Clear,244
2025-05-13,R05,20,1,0,Clear,147
2025-05-13,R05,21,1,0,Cloudy,64
2025-05-13,R05,22,1,0,Cloudy,62
2025-05-13,R06,6,1,0,Clear,132
2025-05-13,R06,7,1,0,Cloudy,268
2025-05-13,R06,8,1,0,Clear,358
2025-05-13,R06,9,1,0,Rain,286
2025-05-13,R06,10,1,0,Clear,142
2025-05-13,R06,11,1,0,Cloudy,60
2025-05-13,R06,12,1,0,Clear,92
2025-05-13,R06,13,1,0,Clear,61
2025-05-13,R06,14,1,0,Clear,62
2025-05-13,R06,15,1,0,Cloudy,68
2025-05-13,R06,16,1,0,Clear,191
2025-05-13,R06,17,1,0,Clear,321
2025-05-13,R06,18,1,0,Clear,410
2025-05-13,R06,19,1,0,Clear,347
2025-05-13,R06,20,1,0,Clear,198
2025-05-13,R06,21,1,0,Clear,84
2025-05-13,R06,22,1,0,Clear,62
2025-05-13,R07,6,1,0,Clear,66
2025-05-13,R07,7,1,0,Clear,149
2025-05-13,R07,8,1,0,Clear,217
2025-05-13,R07,9,1,0,Clear,150
2025-05-13,R07,10,1,0,Rain,102
2025-05-13,R07,11,1,0,Cloudy,36
2025-05-13,R07,12,1,0,Cloudy,46
2025-05-13,R07,13,1,0,Rain,26
2025-05-13,R07,14,1,0,Clear,23
2025-05-13,R07,15,1,0,Clear,83
2025-05-13,R07,16,1,0,Cloudy,88
2025-05-13,R07,17,1,0,Cloudy,191
2025-05-13,R07,18,1,0,Cloudy,224
2025-05-13,R07,19,1,0,Clear,178
2025-05-13,R07,20,1,0,Clear,98
2025-05-13,R07,21,1,0,Rain,58
2025-05-13,R07,22,1,0,Clear,54
2025-05-13,R08,6,1,0,Cloudy,115
2025-05-13,R08,7,1,0,Cloudy,237
2025-05-13,R08,8,1,0,Clear,315
2025-05-13,R08,9,1,0,Clear,248
2025-05-13,R08,10,1,0,Clear,157
2025-05-13,R08,11,1,0,Clear,79
2025-05-13,R08,12,1,0,Clear,62
2025-05-13,R08,13,1,0,Clear,32
2025-05-13,R08,14,1,0,Cloudy,75
2025-05-13,R08,15,1,0,Clear,97
2025-05-13,R08,16,1,0,Clear,169
2025-05-13,R08,17,1,0,Clear,282
2025-05-13,R08,18,1,0,Cloudy,309
2025-05-13,R08,19,1,0,Cloudy,277
2025-05-13,R08,20,1,0,Clear,165
2025-05-13,R08,21,1,0,Clear,112
2025-05-13,R08,22,1,0,Clear,69
2025-05-14,R01,6,2,0,Clear,119
2025-05-14,R01,7,2,0,Clear,252
2025-05-14,R01,8,2,0,Cloudy,265
2025-05-14,R01,9,2,0,Clear,245
2025-05-14,R01,10,2,0,Clear,92
2025-05-14,R01,11,2,0,Cloudy,96
2025-05-14,R01,12,2,0,Clear,66
2025-05-14,R01,13,2,0,Cloudy,36
2025-05-14,R01,14,2,0,Clear,84
2025-05-14,R01,15,2,0,Clear,50
2025-05-14,R01,16,2,0,Clear,133
2025-05-14,R01,17,2,0,Clear,268
2025-05-14,R01,18,2,0,Cloudy,320
2025-05-14,R01,19,2,0,Clear,266
2025-05-14,R01,20,2,0,Rain,142
2025-05-14,R01,21,2,0,Clear,68
2025-05-14,R01,22,2,0,Clear,48
2025-05-14,R02,6,2,0,Rain,159
2025-05-14,R02,7,2,0,Cloudy,243
2025-05-14,R02,8,2,0,Cloudy,334
2025-05-14,R02,9,2,0,Rain,304
2025-05-14,R02,10,2,0,Clear,116
2025-05-14,R02,11,2,0,Clear,85
2025-05-14,R02,12,2,0,Clear,45
2025-05-14,R02,13,2,0,Cloudy,78
2025-05-14,R02,14,2,0,Rain,81
2025-05-14,R02,15,2,0,Rain,100
2025-05-14,R02,16,2,0,Clear,172
2025-05-14,R02,17,2,0,Cloudy,295
2025-05-14,R02,18,2,0,Cloudy,373
2025-05-14,R02,19,2,0,Clear,313
2025-05-14,R02,20,2,0,Clear,175
2025-05-14,R02,21,2,0,Cloudy,74
2025-05-14,R02,22,2,0,Clear,62
2025-05-14,R03,6,2,0,Rain,123
2025-05-14,R03,7,2,0,Clear,193
2025-05-14,R03,8,2,0,Clear,251
2025-05-14,R03,9,2,0,Cloudy,156
2025-05-14,R03,10,2,0,Clear,74
2025-05-14,R03,11,2,0,Clear,63
2025-05-14,R03,12,2,0,Clear,23
2025-05-14,R03,13,2,0,Clear,61
2025-05-14,R03,14,2,0,Cloudy,53
2025-05-14,R03,15,2,0,Clear,69
2025-05-14,R03,16,2,0,Cloudy,100
2025-05-14,R03,17,2,0,Cloudy,201
2025-05-14,R03,18,2,0,Clear,261
2025-05-14,R03,19,2,0,Clear,219
2025-05-14,R03,20,2,0,Clear,147
2025-05-14,R03,21,2,0,Cloudy,47
2025-05-14,R03,22,2,0,Cloudy,38
2025-05-14,R04,6,2,0,Cloudy,148
2025-05-14,R04,7,2,0,Rain,348
2025-05-14,R04,8,2,0,Clear,383
2025-05-14,R04,9,2,0,Rain,337
2025-05-14,R04,10,2,0,Clear,180
2025-05-14,R04,11,2,0,Clear,91
2025-05-14,R04,12,2,0,Clear,65
2025-05-14,R04,13,2,0,Clear,86
2025-05-14,R04,14,2,0,Rain,105
2025-05-14,R04,15,2,0,Rain,125
2025-05-14,R04,16,2,0,Rain,213
2025-05-14,R04,17,2,0,Clear,347
2025-05-14,R04,18,2,0,Clear,457
2025-05-14,R04,19,2,0,Rain,398
2025-05-14,R04,20,2,0,Clear,198
2025-05-14,R04,21,2,0,Clear,82
2025-05-14,R04,22,2,0,Cloudy,81
2025-05-14,R05,6,2,0,Clear,120
2025-05-14,R05,7,2,0,Clear,220
2025-05-14,R05,8,2,0,Rain,284
2025-05-14,R05,9,2,0,Rain,226
2025-05-14,R05,10,2,0,Clear,127
2025-05-14,R05,11,2,0,Cloudy,25
2025-05-14,R05,12,2,0,Cloudy,42
2025-05-14,R05,13,2,0,Cloudy,25
2025-05-14,R05,14,2,0,Clear,39
2025-05-14,R05,15,2,0,Clear,88
2025-05-14,R05,16,2,0,Clear,140
2025-05-14,R05,17,2,0,Rain,258
2025-05-14,R05,18,2,0,Clear,312
2025-05-14,R05,19,2,0,Clear,240
2025-05-14,R05,20,2,0,Clear,140
2025-05-14,R05,21,2,0,Clear,77
2025-05-14,R05,22,2,0,Clear,71
2025-05-14,R06,6,2,0,Clear,150
2025-05-14,R06,7,2,0,Clear,270
2025-05-14,R06,8,2,0,Clear,359
2025-05-14,R06,9,2,0,Clear,283
2025-05-14,R06,10,2,0,Clear,140
2025-05-14,R06,11,2,0,Cloudy,74
2025-05-14,R06,12,2,0,Cloudy,60
2025-05-14,R06,13,2,0,Cloudy,76
2025-05-14,R06,14,2,0,Cloudy,32
2025-05-14,R06,15,2,0,Clear,103
2025-05-14,R06,16,2,0,Clear,199
2025-05-14,R06,17,2,0,Clear,342
2025-05-14,R06,18,2,0,Rain,420
2025-05-14,R06,19,2,0,Clear,304
2025-05-14,R06,20,2,0,Cloudy,167
2025-05-14,R06,21,2,0,Clear,108
2025-05-14,R06,22,2,0,Clear,83
2025-05-14,R07,6,2,0,Cloudy,56
2025-05-14,R07,7,2,0,Cloudy,152
2025-05-14,R07,8,2,0,Cloudy,220
2025-05-14,R07,9,2,0,Rain,188
2025-05-14,R07,10,2,0,Rain,87
2025-05-14,R07,11,2,0,Rain,55
2025-05-14,R07,12,2,0,Clear,20
2025-05-14,R07,13,2,0,Clear,45
2025-05-14,R07,14,2,0,Clear,37
2025-05-14,R07,15,2,0,Clear,52
2025-05-14,R07,16,2,0,Rain,122
2025-05-14,R07,17,2,0,Clear,163
2025-05-14,R07,18,2,0,Clear,223
2025-05-14,R07,19,2,0,Clear,201
2025-05-14,R07,20,2,0,Rain,95
2025-05-14,R07,21,2,0,Clear,34
2025-05-14,R07,22,2,0,Clear,33
2025-05-14,R08,6,2,0,Clear,129
2025-05-14,R08,7,2,0,Rain,270
2025-05-14,R08,8,2,0,Clear,337
2025-05-14,R08,9,2,0,Clear,246
2025-05-14,R08,10,2,0,Rain,147
2025-05-14,R08,11,2,0,Rain,94
2025-05-14,R08,12,2,0,Clear,45
2025-05-14,R08,13,2,0,Cloudy,58
2025-05-14,R08,14,2,0,Clear,70
2025-05-14,R08,15,2,0,Clear,94
2025-05-14,R08,16,2,0,Clear,167
2025-05-14,R08,17,2,0,Clear,289
2025-05-14,R08,18,2,0,Rain,373
2025-05-14,R08,19,2,0,Cloudy,265
2025-05-14,R08,20,2,0,Cloudy,176
2025-05-14,R08,21,2,0,Clear,78
2025-05-14,R08,22,2,0,Cloudy,57
2025-05-15,R01,6,3,0,Clear,117
2025-05-15,R01,7,3,0,Clear,226
2025-05-15,R01,8,3,0,Clear,282
2025-05-15,R01,9,3,0,Rain,240
2025-05-15,R01,10,3,0,Clear,130
2025-05-15,R01,11,3,0,Cloudy,64
2025-05-15,R01,12,3,0,Clear,53
2025-05-15,R01,13,3,0,Cloudy,40
2025-05-15,R01,14,3,0,Clear,50
2025-05-15,R01,15,3,0,Clear,82
2025-05-15,R01,16,3,0,Clear,164
2025-05-15,R01,17,3,0,Clear,280
2025-05-15,R01,18,3,0,Clear,326
2025-05-15,R01,19,3,0,Rain,316
2025-05-15,R01,20,3,0,Cloudy,137
2025-05-15,R01,21,3,0,Cloudy,70
2025-05-15,R01,22,3,0,Cloudy,69
2025-05-15,R02,6,3,0,Clear,141
2025-05-15,R02,7,3,0,Cloudy,238
2025-05-15,R02,8,3,0,Clear,333
2025-05-15,R02,9,3,0,Cloudy,231
2025-05-15,R02,10,3,0,Cloudy,128
2025-05-15,R02,11,3,0,Rain,69
2025-05-15,R02,12,3,0,Clear,47
2025-05-15,R02,13,3,0,Cloudy,60
2025-05-15,R02,14,3,0,Clear,36
2025-05-15,R02,15,3,0,Cloudy,72
2025-05-15,R02,16,3,0,Clear,166
2025-05-15,R02,17,3,0,Cloudy,284
2025-05-15,R02,18,3,0,Clear,387
2025-05-15,R02,19,3,0,Cloudy,284
2025-05-15,R02,20,3,0,Clear,198
2025-05-15,R02,21,3,0,Clear,84
2025-05-15,R02,22,3,0,Clear,37
2025-05-15,R03,6,3,0,Clear,82
2025-05-15,R03,7,3,0,Clear,185
2025-05-15,R03,8,3,0,Rain,241
2025-05-15,R03,9,3,0,Cloudy,134
2025-05-15,R03,10,3,0,Rain,97
2025-05-15,R03,11,3,0,Clear,70
2025-05-15,R03,12,3,0,Clear,64
2025-05-15,R03,13,3,0,Clear,22
2025-05-15,R03,14,3,0,Clear,42
2025-05-15,R03,15,3,0,Clear,68
2025-05-15,R03,16,3,0,Clear,136
2025-05-15,R03,17,3,0,Clear,208
2025-05-15,R03,18,3,0,Clear,266
2025-05-15,R03,19,3,0,Clear,230
2025-05-15,R03,20,3,0,Clear,123
2025-05-15,R03,21,3,0,Clear,30
2025-05-15,R03,22,3,0,Clear,42
2025-05-15,R04,6,3,0,Clear,147
2025-05-15,R04,7,3,0,Cloudy,270
2025-05-15,R04,8,3,0,Clear,372
2025-05-15,R04,9,3,0,Cloudy,251
2025-05-15,R04,10,3,0,Clear,179
2025-05-15,R04,11,3,0,Clear,101
2025-05-15,R04,12,3,0,Clear,93
2025-05-15,R04,13,3,0,Cloudy,95
2025-05-15,R04,14,3,0,Clear,77
2025-05-15,R04,15,3,0,Clear,99
2025-05-15,R04,16,3,0,Clear,209
2025-05-15,R04,17,3,0,Clear,360
2025-05-15,R04,18,3,0,Clear,426
2025-05-15,R04,19,3,0,Clear,345
2025-05-15,R04,20,3,0,Cloudy,189
2025-05-15,R04,21,3,0,Cloudy,91
2025-05-15,R04,22,3,0,Clear,81
2025-05-15,R05,6,3,0,Clear,95
2025-05-15,R05,7,3,0,Rain,241
2025-05-15,R05,8,3,0,Clear,287
2025-05-15,R05,9,3,0,Clear,243
2025-05-15,R05,10,3,0,Rain,145
2025-05-15,R05,11,3,0,Clear,95
2025-05-15,R05,12,3,0,Cloudy,54
2025-05-15,R05,13,3,0,Cloudy,26
2025-05-15,R05,14,3,0,Clear,54
2025-05-15,R05,15,3,0,Clear,104
2025-05-15,R05,16,3,0,Clear,164
2025-05-15,R05,17,3,0,Clear,244
2025-05-15,R05,18,3,0,Clear,279
2025-05-15,R05,19,3,0,Clear,255
2025-05-15,R05,20,3,0,Clear,122
2025-05-15,R05,21,3,0,Clear,81
2025-05-15,R05,22,3,0,Cloudy,57
2025-05-15,R06,6,3,0,Cloudy,159
2025-05-15,R06,7,3,0,Clear,250
2025-05-15,R06,8,3,0,Clear,366
2025-05-15,R06,9,3,0,Clear,275
2025-05-15,R06,10,3,0,Clear,172
2025-05-15,R06,11,3,0,Cloudy,88
2025-05-15,R06,12,3,0,Clear,67
2025-05-15,R06,13,3,0,Cloudy,48
2025-05-15,R06,14,3,0,Clear,69
2025-05-15,R06,15,3,0,Cloudy,109
2025-05-15,R06,16,3,0,Clear,187
2025-05-15,R06,17,3,0,Clear,326
2025-05-15,R06,18,3,0,Clear,402
2025-05-15,R06,19,3,0,Clear,319
2025-05-15,R06,20,3,0,Clear,174
2025-05-15,R06,21,3,0,Clear,87
2025-05-15,R06,22,3,0,Cloudy,109
2025-05-15,R07,6,3,0,Cloudy,82
2025-05-15,R07,7,3,0,Clear,173
2025-05-15,R07,8,3,0,Cloudy,195
2025-05-15,R07,9,3,0,Rain,192
2025-05-15,R07,10,3,0,Cloudy,101
2025-05-15,R07,11,3,0,Clear,77
2025-05-15,R07,12,3,0,Cloudy,64
2025-05-15,R07,13,3,0,Rain,22
2025-05-15,R07,14,3,0,Cloudy,46
2025-05-15,R07,15,3,0,Clear,51
2025-05-15,R07,16,3,0,Rain,108
2025-05-15,R07,17,3,0,Cloudy,175
2025-05-15,R07,18,3,0,Cloudy,241
2025-05-15,R07,19,3,0,Clear,205
2025-05-15,R07,20,3,0,Clear,110
2025-05-15,R07,21,3,0,Clear,68
2025-05-15,R07,22,3,0,Clear,47
2025-05-15,R08,6,3,0,Clear,127
2025-05-15,R08,7,3,0,Clear,234
2025-05-15,R08,8,3,0,Cloudy,292
2025-05-15,R08,9,3,0,Cloudy,241
2025-05-15,R08,10,3,0,Cloudy,147
2025-05-15,R08,11,3,0,Clear,80
2025-05-15,R08,12,3,0,Cloudy,47
2025-05-15,R08,13,3,0,Rain,49
2025-05-15,R08,14,3,0,Clear,67
2025-05-15,R08,15,3,0,Cloudy,56
2025-05-15,R08,16,3,0,Cloudy,195
2025-05-15,R08,17,3,0,Clear,296
2025-05-15,R08,18,3,0,Cloudy,353
2025-05-15,R08,19,3,0,Clear,303
2025-05-15,R08,20,3,0,Cloudy,164
2025-05-15,R08,21,3,0,Clear,94
2025-05-15,R08,22,3,0,Rain,80
2025-05-16,R01,6,4,0,Cloudy,107
2025-05-16,R01,7,4,0,Clear,223
2025-05-16,R01,8,4,0,Clear,297
2025-05-16,R01,9,4,0,Cloudy,189
2025-05-16,R01,10,4,0,Clear,119
2025-05-16,R01,11,4,0,Clear,64
2025-05-16,R01,12,4,0,Rain,31
2025-05-16,R01,13,4,0,Cloudy,58
2025-05-16,R01,14,4,0,Rain,65
2025-05-16,R01,15,4,0,Rain,88
2025-05-16,R01,16,4,0,Rain,182
2025-05-16,R01,17,4,0,Cloudy,260
2025-05-16,R01,18,4,0,Cloudy,318
2025-05-16,R01,19,4,0,Clear,262
2025-05-16,R01,20,4,0,Clear,146
2025-05-16,R01,21,4,0,Clear,83
2025-05-16,R01,22,4,0,Cloudy,60
2025-05-16,R02,6,4,0,Clear,151
2025-05-16,R02,7,4,0,Clear,250
2025-05-16,R02,8,4,0,Clear,341
2025-05-16,R02,9,4,0,Cloudy,264
2025-05-16,R02,10,4,0,Rain,144
2025-05-16,R02,11,4,0,Rain,57
2025-05-16,R02,12,4,0,Clear,28
2025-05-16,R02,13,4,0,Clear,56
2025-05-16,R02,14,4,0,Clear,52
2025-05-16,R02,15,4,0,Clear,102
2025-05-16,R02,16,4,0,Clear,184
2025-05-16,R02,17,4,0,Clear,285
2025-05-16,R02,18,4,0,Cloudy,375
2025-05-16,R02,19,4,0,Rain,331
2025-05-16,R02,20,4,0,Clear,165
2025-05-16,R02,21,4,0,Cloudy,93
2025-05-16,R02,22,4,0,Clear,60
2025-05-16,R03,6,4,0,Cloudy,96
2025-05-16,R03,7,4,0,Clear,181
2025-05-16,R03,8,4,0,Clear,252
2025-05-16,R03,9,4,0,Clear,186
2025-05-16,R03,10,4,0,Cloudy,89
2025-05-16,R03,11,4,0,Cloudy,51
2025-05-16,R03,12,4,0,Rain,63
2025-05-16,R03,13,4,0,Cloudy,29
2025-05-16,R03,14,4,0,Clear,55
2025-05-16,R03,15,4,0,Cloudy,63
2025-05-16,R03,16,4,0,Clear,125
2025-05-16,R03,17,4,0,Clear,201
2025-05-16,R03,18,4,0,Clear,260
2025-05-16,R03,19,4,0,Clear,208
2025-05-16,R03,20,4,0,Clear,125
2025-05-16,R03,21,4,0,Cloudy,43
2025-05-16,R03,22,4,0,Clear,18
2025-05-16,R04,6,4,0,Cloudy,144
2025-05-16,R04,7,4,0,Clear,315
2025-05-16,R04,8,4,0,Clear,391
2025-05-16,R04,9,4,0,Clear,299
2025-05-16,R04,10,4,0,Clear,147
2025-05-16,R04,11,4,0,Clear,53
2025-05-16,R04,12,4,0,Cloudy,58
2025-05-16,R04,13,4,0,Clear,67
2025-05-16,R04,14,4,0,Clear,59
2025-05-16,R04,15,4,0,Clear,114
2025-05-16,R04,16,4,0,Cloudy,198
2025-05-16,R04,17,4,0,Clear,347
2025-05-16,R04,18,4,0,Clear,433
2025-05-16,R04,19,4,0,Clear,352
2025-05-16,R04,20,4,0,Clear,209
2025-05-16,R04,21,4,0,Clear,95
2025-05-16,R04,22,4,0,Cloudy,108
2025-05-16,R05,6,4,0,Clear,94
2025-05-16,R05,7,4,0,Clear,199
2025-05-16,R05,8,4,0,Clear,273
2025-05-16,R05,9,4,0,Cloudy,223
2025-05-16,R05,10,4,0,Clear,105
2025-05-16,R05,11,4,0,Cloudy,45
2025-05-16,R05,12,4,0,Clear,46
2025-05-16,R05,13,4,0,Rain,64
2025-05-16,R05,14,4,0,Rain,69
2025-05-16,R05,15,4,0,Cloudy,79
2025-05-16,R05,16,4,0,Rain,184
2025-05-16,R05,17,4,0,Cloudy,245
2025-05-16,R05,18,4,0,Cloudy,302
2025-05-16,R05,19,4,0,Cloudy,250
2025-05-16,R05,20,4,0,Cloudy,120
2025-05-16,R05,21,4,0,Clear,74
2025-05-16,R05,22,4,0,Clear,42
2025-05-16,R06,6,4,0,Clear,138
2025-05-16,R06,7,4,0,Clear,272
2025-05-16,R06,8,4,0,Clear,359
2025-05-16,R06,9,4,0,Cloudy,284
2025-05-16,R06,10,4,0,Clear,157
2025-05-16,R06,11,4,0,Cloudy,83
2025-05-16,R06,12,4,0,Cloudy,57
2025-05-16,R06,13,4,0,Clear,90
2025-05-16,R06,14,4,0,Clear,50
2025-05-16,R06,15,4,0,Rain,120
2025-05-16,R06,16,4,0,Clear,161
2025-05-16,R06,17,4,0,Cloudy,310
2025-05-16,R06,18,4,0,Clear,418
2025-05-16,R06,19,4,0,Clear,328
2025-05-16,R06,20,4,0,Rain,227
2025-05-16,R06,21,4,0,Clear,86
2025-05-16,R06,22,4,0,Clear,34
2025-05-16,R07,6,4,0,Clear,67
2025-05-16,R07,7,4,0,Clear,156
2025-05-16,R07,8,4,0,Clear,234
2025-05-16,R07,9,4,0,Rain,181
2025-05-16,R07,10,4,0,Clear,77
2025-05-16,R07,11,4,0,Clear,50
2025-05-16,R07,12,4,0,Cloudy,44
2025-05-16,R07,13,4,0,Clear,25
2025-05-16,R07,14,4,0,Clear,29
2025-05-16,R07,15,4,0,Cloudy,33
2025-05-16,R07,16,4,0,Clear,129
2025-05-16,R07,17,4,0,Clear,209
2025-05-16,R07,18,4,0,Clear,235
2025-05-16,R07,19,4,0,Cloudy,160
2025-05-16,R07,20,4,0,Cloudy,126
2025-05-16,R07,21,4,0,Cloudy,42
2025-05-16,R07,22,4,0,Clear,20
2025-05-16,R08,6,4,0,Clear,118
2025-05-16,R08,7,4,0,Clear,230
2025-05-16,R08,8,4,0,Clear,295
2025-05-16,R08,9,4,0,Cloudy,220
2025-05-16,R08,10,4,0,Cloudy,124
2025-05-16,R08,11,4,0,Cloudy,79
2025-05-16,R08,12,4,0,Clear,54
2025-05-16,R08,13,4,0,Clear,53
2025-05-16,R08,14,4,0,Cloudy,54
2025-05-16,R08,15,4,0,Cloudy,61
2025-05-16,R08,16,4,0,Cloudy,166
2025-05-16,R08,17,4,0,Clear,304
2025-05-16,R08,18,4,0,Cloudy,356
2025-05-16,R08,19,4,0,Clear,283
2025-05-16,R08,20,4,0,Cloudy,177
2025-05-16,R08,21,4,0,Clear,100
2025-05-16,R08,22,4,0,Clear,45
2025-05-17,R01,6,5,1,Cloudy,64
2025-05-17,R01,7,5,1,Cloudy,143
2025-05-17,R01,8,5,1,Clear,190
2025-05-17,R01,9,5,1,Cloudy,124
2025-05-17,R01,10,5,1,Cloudy,77
2025-05-17,R01,11,5,1,Cloudy,44
2025-05-17,R01,12,5,1,Cloudy,46
2025-05-17,R01,13,5,1,Cloudy,25
2025-05-17,R01,14,5,1,Rain,31
2025-05-17,R01,15,5,1,Clear,33
2025-05-17,R01,16,5,1,Rain,117
2025-05-17,R01,17,5,1,Clear,181
2025-05-17,R01,18,5,1,Clear,244
2025-05-17,R01,19,5,1,Clear,190
2025-05-17,R01,20,5,1,Clear,95
2025-05-17,R01,21,5,1,Clear,55
2025-05-17,R01,22,5,1,Clear,19
2025-05-17,R02,6,5,1,Clear,90
2025-05-17,R02,7,5,1,Clear,181
2025-05-17,R02,8,5,1,Cloudy,240
2025-05-17,R02,9,5,1,Clear,164
2025-05-17,R02,10,5,1,Cloudy,109
2025-05-17,R02,11,5,1,Cloudy,53
2025-05-17,R02,12,5,1,Clear,53
2025-05-17,R02,13,5,1,Clear,41
2025-05-17,R02,14,5,1,Clear,35
2025-05-17,R02,15,5,1,Clear,82
2025-05-17,R02,16,5,1,Clear,115
2025-05-17,R02,17,5,1,Rain,242
2025-05-17,R02,18,5,1,Clear,241
2025-05-17,R02,19,5,1,Clear,196
2025-05-17,R02,20,5,1,Clear,94
2025-05-17,R02,21,5,1,Clear,62
2025-05-17,R02,22,5,1,Clear,49
2025-05-17,R03,6,5,1,Rain,73
2025-05-17,R03,7,5,1,Clear,102
2025-05-17,R03,8,5,1,Clear,144
2025-05-17,R03,9,5,1,Clear,135
2025-05-17,R03,10,5,1,Clear,58
2025-05-17,R03,11,5,1,Cloudy,36
2025-05-17,R03,12,5,1,Rain,23
2025-05-17,R03,13,5,1,Cloudy,36
2025-05-17,R03,14,5,1,Clear,23
2025-05-17,R03,15,5,1,Clear,42
2025-05-17,R03,16,5,1,Clear,99
2025-05-17,R03,17,5,1,Clear,147
2025-05-17,R03,18,5,1,Cloudy,156
2025-05-17,R03,19,5,1,Cloudy,118
2025-05-17,R03,20,5,1,Rain,99
2025-05-17,R03,21,5,1,Clear,23
2025-05-17,R03,22,5,1,Clear,18
2025-05-17,R04,6,5,1,Clear,88
2025-05-17,R04,7,5,1,Clear,213
2025-05-17,R04,8,5,1,Cloudy,250
2025-05-17,R04,9,5,1,Clear,211
2025-05-17,R04,10,5,1,Clear,112
2025-05-17,R04,11,5,1,Cloudy,75
2025-05-17,R04,12,5,1,Cloudy,48
2025-05-17,R04,13,5,1,Clear,39
2025-05-17,R04,14,5,1,Clear,39
2025-05-17,R04,15,5,1,Clear,75
2025-05-17,R04,16,5,1,Clear,155
2025-05-17,R04,17,5,1,Rain,247
2025-05-17,R04,18,5,1,Clear,303
2025-05-17,R04,19,5,1,Clear,238
2025-05-17,R04,20,5,1,Rain,166
2025-05-17,R04,21,5,1,Cloudy,45
2025-05-17,R04,22,5,1,Cloudy,73
2025-05-17,R05,6,5,1,Cloudy,69
2025-05-17,R05,7,5,1,Clear,118
2025-05-17,R05,8,5,1,Clear,165
2025-05-17,R05,9,5,1,Rain,185
2025-05-17,R05,10,5,1,Clear,84
2025-05-17,R05,11,5,1,Cloudy,35
2025-05-17,R05,12,5,1,Clear,66
2025-05-17,R05,13,5,1,Cloudy,34
2025-05-17,R05,14,5,1,Rain,53
2025-05-17,R05,15,5,1,Cloudy,34
2025-05-17,R05,16,5,1,Cloudy,87
2025-05-17,R05,17,5,1,Clear,172
2025-05-17,R05,18,5,1,Clear,202
2025-05-17,R05,19,5,1,Cloudy,185
2025-05-17,R05,20,5,1,Rain,125
2025-05-17,R05,21,5,1,Cloudy,55
2025-05-17,R05,22,5,1,Clear,18
2025-05-17,R06,6,5,1,Clear,97
2025-05-17,R06,7,5,1,Clear,177
2025-05-17,R06,8,5,1,Cloudy,234
2025-05-17,R06,9,5,1,Rain,200
2025-05-17,R06,10,5,1,Clear,75
2025-05-17,R06,11,5,1,Clear,60
2025-05-17,R06,12,5,1,Rain,41
2025-05-17,R06,13,5,1,Rain,69
2025-05-17,R06,14,5,1,Cloudy,28
2025-05-17,R06,15,5,1,Clear,56
2025-05-17,R06,16,5,1,Clear,124
2025-05-17,R06,17,5,1,Clear,229
2025-05-17,R06,18,5,1,Clear,289
2025-05-17,R06,19,5,1,Cloudy,204
2025-05-17,R06,20,5,1,Clear,131
2025-05-17,R06,21,5,1,Clear,45
2025-05-17,R06,22,5,1,Clear,36
2025-05-17,R07,6,5,1,Clear,52
2025-05-17,R07,7,5,1,Cloudy,98
2025-05-17,R07,8,5,1,Clear,148
2025-05-17,R07,9,5,1,Cloudy,131
2025-05-17,R07,10,5,1,Clear,48
2025-05-17,R07,11,5,1,Clear,39
2025-05-17,R07,12,5,1,Rain,47
2025-05-17,R07,13,5,1,Clear,43
2025-05-17,R07,14,5,1,Cloudy,12
2025-05-17,R07,15,5,1,Rain,59
2025-05-17,R07,16,5,1,Clear,56
2025-05-17,R07,17,5,1,Clear,111
2025-05-17,R07,18,5,1,Cloudy,149
2025-05-17,R07,19,5,1,Clear,122
2025-05-17,R07,20,5,1,Clear,96
2025-05-17,R07,21,5,1,Clear,13
2025-05-17,R07,22,5,1,Cloudy,27
2025-05-17,R08,6,5,1,Clear,102
2025-05-17,R08,7,5,1,Cloudy,129
2025-05-17,R08,8,5,1,Cloudy,194
2025-05-17,R08,9,5,1,Clear,179
2025-05-17,R08,10,5,1,Clear,88
2025-05-17,R08,11,5,1,Clear,48
2025-05-17,R08,12,5,1,Cloudy,52
2025-05-17,R08,13,5,1,Cloudy,42
2025-05-17,R08,14,5,1,Clear,31
2025-05-17,R08,15,5,1,Clear,84
2025-05-17,R08,16,5,1,Cloudy,103
2025-05-17,R08,17,5,1,Clear,178
2025-05-17,R08,18,5,1,Cloudy,227
2025-05-17,R08,19,5,1,Cloudy,183
2025-05-17,R08,20,5,1,Cloudy,112
2025-05-17,R08,21,5,1,Clear,68
2025-05-17,R08,22,5,1,Cloudy,18
2025-05-18,R01,6,6,1,Clear,76
2025-05-18,R01,7,6,1,Clear,157
2025-05-18,R01,8,6,1,Cloudy,181
2025-05-18,R01,9,6,1,Rain,158
2025-05-18,R01,10,6,1,Cloudy,87
2025-05-18,R01,11,6,1,Cloudy,52
2025-05-18,R01,12,6,1,Clear,10
2025-05-18,R01,13,6,1,Rain,10
2025-05-18,R01,14,6,1,Clear,41
2025-05-18,R01,15,6,1,Clear,60
2025-05-18,R01,16,6,1,Cloudy,92
2025-05-18,R01,17,6,1,Clear,180
2025-05-18,R01,18,6,1,Clear,216
2025-05-18,R01,19,6,1,Cloudy,173
2025-05-18,R01,20,6,1,Clear,95
2025-05-18,R01,21,6,1,Clear,47
2025-05-18,R01,22,6,1,Clear,35
2025-05-18,R02,6,6,1,Cloudy,95
2025-05-18,R02,7,6,1,Cloudy,175
2025-05-18,R02,8,6,1,Cloudy,234
2025-05-18,R02,9,6,1,Clear,161
2025-05-18,R02,10,6,1,Cloudy,61
2025-05-18,R02,11,6,1,Cloudy,60
2025-05-18,R02,12,6,1,Cloudy,40
2025-05-18,R02,13,6,1,Cloudy,12
2025-05-18,R02,14,6,1,Clear,41
2025-05-18,R02,15,6,1,Cloudy,75
2025-05-18,R02,16,6,1,Cloudy,106
2025-05-18,R02,17,6,1,Cloudy,200
2025-05-18,R02,18,6,1,Clear,248
2025-05-18,R02,19,6,1,Clear,195
2025-05-18,R02,20,6,1,Clear,133
2025-05-18,R02,21,6,1,Cloudy,51
2025-05-18,R02,22,6,1,Cloudy,37
2025-05-18,R03,6,6,1,Cloudy,62
2025-05-18,R03,7,6,1,Cloudy,106
2025-05-18,R03,8,6,1,Cloudy,185
2025-05-18,R03,9,6,1,Clear,134
2025-05-18,R03,10,6,1,Cloudy,43
2025-05-18,R03,11,6,1,Clear,10
2025-05-18,R03,12,6,1,Rain,46
2025-05-18,R03,13,6,1,Cloudy,30
2025-05-18,R03,14,6,1,Cloudy,34
2025-05-18,R03,15,6,1,Cloudy,39
2025-05-18,R03,16,6,1,Cloudy,74
2025-05-18,R03,17,6,1,Rain,175
2025-05-18,R03,18,6,1,Clear,164
2025-05-18,R03,19,6,1,Rain,178
2025-05-18,R03,20,6,1,Clear,85
2025-05-18,R03,21,6,1,Cloudy,21
2025-05-18,R03,22,6,1,Cloudy,10
2025-05-18,R04,6,6,1,Cloudy,92
2025-05-18,R04,7,6,1,Cloudy,183
2025-05-18,R04,8,6,1,Clear,237
2025-05-18,R04,9,6,1,Clear,210
2025-05-18,R04,10,6,1,Clear,117
2025-05-18,R04,11,6,1,Rain,73
2025-05-18,R04,12,6,1,Cloudy,57
2025-05-18,R04,13,6,1,Rain,45
2025-05-18,R04,14,6,1,Cloudy,52
2025-05-18,R04,15,6,1,Clear,85
2025-05-18,R04,16,6,1,Clear,145
2025-05-18,R04,17,6,1,Cloudy,229
2025-05-18,R04,18,6,1,Clear,314
2025-05-18,R04,19,6,1,Cloudy,221
2025-05-18,R04,20,6,1,Rain,146
2025-05-18,R04,21,6,1,Clear,74
2025-05-18,R04,22,6,1,Clear,52
2025-05-18,R05,6,6,1,Rain,85
2025-05-18,R05,7,6,1,Clear,121
2025-05-18,R05,8,6,1,Cloudy,186
2025-05-18,R05,9,6,1,Clear,147
2025-05-18,R05,10,6,1,Clear,42
2025-05-18,R05,11,6,1,Clear,15
2025-05-18,R05,12,6,1,Clear,52
2025-05-18,R05,13,6,1,Clear,25
2025-05-18,R05,14,6,1,Clear,36
2025-05-18,R05,15,6,1,Clear,36
2025-05-18,R05,16,6,1,Clear,135
2025-05-18,R05,17,6,1,Clear,167
2025-05-18,R05,18,6,1,Clear,201
2025-05-18,R05,19,6,1,Clear,182
2025-05-18,R05,20,6,1,Clear,80
2025-05-18,R05,21,6,1,Clear,66
2025-05-18,R05,22,6,1,Cloudy,30
2025-05-18,R06,6,6,1,Rain,120
2025-05-18,R06,7,6,1,Clear,191
2025-05-18,R06,8,6,1,Clear,237
2025-05-18,R06,9,6,1,Cloudy,155
2025-05-18,R06,10,6,1,Clear,102
2025-05-18,R06,11,6,1,Clear,43
2025-05-18,R06,12,6,1,Cloudy,42
2025-05-18,R06,13,6,1,Clear,55
2025-05-18,R06,14,6,1,Cloudy,51
2025-05-18,R06,15,6,1,Clear,30
2025-05-18,R06,16,6,1,Clear,122
2025-05-18,R06,17,6,1,Clear,213
2025-05-18,R06,18,6,1,Clear,266
2025-05-18,R06,19,6,1,Clear,225
2025-05-18,R06,20,6,1,Clear,121
2025-05-18,R06,21,6,1,Clear,55
2025-05-18,R06,22,6,1,Clear,28
2025-05-18,R07,6,6,1,Cloudy,48
2025-05-18,R07,7,6,1,Clear,119
2025-05-18,R07,8,6,1,Clear,150
2025-05-18,R07,9,6,1,Clear,112
2025-05-18,R07,10,6,1,Clear,29
2025-05-18,R07,11,6,1,Clear,34
2025-05-18,R07,12,6,1,Cloudy,44
2025-05-18,R07,13,6,1,Cloudy,10
2025-05-18,R07,14,6,1,Clear,20
2025-05-18,R07,15,6,1,Clear,49
2025-05-18,R07,16,6,1,Clear,46
2025-05-18,R07,17,6,1,Cloudy,114
2025-05-18,R07,18,6,1,Cloudy,172
2025-05-18,R07,19,6,1,Cloudy,142
2025-05-18,R07,20,6,1,Clear,95
2025-05-18,R07,21,6,1,Clear,32
2025-05-18,R07,22,6,1,Cloudy,43
2025-05-18,R08,6,6,1,Clear,91
2025-05-18,R08,7,6,1,Clear,153
2025-05-18,R08,8,6,1,Clear,203
2025-05-18,R08,9,6,1,Rain,188
2025-05-18,R08,10,6,1,Rain,68
2025-05-18,R08,11,6,1,Clear,46
2025-05-18,R08,12,6,1,Cloudy,38
2025-05-18,R08,13,6,1,Clear,46
2025-05-18,R08,14,6,1,Clear,16
2025-05-18,R08,15,6,1,Clear,56
2025-05-18,R08,16,6,1,Clear,125
2025-05-18,R08,17,6,1,Clear,224
2025-05-18,R08,18,6,1,Clear,228
2025-05-18,R08,19,6,1,Rain,233
2025-05-18,R08,20,6,1,Clear,124
2025-05-18,R08,21,6,1,Clear,79
2025-05-18,R08,22,6,1,Clear,10
2025-05-19,R01,6,0,0,Rain,102
2025-05-19,R01,7,0,0,Clear,231
2025-05-19,R01,8,0,0,Clear,301
2025-05-19,R01,9,0,0,Clear,221
2025-05-19,R01,10,0,0,Clear,113
2025-05-19,R01,11,0,0,Clear,66
2025-05-19,R01,12,0,0,Clear,68
2025-05-19,R01,13,0,0,Clear,39
2025-05-19,R01,14,0,0,Clear,25
2025-05-19,R01,15,0,0,Rain,74
2025-05-19,R01,16,0,0,Clear,118
2025-05-19,R01,17,0,0,Clear,260
2025-05-19,R01,18,0,0,Clear,302
2025-05-19,R01,19,0,0,Clear,260
2025-05-19,R01,20,0,0,Clear,136
2025-05-19,R01,21,0,0,Clear,70
2025-05-19,R01,22,0,0,Cloudy,46
2025-05-19,R02,6,0,0,Clear,141
2025-05-19,R02,7,0,0,Cloudy,249
2025-05-19,R02,8,0,0,Clear,330
2025-05-19,R02,9,0,0,Rain,280
2025-05-19,R02,10,0,0,Rain,145
2025-05-19,R02,11,0,0,Rain,60
2025-05-19,R02,12,0,0,Cloudy,74
2025-05-19,R02,13,0,0,Rain,53
2025-05-19,R02,14,0,0,Clear,65
2025-05-19,R02,15,0,0,Clear,75
2025-05-19,R02,16,0,0,Clear,186
2025-05-19,R02,17,0,0,Rain,340
2025-05-19,R02,18,0,0,Cloudy,362
2025-05-19,R02,19,0,0,Cloudy,272
2025-05-19,R02,20,0,0,Clear,182
2025-05-19,R02,21,0,0,Clear,65
2025-05-19,R02,22,0,0,Clear,55
2025-05-19,R03,6,0,0,Cloudy,127
2025-05-19,R03,7,0,0,Rain,183
2025-05-19,R03,8,0,0,Cloudy,218
2025-05-19,R03,9,0,0,Clear,199
2025-05-19,R03,10,0,0,Cloudy,98
2025-05-19,R03,11,0,0,Clear,74
2025-05-19,R03,12,0,0,Cloudy,41
2025-05-19,R03,13,0,0,Clear,12
2025-05-19,R03,14,0,0,Rain,59
2025-05-19,R03,15,0,0,Cloudy,75
2025-05-19,R03,16,0,0,Clear,137
2025-05-19,R03,17,0,0,Clear,196
2025-05-19,R03,18,0,0,Clear,251
2025-05-19,R03,19,0,0,Rain,248
2025-05-19,R03,20,0,0,Clear,144
2025-05-19,R03,21,0,0,Clear,51
2025-05-19,R03,22,0,0,Clear,33
2025-05-19,R04,6,0,0,Cloudy,157
2025-05-19,R04,7,0,0,Clear,292
2025-05-19,R04,8,0,0,Cloudy,372
2025-05-19,R04,9,0,0,Cloudy,289
2025-05-19,R04,10,0,0,Rain,190
2025-05-19,R04,11,0,0,Cloudy,77
2025-05-19,R04,12,0,0,Rain,69
2025-05-19,R04,13,0,0,Clear,57
2025-05-19,R04,14,0,0,Clear,95
2025-05-19,R04,15,0,0,Cloudy,81
2025-05-19,R04,16,0,0,Clear,183
2025-05-19,R04,17,0,0,Cloudy,333
2025-05-19,R04,18,0,0,Cloudy,401
2025-05-19,R04,19,0,0,Clear,368
2025-05-19,R04,20,0,0,Cloudy,169
2025-05-19,R04,21,0,0,Clear,103
2025-05-19,R04,22,0,0,Clear,49
2025-05-19,R05,6,0,0,Clear,106
2025-05-19,R05,7,0,0,Cloudy,198
2025-05-19,R05,8,0,0,Clear,268
2025-05-19,R05,9,0,0,Clear,208
2025-05-19,R05,10,0,0,Clear,121
2025-05-19,R05,11,0,0,Cloudy,43
2025-05-19,R05,12,0,0,Clear,54
2025-05-19,R05,13,0,0,Clear,45
2025-05-19,R05,14,0,0,Clear,47
2025-05-19,R05,15,0,0,Rain,88
2025-05-19,R05,16,0,0,Clear,145
2025-05-19,R05,17,0,0,Rain,279
2025-05-19,R05,18,0,0,Cloudy,315
2025-05-19,R05,19,0,0,Clear,246
2025-05-19,R05,20,0,0,Cloudy,115
2025-05-19,R05,21,0,0,Rain,68
2025-05-19,R05,22,0,0,Clear,73
2025-05-19,R06,6,0,0,Rain,156
2025-05-19,R06,7,0,0,Clear,285
2025-05-19,R06,8,0,0,Cloudy,331
2025-05-19,R06,9,0,0,Clear,260
2025-05-19,R06,10,0,0,Rain,164
2025-05-19,R06,11,0,0,Clear,70
2025-05-19,R06,12,0,0,Clear,56
2025-05-19,R06,13,0,0,Cloudy,58
2025-05-19,R06,14,0,0,Cloudy,41
2025-05-19,R06,15,0,0,Cloudy,101
2025-05-19,R06,16,0,0,Cloudy,169
2025-05-19,R06,17,0,0,Clear,338
2025-05-19,R06,18,0,0,Cloudy,388
2025-05-19,R06,19,0,0,Clear,324
2025-05-19,R06,20,0,0,Clear,188
2025-05-19,R06,21,0,0,Clear,103
2025-05-19,R06,22,0,0,Rain,69
2025-05-19,R07,6,0,0,Cloudy,53
2025-05-19,R07,7,0,0,Clear,161
2025-05-19,R07,8,0,0,Clear,218
2025-05-19,R07,9,0,0,Clear,148
2025-05-19,R07,10,0,0,Clear,49
2025-05-19,R07,11,0,0,Rain,62
2025-05-19,R07,12,0,0,Clear,19
2025-05-19,R07,13,0,0,Clear,32
2025-05-19,R07,14,0,0,Clear,37
2025-05-19,R07,15,0,0,Rain,61
2025-05-19,R07,16,0,0,Clear,95
2025-05-19,R07,17,0,0,Clear,171
2025-05-19,R07,18,0,0,Clear,228
2025-05-19,R07,19,0,0,Cloudy,184
2025-05-19,R07,20,0,0,Clear,97
2025-05-19,R07,21,0,0,Rain,59
2025-05-19,R07,22,0,0,Cloudy,65
2025-05-19,R08,6,0,0,Clear,132
2025-05-19,R08,7,0,0,Rain,264
2025-05-19,R08,8,0,0,Cloudy,291
2025-05-19,R08,9,0,0,Clear,267
2025-05-19,R08,10,0,0,Clear,137
2025-05-19,R08,11,0,0,Clear,60
2025-05-19,R08,12,0,0,Cloudy,62
2025-05-19,R08,13,0,0,Cloudy,37
2025-05-19,R08,14,0,0,Clear,61
2025-05-19,R08,15,0,0,Clear,103
2025-05-19,R08,16,0,0,Clear,166
2025-05-19,R08,17,0,0,Cloudy,255
2025-05-19,R08,18,0,0,Cloudy,332
2025-05-19,R08,19,0,0,Clear,304
2025-05-19,R08,20,0,0,Clear,153
2025-05-19,R08,21,0,0,Clear,95
2025-05-19,R08,22,0,0,Clear,78
2025-05-20,R01,6,1,0,Cloudy,115
2025-05-20,R01,7,1,0,Cloudy,208
2025-05-20,R01,8,1,0,Cloudy,256
2025-05-20,R01,9,1,0,Clear,212
2025-05-20,R01,10,1,0,Cloudy,107
2025-05-20,R01,11,1,0,Cloudy,69
2025-05-20,R01,12,1,0,Clear,83
2025-05-20,R01,13,1,0,Clear,39
2025-05-20,R01,14,1,0,Clear,62
2025-05-20,R01,15,1,0,Cloudy,87
2025-05-20,R01,16,1,0,Rain,165
2025-05-20,R01,17,1,0,Clear,261
2025-05-20,R01,18,1,0,Clear,301
2025-05-20,R01,19,1,0,Clear,264
2025-05-20,R01,20,1,0,Cloudy,139
2025-05-20,R01,21,1,0,Cloudy,68
2025-05-20,R01,22,1,0,Cloudy,56
2025-05-20,R02,6,1,0,Clear,125
2025-05-20,R02,7,1,0,Cloudy,234
2025-05-20,R02,8,1,0,Clear,336
2025-05-20,R02,9,1,0,Rain,308
2025-05-20,R02,10,1,0,Clear,136
2025-05-20,R02,11,1,0,Cloudy,71
2025-05-20,R02,12,1,0,Cloudy,56
2025-05-20,R02,13,1,0,Cloudy,41
2025-05-20,R02,14,1,0,Cloudy,56
2025-05-20,R02,15,1,0,Clear,94
2025-05-20,R02,16,1,0,Clear,178
2025-05-20,R02,17,1,0,Clear,314
2025-05-20,R02,18,1,0,Clear,365
2025-05-20,R02,19,1,0,Clear,300
2025-05-20,R02,20,1,0,Cloudy,143
2025-05-20,R02,21,1,0,Cloudy,105
2025-05-20,R02,22,1,0,Clear,58
2025-05-20,R03,6,1,0,Clear,99
2025-05-20,R03,7,1,0,Cloudy,169
2025-05-20,R03,8,1,0,Clear,200
2025-05-20,R03,9,1,0,Clear,164
2025-05-20,R03,10,1,0,Clear,95
2025-05-20,R03,11,1,0,Cloudy,56
2025-05-20,R03,12,1,0,Cloudy,45
2025-05-20,R03,13,1,0,Clear,22
2025-05-20,R03,14,1,0,Clear,30
2025-05-20,R03,15,1,0,Cloudy,65
2025-05-20,R03,16,1,0,Clear,128
2025-05-20,R03,17,1,0,Clear,195
2025-05-20,R03,18,1,0,Clear,268
2025-05-20,R03,19,1,0,Clear,213
2025-05-20,R03,20,1,0,Cloudy,111
2025-05-20,R03,21,1,0,Cloudy,82
2025-05-20,R03,22,1,0,Cloudy,39
2025-05-20,R04,6,1,0,Cloudy,141
2025-05-20,R04,7,1,0,Clear,308
2025-05-20,R04,8,1,0,Clear,392
2025-05-20,R04,9,1,0,Clear,316
2025-05-20,R04,10,1,0,Cloudy,158
2025-05-20,R04,11,1,0,Clear,95
2025-05-20,R04,12,1,0,Cloudy,65
2025-05-20,R04,13,1,0,Clear,98
2025-05-20,R04,14,1,0,Rain,68
2025-05-20,R04,15,1,0,Cloudy,105
2025-05-20,R04,16,1,0,Rain,208
2025-05-20,R04,17,1,0,Clear,353
2025-05-20,R04,18,1,0,Clear,434
2025-05-20,R04,19,1,0,Cloudy,332
2025-05-20,R04,20,1,0,Cloudy,166
2025-05-20,R04,21,1,0,Cloudy,93
2025-05-20,R04,22,1,0,Clear,107
2025-05-20,R05,6,1,0,Cloudy,106
2025-05-20,R05,7,1,0,Clear,223
2025-05-20,R05,8,1,0,Cloudy,257
2025-05-20,R05,9,1,0,Clear,238
2025-05-20,R05,10,1,0,Clear,116
2025-05-20,R05,11,1,0,Clear,62
2025-05-20,R05,12,1,0,Clear,31
2025-05-20,R05,13,1,0,Clear,30
2025-05-20,R05,14,1,0,Clear,43
2025-05-20,R05,15,1,0,Clear,71
2025-05-20,R05,16,1,0,Clear,126
2025-05-20,R05,17,1,0,Clear,250
2025-05-20,R05,18,1,0,Cloudy,288
2025-05-20,R05,19,1,0,Cloudy,257
2025-05-20,R05,20,1,0,Clear,168
2025-05-20,R05,21,1,0,Clear,84
2025-05-20,R05,22,1,0,Clear,62
2025-05-20,R06,6,1,0,Cloudy,154
2025-05-20,R06,7,1,0,Clear,281
2025-05-20,R06,8,1,0,Cloudy,349
2025-05-20,R06,9,1,0,Clear,257
2025-05-20,R06,10,1,0,Cloudy,150
2025-05-20,R06,11,1,0,Clear,65
2025-05-20,R06,12,1,0,Cloudy,46
2025-05-20,R06,13,1,0,Clear,78
2025-05-20,R06,14,1,0,Clear,58
2025-05-20,R06,15,1,0,Rain,94
2025-05-20,R06,16,1,0,Clear,193
2025-05-20,R06,17,1,0,Cloudy,296
2025-05-20,R06,18,1,0,Clear,389
2025-05-20,R06,19,1,0,Rain,339
2025-05-20,R06,20,1,0,Clear,180
2025-05-20,R06,21,1,0,Cloudy,102
2025-05-20,R06,22,1,0,Rain,87
2025-05-20,R07,6,1,0,Clear,81
2025-05-20,R07,7,1,0,Clear,182
2025-05-20,R07,8,1,0,Clear,210
2025-05-20,R07,9,1,0,Clear,175
2025-05-20,R07,10,1,0,Rain,85
2025-05-20,R07,11,1,0,Rain,46
2025-05-20,R07,12,1,0,Clear,34
2025-05-20,R07,13,1,0,Rain,35
2025-05-20,R07,14,1,0,Clear,10
2025-05-20,R07,15,1,0,Cloudy,53
2025-05-20,R07,16,1,0,Clear,112
2025-05-20,R07,17,1,0,Rain,211
2025-05-20,R07,18,1,0,Rain,280
2025-05-20,R07,19,1,0,Clear,215
2025-05-20,R07,20,1,0,Cloudy,77
2025-05-20,R07,21,1,0,Cloudy,72
2025-05-20,R07,22,1,0,Clear,63
2025-05-20,R08,6,1,0,Clear,101
2025-05-20,R08,7,1,0,Clear,252
2025-05-20,R08,8,1,0,Clear,290
2025-05-20,R08,9,1,0,Rain,268
2025-05-20,R08,10,1,0,Cloudy,144
2025-05-20,R08,11,1,0,Clear,92
2025-05-20,R08,12,1,0,Clear,97
2025-05-20,R08,13,1,0,Clear,65
2025-05-20,R08,14,1,0,Cloudy,64
2025-05-20,R08,15,1,0,Cloudy,70
2025-05-20,R08,16,1,0,Clear,158
2025-05-20,R08,17,1,0,Clear,296
2025-05-20,R08,18,1,0,Cloudy,325
2025-05-20,R08,19,1,0,Cloudy,271
2025-05-20,R08,20,1,0,Rain,159
2025-05-20,R08,21,1,0,Cloudy,83
2025-05-20,R08,22,1,0,Cloudy,30
2025-05-21,R01,6,2,0,Clear,98
2025-05-21,R01,7,2,0,Rain,258
2025-05-21,R01,8,2,0,Cloudy,268
2025-05-21,R01,9,2,0,Clear,212
2025-05-21,R01,10,2,0,Cloudy,108
2025-05-21,R01,11,2,0,Clear,56
2025-05-21,R01,12,2,0,Cloudy,36
2025-05-21,R01,13,2,0,Rain,49
2025-05-21,R01,14,2,0,Clear,49
2025-05-21,R01,15,2,0,Rain,83
2025-05-21,R01,16,2,0,Clear,119
2025-05-21,R01,17,2,0,Clear,278
2025-05-21,R01,18,2,0,Clear,339
2025-05-21,R01,19,2,0,Clear,261
2025-05-21,R01,20,2,0,Clear,177
2025-05-21,R01,21,2,0,Cloudy,69
2025-05-21,R01,22,2,0,Cloudy,52
2025-05-21,R02,6,2,0,Cloudy,137
2025-05-21,R02,7,2,0,Cloudy,246
2025-05-21,R02,8,2,0,Cloudy,305
2025-05-21,R02,9,2,0,Rain,287
2025-05-21,R02,10,2,0,Clear,120
2025-05-21,R02,11,2,0,Clear,64
2025-05-21,R02,12,2,0,Clear,74
2025-05-21,R02,13,2,0,Clear,96
2025-05-21,R02,14,2,0,Cloudy,51
2025-05-21,R02,15,2,0,Clear,90
2025-05-21,R02,16,2,0,Cloudy,163
2025-05-21,R02,17,2,0,Clear,312
2025-05-21,R02,18,2,0,Cloudy,372
2025-05-21,R02,19,2,0,Clear,311
2025-05-21,R02,20,2,0,Clear,158
2025-05-21,R02,21,2,0,Cloudy,79
2025-05-21,R02,22,2,0,Cloudy,66
2025-05-21,R03,6,2,0,Cloudy,85
2025-05-21,R03,7,2,0,Clear,176
2025-05-21,R03,8,2,0,Cloudy,214
2025-05-21,R03,9,2,0,Clear,136
2025-05-21,R03,10,2,0,Cloudy,90
2025-05-21,R03,11,2,0,Clear,39
2025-05-21,R03,12,2,0,Cloudy,52
2025-05-21,R03,13,2,0,Cloudy,20
2025-05-21,R03,14,2,0,Clear,50
2025-05-21,R03,15,2,0,Rain,63
2025-05-21,R03,16,2,0,Clear,123
2025-05-21,R03,17,2,0,Cloudy,221
2025-05-21,R03,18,2,0,Cloudy,267
2025-05-21,R03,19,2,0,Clear,229
2025-05-21,R03,20,2,0,Clear,145
2025-05-21,R03,21,2,0,Clear,98
2025-05-21,R03,22,2,0,Clear,58
2025-05-21,R04,6,2,0,Cloudy,156
2025-05-21,R04,7,2,0,Clear,286
2025-05-21,R04,8,2,0,Cloudy,369
2025-05-21,R04,9,2,0,Clear,300
2025-05-21,R04,10,2,0,Cloudy,175
2025-05-21,R04,11,2,0,Cloudy,93
2025-05-21,R04,12,2,0,Clear,54
2025-05-21,R04,13,2,0,Clear,72
2025-05-21,R04,14,2,0,Rain,95
2025-05-21,R04,15,2,0,Clear,107
2025-05-21,R04,16,2,0,Clear,235
2025-05-21,R04,17,2,0,Clear,364
2025-05-21,R04,18,2,0,Cloudy,396
2025-05-21,R04,19,2,0,Cloudy,319
2025-05-21,R04,20,2,0,Clear,192
2025-05-21,R04,21,2,0,Clear,99
2025-05-21,R04,22,2,0,Clear,74
2025-05-21,R05,6,2,0,Cloudy,110
2025-05-21,R05,7,2,0,Clear,229
2025-05-21,R05,8,2,0,Clear,282
2025-05-21,R05,9,2,0,Clear,206
2025-05-21,R05,10,2,0,Cloudy,101
2025-05-21,R05,11,2,0,Rain,79
2025-05-21,R05,12,2,0,Cloudy,39
2025-05-21,R05,13,2,0,Clear,56
2025-05-21,R05,14,2,0,Clear,32
2025-05-21,R05,15,2,0,Clear,80
2025-05-21,R05,16,2,0,Cloudy,138
2025-05-21,R05,17,2,0,Clear,242
2025-05-21,R05,18,2,0,Clear,289
2025-05-21,R05,19,2,0,Cloudy,215
2025-05-21,R05,20,2,0,Clear,145
2025-05-21,R05,21,2,0,Clear,80
2025-05-21,R05,22,2,0,Clear,26
2025-05-21,R06,6,2,0,Cloudy,112
2025-05-21,R06,7,2,0,Cloudy,245
2025-05-21,R06,8,2,0,Clear,341
2025-05-21,R06,9,2,0,Clear,267
2025-05-21,R06,10,2,0,Clear,150
2025-05-21,R06,11,2,0,Clear,95
2025-05-21,R06,12,2,0,Cloudy,75
2025-05-21,R06,13,2,0,Clear,72
2025-05-21,R06,14,2,0,Clear,83
2025-05-21,R06,15,2,0,Clear,86
2025-05-21,R06,16,2,0,Cloudy,185
2025-05-21,R06,17,2,0,Rain,371
2025-05-21,R06,18,2,0,Clear,381
2025-05-21,R06,19,2,0,Clear,347
2025-05-21,R06,20,2,0,Clear,199
2025-05-21,R06,21,2,0,Rain,100
2025-05-21,R06,22,2,0,Clear,44
2025-05-21,R07,6,2,0,Clear,87
2025-05-21,R07,7,2,0,Rain,171
2025-05-21,R07,8,2,0,Clear,186
2025-05-21,R07,9,2,0,Clear,159
2025-05-21,R07,10,2,0,Clear,78
2025-05-21,R07,11,2,0,Clear,58
2025-05-21,R07,12,2,0,Clear,10
2025-05-21,R07,13,2,0,Clear,50
2025-05-21,R07,14,2,0,Clear,38
2025-05-21,R07,15,2,0,Clear,66
2025-05-21,R07,16,2,0,Clear,128
2025-05-21,R07,17,2,0,Clear,194
2025-05-21,R07,18,2,0,Rain,268
2025-05-21,R07,19,2,0,Cloudy,157
2025-05-21,R07,20,2,0,Clear,89
2025-05-21,R07,21,2,0,Cloudy,48
2025-05-21,R07,22,2,0,Clear,30
2025-05-21,R08,6,2,0,Cloudy,128
2025-05-21,R08,7,2,0,Cloudy,235
2025-05-21,R08,8,2,0,Clear,328
2025-05-21,R08,9,2,0,Cloudy,228
2025-05-21,R08,10,2,0,Cloudy,101
2025-05-21,R08,11,2,0,Clear,88
2025-05-21,R08,12,2,0,Clear,73
2025-05-21,R08,13,2,0,Cloudy,48
2025-05-21,R08,14,2,0,Clear,43
2025-05-21,R08,15,2,0,Rain,112
2025-05-21,R08,16,2,0,Clear,143
2025-05-21,R08,17,2,0,Rain,313
2025-05-21,R08,18,2,0,Rain,375
2025-05-21,R08,19,2,0,Rain,330
2025-05-21,R08,20,2,0,Cloudy,146
2025-05-21,R08,21,2,0,Clear,101
2025-05-21,R08,22,2,0,Clear,44
2025-05-22,R01,6,3,0,Clear,147
2025-05-22,R01,7,3,0,Clear,217
2025-05-22,R01,8,3,0,Cloudy,260
2025-05-22,R01,9,3,0,Clear,233
2025-05-22,R01,10,3,0,Cloudy,116
2025-05-22,R01,11,3,0,Rain,66
2025-05-22,R01,12,3,0,Clear,45
2025-05-22,R01,13,3,0,Clear,74
2025-05-22,R01,14,3,0,Cloudy,50
2025-05-22,R01,15,3,0,Cloudy,72
2025-05-22,R01,16,3,0,Rain,149
2025-05-22,R01,17,3,0,Cloudy,266
2025-05-22,R01,18,3,0,Clear,310
2025-05-22,R01,19,3,0,Cloudy,232
2025-05-22,R01,20,3,0,Cloudy,155
2025-05-22,R01,21,3,0,Clear,39
2025-05-22,R01,22,3,0,Clear,57
2025-05-22,R02,6,3,0,Clear,133
2025-05-22,R02,7,3,0,Clear,258
2025-05-22,R02,8,3,0,Clear,322
2025-05-22,R02,9,3,0,Clear,252
2025-05-22,R02,10,3,0,Cloudy,105
2025-05-22,R02,11,3,0,Clear,87
2025-05-22,R02,12,3,0,Clear,56
2025-05-22,R02,13,3,0,Clear,74
2025-05-22,R02,14,3,0,Clear,97
2025-05-22,R02,15,3,0,Rain,86
2025-05-22,R02,16,3,0,Cloudy,175
2025-05-22,R02,17,3,0,Clear,295
2025-05-22,R02,18,3,0,Cloudy,347
2025-05-22,R02,19,3,0,Clear,307
2025-05-22,R02,20,3,0,Cloudy,195
2025-05-22,R02,21,3,0,Clear,87
2025-05-22,R02,22,3,0,Clear,62
2025-05-22,R03,6,3,0,Clear,99
2025-05-22,R03,7,3,0,Clear,179
2025-05-22,R03,8,3,0,Clear,216
2025-05-22,R03,9,3,0,Clear,197
2025-05-22,R03,10,3,0,Clear,89
2025-05-22,R03,11,3,0,Clear,32
2025-05-22,R03,12,3,0,Rain,50
2025-05-22,R03,13,3,0,Clear,58
2025-05-22,R03,14,3,0,Cloudy,30
2025-05-22,R03,15,3,0,Cloudy,56
2025-05-22,R03,16,3,0,Clear,122
2025-05-22,R03,17,3,0,Clear,207
2025-05-22,R03,18,3,0,Clear,263
2025-05-22,R03,19,3,0,Rain,259
2025-05-22,R03,20,3,0,Clear,122
2025-05-22,R03,21,3,0,Clear,71
2025-05-22,R03,22,3,0,Clear,39
2025-05-22,R04,6,3,0,Rain,178
2025-05-22,R04,7,3,0,Clear,304
2025-05-22,R04,8,3,0,Cloudy,370
2025-05-22,R04,9,3,0,Clear,291
2025-05-22,R04,10,3,0,Cloudy,146
2025-05-22,R04,11,3,0,Clear,99
2025-05-22,R04,12,3,0,Cloudy,59
2025-05-22,R04,13,3,0,Clear,52
2025-05-22,R04,14,3,0,Cloudy,61
2025-05-22,R04,15,3,0,Clear,118
2025-05-22,R04,16,3,0,Cloudy,204
2025-05-22,R04,17,3,0,Cloudy,341
2025-05-22,R04,18,3,0,Clear,452
2025-05-22,R04,19,3,0,Clear,376
2025-05-22,R04,20,3,0,Clear,233
2025-05-22,R04,21,3,0,Rain,126
2025-05-22,R04,22,3,0,Cloudy,67
2025-05-22,R05,6,3,0,Cloudy,85
2025-05-22,R05,7,3,0,Clear,193
2025-05-22,R05,8,3,0,Clear,258
2025-05-22,R05,9,3,0,Cloudy,212
2025-05-22,R05,10,3,0,Clear,101
2025-05-22,R05,11,3,0,Clear,50
2025-05-22,R05,12,3,0,Clear,39
2025-05-22,R05,13,3,0,Rain,52
2025-05-22,R05,14,3,0,Clear,56
2025-05-22,R05,15,3,0,Clear,78
2025-05-22,R05,16,3,0,Clear,133
2025-05-22,R05,17,3,0,Cloudy,248
2025-05-22,R05,18,3,0,Clear,304
2025-05-22,R05,19,3,0,Clear,260
2025-05-22,R05,20,3,0,Clear,142
2025-05-22,R05,21,3,0,Clear,65
2025-05-22,R05,22,3,0,Cloudy,43
2025-05-22,R06,6,3,0,Clear,135
2025-05-22,R06,7,3,0,Cloudy,239
2025-05-22,R06,8,3,0,Clear,356
2025-05-22,R06,9,3,0,Clear,263
2025-05-22,R06,10,3,0,Clear,129
2025-05-22,R06,11,3,0,Cloudy,86
2025-05-22,R06,12,3,0,Cloudy,78
2025-05-22,R06,13,3,0,Cloudy,49
2025-05-22,R06,14,3,0,Clear,115
2025-05-22,R06,15,3,0,Clear,108
2025-05-22,R06,16,3,0,Clear,189
2025-05-22,R06,17,3,0,Clear,302
2025-05-22,R06,18,3,0,Clear,409
2025-05-22,R06,19,3,0,Rain,345
2025-05-22,R06,20,3,0,Clear,174
2025-05-22,R06,21,3,0,Clear,106
2025-05-22,R06,22,3,0,Clear,96
2025-05-22,R07,6,3,0,Cloudy,82
2025-05-22,R07,7,3,0,Rain,189
2025-05-22,R07,8,3,0,Clear,231
2025-05-22,R07,9,3,0,Cloudy,128
2025-05-22,R07,10,3,0,Clear,93
2025-05-22,R07,11,3,0,Cloudy,62
2025-05-22,R07,12,3,0,Cloudy,50
2025-05-22,R07,13,3,0,Clear,53
2025-05-22,R07,14,3,0,Clear,32
2025-05-22,R07,15,3,0,Clear,60
2025-05-22,R07,16,3,0,Clear,126
2025-05-22,R07,17,3,0,Clear,196
2025-05-22,R07,18,3,0,Clear,215
2025-05-22,R07,19,3,0,Cloudy,162
2025-05-22,R07,20,3,0,Cloudy,117
2025-05-22,R07,21,3,0,Cloudy,18
2025-05-22,R07,22,3,0,Clear,48
2025-05-22,R08,6,3,0,Rain,154
2025-05-22,R08,7,3,0,Clear,249
2025-05-22,R08,8,3,0,Clear,323
2025-05-22,R08,9,3,0,Rain,279
2025-05-22,R08,10,3,0,Cloudy,90
2025-05-22,R08,11,3,0,Clear,46
2025-05-22,R08,12,3,0,Clear,46
2025-05-22,R08,13,3,0,Clear,61
2025-05-22,R08,14,3,0,Cloudy,61
2025-05-22,R08,15,3,0,Cloudy,66
2025-05-22,R08,16,3,0,Rain,136
2025-05-22,R08,17,3,0,Cloudy,290
2025-05-22,R08,18,3,0,Clear,386
2025-05-22,R08,19,3,0,Cloudy,282
2025-05-22,R08,20,3,0,Clear,169
2025-05-22,R08,21,3,0,Clear,92
2025-05-22,R08,22,3,0,Cloudy,47
2025-05-23,R01,6,4,0,Clear,100
2025-05-23,R01,7,4,0,Cloudy,222
2025-05-23,R01,8,4,0,Clear,295
2025-05-23,R01,9,4,0,Cloudy,222
2025-05-23,R01,10,4,0,Clear,123
2025-05-23,R01,11,4,0,Cloudy,41
2025-05-23,R01,12,4,0,Clear,32
2025-05-23,R01,13,4,0,Cloudy,33
2025-05-23,R01,14,4,0,Clear,76
2025-05-23,R01,15,4,0,Clear,58
2025-05-23,R01,16,4,0,Clear,148
2025-05-23,R01,17,4,0,Cloudy,239
2025-05-23,R01,18,4,0,Clear,303
2025-05-23,R01,19,4,0,Clear,269
2025-05-23,R01,20,4,0,Clear,172
2025-05-23,R01,21,4,0,Clear,77
2025-05-23,R01,22,4,0,Clear,32
2025-05-23,R02,6,4,0,Cloudy,126
2025-05-23,R02,7,4,0,Rain,279
2025-05-23,R02,8,4,0,Cloudy,310
2025-05-23,R02,9,4,0,Clear,258
2025-05-23,R02,10,4,0,Clear,164
2025-05-23,R02,11,4,0,Cloudy,77
2025-05-23,R02,12,4,0,Cloudy,63
2025-05-23,R02,13,4,0,Clear,51
2025-05-23,R02,14,4,0,Cloudy,74
2025-05-23,R02,15,4,0,Clear,108
2025-05-23,R02,16,4,0,Clear,186
2025-05-23,R02,17,4,0,Cloudy,298
2025-05-23,R02,18,4,0,Clear,361
2025-05-23,R02,19,4,0,Cloudy,296
2025-05-23,R02,20,4,0,Clear,198
2025-05-23,R02,21,4,0,Clear,99
2025-05-23,R02,22,4,0,Clear,76
2025-05-23,R03,6,4,0,Cloudy,86
2025-05-23,R03,7,4,0,Cloudy,161
2025-05-23,R03,8,4,0,Clear,217
2025-05-23,R03,9,4,0,Cloudy,188
2025-05-23,R03,10,4,0,Clear,95
2025-05-23,R03,11,4,0,Rain,73
2025-05-23,R03,12,4,0,Clear,36
2025-05-23,R03,13,4,0,Cloudy,55
2025-05-23,R03,14,4,0,Clear,46
2025-05-23,R03,15,4,0,Cloudy,56
2025-05-23,R03,16,4,0,Rain,131
2025-05-23,R03,17,4,0,Clear,228
2025-05-23,R03,18,4,0,Cloudy,255
2025-05-23,R03,19,4,0,Cloudy,215
2025-05-23,R03,20,4,0,Cloudy,136
2025-05-23,R03,21,4,0,Rain,68
2025-05-23,R03,22,4,0,Cloudy,51
2025-05-23,R04,6,4,0,Cloudy,149
2025-05-23,R04,7,4,0,Clear,293
2025-05-23,R04,8,4,0,Cloudy,366
2025-05-23,R04,9,4,0,Clear,262
2025-05-23,R04,10,4,0,Cloudy,130
2025-05-23,R04,11,4,0,Cloudy,96
2025-05-23,R04,12,4,0,Clear,74
2025-05-23,R04,13,4,0,Cloudy,55
2025-05-23,R04,14,4,0,Clear,79
2025-05-23,R04,15,4,0,Cloudy,76
2025-05-23,R04,16,4,0,Clear,187
2025-05-23,R04,17,4,0,Clear,338
2025-05-23,R04,18,4,0,Rain,462
2025-05-23,R04,19,4,0,Clear,352
2025-05-23,R04,20,4,0,Clear,208
2025-05-23,R04,21,4,0,Clear,144
2025-05-23,R04,22,4,0,Clear,91
2025-05-23,R05,6,4,0,Clear,85
2025-05-23,R05,7,4,0,Clear,236
2025-05-23,R05,8,4,0,Clear,260
2025-05-23,R05,9,4,0,Clear,218
2025-05-23,R05,10,4,0,Rain,121
2025-05-23,R05,11,4,0,Clear,99
2025-05-23,R05,12,4,0,Rain,80
2025-05-23,R05,13,4,0,Clear,63
2025-05-23,R05,14,4,0,Cloudy,73
2025-05-23,R05,15,4,0,Clear,83
2025-05-23,R05,16,4,0,Rain,150
2025-05-23,R05,17,4,0,Cloudy,245
2025-05-23,R05,18,4,0,Cloudy,308
2025-05-23,R05,19,4,0,Clear,238
2025-05-23,R05,20,4,0,Clear,149
2025-05-23,R05,21,4,0,Rain,96
2025-05-23,R05,22,4,0,Clear,44
2025-05-23,R06,6,4,0,Clear,143
2025-05-23,R06,7,4,0,Clear,276
2025-05-23,R06,8,4,0,Clear,362
2025-05-23,R06,9,4,0,Clear,278
2025-05-23,R06,10,4,0,Clear,150
2025-05-23,R06,11,4,0,Clear,109
2025-05-23,R06,12,4,0,Cloudy,61
2025-05-23,R06,13,4,0,Cloudy,82
2025-05-23,R06,14,4,0,Rain,112
2025-05-23,R06,15,4,0,Clear,88
2025-05-23,R06,16,4,0,Rain,222
2025-05-23,R06,17,4,0,Rain,355
2025-05-23,R06,18,4,0,Clear,418
2025-05-23,R06,19,4,0,Cloudy,302
2025-05-23,R06,20,4,0,Cloudy,148
2025-05-23,R06,21,4,0,Cloudy,105
2025-05-23,R06,22,4,0,Clear,72
2025-05-23,R07,6,4,0,Clear,106
2025-05-23,R07,7,4,0,Clear,153
2025-05-23,R07,8,4,0,Clear,204
2025-05-23,R07,9,4,0,Clear,152
2025-05-23,R07,10,4,0,Cloudy,63
2025-05-23,R07,11,4,0,Cloudy,50
2025-05-23,R07,12,4,0,Cloudy,35
2025-05-23,R07,13,4,0,Cloudy,10
2025-05-23,R07,14,4,0,Cloudy,58
2025-05-23,R07,15,4,0,Cloudy,55
2025-05-23,R07,16,4,0,Clear,101
2025-05-23,R07,17,4,0,Clear,202
2025-05-23,R07,18,4,0,Cloudy,185
2025-05-23,R07,19,4,0,Rain,225
2025-05-23,R07,20,4,0,Clear,93
2025-05-23,R07,21,4,0,Rain,45
2025-05-23,R07,22,4,0,Clear,35
2025-05-23,R08,6,4,0,Clear,137
2025-05-23,R08,7,4,0,Clear,268
2025-05-23,R08,8,4,0,Clear,277
2025-05-23,R08,9,4,0,Clear,273
2025-05-23,R08,10,4,0,Clear,133
2025-05-23,R08,11,4,0,Clear,91
2025-05-23,R08,12,4,0,Clear,76
2025-05-23,R08,13,4,0,Clear,56
2025-05-23,R08,14,4,0,Clear,55
2025-05-23,R08,15,4,0,Rain,104
2025-05-23,R08,16,4,0,Clear,169
2025-05-23,R08,17,4,0,Cloudy,263
2025-05-23,R08,18,4,0,Rain,391
2025-05-23,R08,19,4,0,Clear,285
2025-05-23,R08,20,4,0,Rain,184
2025-05-23,R08,21,4,0,Clear,104
2025-05-23,R08,22,4,0,Cloudy,53
2025-05-24,R01,6,5,1,Rain,94
2025-05-24,R01,7,5,1,Cloudy,142
2025-05-24,R01,8,5,1,Clear,193
2025-05-24,R01,9,5,1,Clear,148
2025-05-24,R01,10,5,1,Clear,89
2025-05-24,R01,11,5,1,Clear,11
2025-05-24,R01,12,5,1,Clear,44
2025-05-24,R01,13,5,1,Clear,39
2025-05-24,R01,14,5,1,Cloudy,39
2025-05-24,R01,15,5,1,Rain,70
2025-05-24,R01,16,5,1,Rain,89
2025-05-24,R01,17,5,1,Clear,195
2025-05-24,R01,18,5,1,Clear,217
2025-05-24,R01,19,5,1,Cloudy,164
2025-05-24,R01,20,5,1,Clear,91
2025-05-24,R01,21,5,1,Clear,44
2025-05-24,R01,22,5,1,Clear,14
2025-05-24,R02,6,5,1,Clear,97
2025-05-24,R02,7,5,1,Clear,171
2025-05-24,R02,8,5,1,Cloudy,228
2025-05-24,R02,9,5,1,Clear,184
2025-05-24,R02,10,5,1,Clear,99
2025-05-24,R02,11,5,1,Clear,47
2025-05-24,R02,12,5,1,Cloudy,37
2025-05-24,R02,13,5,1,Cloudy,62
2025-05-24,R02,14,5,1,Clear,39
2025-05-24,R02,15,5,1,Clear,29
2025-05-24,R02,16,5,1,Clear,118
2025-05-24,R02,17,5,1,Rain,219
2025-05-24,R02,18,5,1,Rain,282
2025-05-24,R02,19,5,1,Clear,212
2025-05-24,R02,20,5,1,Rain,120
2025-05-24,R02,21,5,1,Cloudy,35
2025-05-24,R02,22,5,1,Clear,42
2025-05-24,R03,6,5,1,Clear,87
2025-05-24,R03,7,5,1,Cloudy,117
2025-05-24,R03,8,5,1,Clear,163
2025-05-24,R03,9,5,1,Rain,132
2025-05-24,R03,10,5,1,Clear,73
2025-05-24,R03,11,5,1,Cloudy,45
2025-05-24,R03,12,5,1,Cloudy,45
2025-05-24,R03,13,5,1,Clear,51
2025-05-24,R03,14,5,1,Cloudy,35
2025-05-24,R03,15,5,1,Clear,62
2025-05-24,R03,16,5,1,Clear,98
2025-05-24,R03,17,5,1,Clear,154
2025-05-24,R03,18,5,1,Clear,180
2025-05-24,R03,19,5,1,Clear,119
2025-05-24,R03,20,5,1,Clear,116
2025-05-24,R03,21,5,1,Clear,46
2025-05-24,R03,22,5,1,Clear,25
2025-05-24,R04,6,5,1,Cloudy,96
2025-05-24,R04,7,5,1,Cloudy,203
2025-05-24,R04,8,5,1,Clear,245
2025-05-24,R04,9,5,1,Cloudy,213
2025-05-24,R04,10,5,1,Cloudy,107
2025-05-24,R04,11,5,1,Clear,51
2025-05-24,R04,12,5,1,Cloudy,54
2025-05-24,R04,13,5,1,Clear,59
2025-05-24,R04,14,5,1,Clear,41
2025-05-24,R04,15,5,1,Clear,81
2025-05-24,R04,16,5,1,Clear,134
2025-05-24,R04,17,5,1,Rain,286
2025-05-24,R04,18,5,1,Rain,322
2025-05-24,R04,19,5,1,Clear,239
2025-05-24,R04,20,5,1,Clear,105
2025-05-24,R04,21,5,1,Clear,89
2025-05-24,R04,22,5,1,Clear,47
2025-05-24,R05,6,5,1,Clear,72
2025-05-24,R05,7,5,1,Rain,176
2025-05-24,R05,8,5,1,Clear,156
2025-05-24,R05,9,5,1,Rain,165
2025-05-24,R05,10,5,1,Cloudy,61
2025-05-24,R05,11,5,1,Clear,46
2025-05-24,R05,12,5,1,Cloudy,39
2025-05-24,R05,13,5,1,Clear,31
2025-05-24,R05,14,5,1,Cloudy,60
2025-05-24,R05,15,5,1,Cloudy,46
2025-05-24,R05,16,5,1,Clear,98
2025-05-24,R05,17,5,1,Clear,171
2025-05-24,R05,18,5,1,Clear,220
2025-05-24,R05,19,5,1,Clear,158
2025-05-24,R05,20,5,1,Clear,111
2025-05-24,R05,21,5,1,Clear,85
2025-05-24,R05,22,5,1,Clear,16
2025-05-24,R06,6,5,1,Clear,89
2025-05-24,R06,7,5,1,Clear,168
2025-05-24,R06,8,5,1,Clear,212
2025-05-24,R06,9,5,1,Cloudy,166
2025-05-24,R06,10,5,1,Cloudy,84
2025-05-24,R06,11,5,1,Cloudy,64
2025-05-24,R06,12,5,1,Clear,62
2025-05-24,R06,13,5,1,Cloudy,45
2025-05-24,R06,14,5,1,Cloudy,60
2025-05-24,R06,15,5,1,Cloudy,74
2025-05-24,R06,16,5,1,Clear,120
2025-05-24,R06,17,5,1,Clear,230
2025-05-24,R06,18,5,1,Rain,289
2025-05-24,R06,19,5,1,Clear,224
2025-05-24,R06,20,5,1,Clear,132
2025-05-24,R06,21,5,1,Cloudy,72
2025-05-24,R06,22,5,1,Clear,71
2025-05-24,R07,6,5,1,Rain,47
2025-05-24,R07,7,5,1,Clear,109
2025-05-24,R07,8,5,1,Clear,160
2025-05-24,R07,9,5,1,Clear,100
2025-05-24,R07,10,5,1,Cloudy,42
2025-05-24,R07,11,5,1,Cloudy,40
2025-05-24,R07,12,5,1,Cloudy,32
2025-05-24,R07,13,5,1,Clear,10
2025-05-24,R07,14,5,1,Clear,20
2025-05-24,R07,15,5,1,Clear,24
2025-05-24,R07,16,5,1,Clear,59
2025-05-24,R07,17,5,1,Clear,136
2025-05-24,R07,18,5,1,Cloudy,156
2025-05-24,R07,19,5,1,Clear,129
2025-05-24,R07,20,5,1,Cloudy,52
2025-05-24,R07,21,5,1,Clear,24
2025-05-24,R07,22,5,1,Clear,33
2025-05-24,R08,6,5,1,Clear,69
2025-05-24,R08,7,5,1,Clear,141
2025-05-24,R08,8,5,1,Clear,207
2025-05-24,R08,9,5,1,Clear,167
2025-05-24,R08,10,5,1,Cloudy,60
2025-05-24,R08,11,5,1,Cloudy,52
2025-05-24,R08,12,5,1,Cloudy,35
2025-05-24,R08,13,5,1,Clear,22
2025-05-24,R08,14,5,1,Clear,43
2025-05-24,R08,15,5,1,Rain,37
2025-05-24,R08,16,5,1,Clear,108
2025-05-24,R08,17,5,1,Clear,192
2025-05-24,R08,18,5,1,Rain,267
2025-05-24,R08,19,5,1,Clear,199
2025-05-24,R08,20,5,1,Clear,124
2025-05-24,R08,21,5,1,Clear,59
2025-05-24,R08,22,5,1,Rain,25
2025-05-25,R01,6,6,1,Cloudy,63
2025-05-25,R01,7,6,1,Cloudy,181
2025-05-25,R01,8,6,1,Cloudy,158
2025-05-25,R01,9,6,1,Clear,180
2025-05-25,R01,10,6,1,Cloudy,102
2025-05-25,R01,11,6,1,Clear,24
2025-05-25,R01,12,6,1,Rain,53
2025-05-25,R01,13,6,1,Clear,41
2025-05-25,R01,14,6,1,Cloudy,52
2025-05-25,R01,15,6,1,Clear,42
2025-05-25,R01,16,6,1,Cloudy,103
2025-05-25,R01,17,6,1,Clear,170
2025-05-25,R01,18,6,1,Clear,205
2025-05-25,R01,19,6,1,Clear,180
2025-05-25,R01,20,6,1,Cloudy,107
2025-05-25,R01,21,6,1,Clear,63
2025-05-25,R01,22,6,1,Clear,53
2025-05-25,R02,6,6,1,Cloudy,78
2025-05-25,R02,7,6,1,Cloudy,194
2025-05-25,R02,8,6,1,Cloudy,216
2025-05-25,R02,9,6,1,Cloudy,152
2025-05-25,R02,10,6,1,Clear,109
2025-05-25,R02,11,6,1,Cloudy,48
2025-05-25,R02,12,6,1,Cloudy,28
2025-05-25,R02,13,6,1,Rain,37
2025-05-25,R02,14,6,1,Clear,44
2025-05-25,R02,15,6,1,Clear,38
2025-05-25,R02,16,6,1,Cloudy,136
2025-05-25,R02,17,6,1,Clear,219
2025-05-25,R02,18,6,1,Clear,261
2025-05-25,R02,19,6,1,Clear,207
2025-05-25,R02,20,6,1,Rain,149
2025-05-25,R02,21,6,1,Clear,87
2025-05-25,R02,22,6,1,Clear,27
2025-05-25,R03,6,6,1,Rain,74
2025-05-25,R03,7,6,1,Cloudy,122
2025-05-25,R03,8,6,1,Rain,190
2025-05-25,R03,9,6,1,Cloudy,127
2025-05-25,R03,10,6,1,Cloudy,68
2025-05-25,R03,11,6,1,Rain,39
2025-05-25,R03,12,6,1,Clear,10
2025-05-25,R03,13,6,1,Cloudy,29
2025-05-25,R03,14,6,1,Clear,27
2025-05-25,R03,15,6,1,Rain,31
2025-05-25,R03,16,6,1,Cloudy,103
2025-05-25,R03,17,6,1,Clear,148
2025-05-25,R03,18,6,1,Clear,190
2025-05-25,R03,19,6,1,Clear,144
2025-05-25,R03,20,6,1,Clear,70
2025-05-25,R03,21,6,1,Clear,55
2025-05-25,R03,22,6,1,Clear,56
2025-05-25,R04,6,6,1,Cloudy,118
2025-05-25,R04,7,6,1,Clear,211
2025-05-25,R04,8,6,1,Clear,258
2025-05-25,R04,9,6,1,Clear,208
2025-05-25,R04,10,6,1,Clear,119
2025-05-25,R04,11,6,1,Cloudy,51
2025-05-25,R04,12,6,1,Cloudy,55
2025-05-25,R04,13,6,1,Rain,49
2025-05-25,R04,14,6,1,Rain,27
2025-05-25,R04,15,6,1,Cloudy,55
2025-05-25,R04,16,6,1,Clear,137
2025-05-25,R04,17,6,1,Cloudy,229
2025-05-25,R04,18,6,1,Clear,261
2025-05-25,R04,19,6,1,Cloudy,241
2025-05-25,R04,20,6,1,Clear,143
2025-05-25,R04,21,6,1,Clear,50
2025-05-25,R04,22,6,1,Cloudy,58
2025-05-25,R05,6,6,1,Rain,80
2025-05-25,R05,7,6,1,Rain,139
2025-05-25,R05,8,6,1,Clear,194
2025-05-25,R05,9,6,1,Cloudy,148
2025-05-25,R05,10,6,1,Clear,79
2025-05-25,R05,11,6,1,Clear,47
2025-05-25,R05,12,6,1,Cloudy,34
2025-05-25,R05,13,6,1,Clear,43
2025-05-25,R05,14,6,1,Clear,34
2025-05-25,R05,15,6,1,Cloudy,18
2025-05-25,R05,16,6,1,Cloudy,78
2025-05-25,R05,17,6,1,Clear,159
2025-05-25,R05,18,6,1,Cloudy,192
2025-05-25,R05,19,6,1,Rain,184
2025-05-25,R05,20,6,1,Rain,129
2025-05-25,R05,21,6,1,Clear,52
2025-05-25,R05,22,6,1,Cloudy,39
2025-05-25,R06,6,6,1,Rain,109
2025-05-25,R06,7,6,1,Rain,210
2025-05-25,R06,8,6,1,Clear,247
2025-05-25,R06,9,6,1,Clear,205
2025-05-25,R06,10,6,1,Clear,116
2025-05-25,R06,11,6,1,Clear,35
2025-05-25,R06,12,6,1,Rain,38
2025-05-25,R06,13,6,1,Cloudy,37
2025-05-25,R06,14,6,1,Rain,66
2025-05-25,R06,15,6,1,Clear,71
2025-05-25,R06,16,6,1,Clear,126
2025-05-25,R06,17,6,1,Clear,207
2025-05-25,R06,18,6,1,Clear,286
2025-05-25,R06,19,6,1,Rain,262
2025-05-25,R06,20,6,1,Clear,116
2025-05-25,R06,21,6,1,Cloudy,40
2025-05-25,R06,22,6,1,Clear,46
2025-05-25,R07,6,6,1,Clear,58
2025-05-25,R07,7,6,1,Cloudy,123
2025-05-25,R07,8,6,1,Clear,131
2025-05-25,R07,9,6,1,Clear,99
2025-05-25,R07,10,6,1,Rain,53
2025-05-25,R07,11,6,1,Cloudy,14
2025-05-25,R07,12,6,1,Clear,23
2025-05-25,R07,13,6,1,Clear,37
2025-05-25,R07,14,6,1,Cloudy,38
2025-05-25,R07,15,6,1,Rain,28
2025-05-25,R07,16,6,1,Clear,89
2025-05-25,R07,17,6,1,Cloudy,122
2025-05-25,R07,18,6,1,Clear,132
2025-05-25,R07,19,6,1,Rain,152
2025-05-25,R07,20,6,1,Clear,90
2025-05-25,R07,21,6,1,Rain,35
2025-05-25,R07,22,6,1,Clear,28
2025-05-25,R08,6,6,1,Clear,86
2025-05-25,R08,7,6,1,Clear,168
2025-05-25,R08,8,6,1,Cloudy,197
2025-05-25,R08,9,6,1,Cloudy,159
2025-05-25,R08,10,6,1,Clear,58
2025-05-25,R08,11,6,1,Clear,41
2025-05-25,R08,12,6,1,Clear,37
2025-05-25,R08,13,6,1,Clear,46
2025-05-25,R08,14,6,1,Rain,15
2025-05-25,R08,15,6,1,Clear,75
2025-05-25,R08,16,6,1,Clear,113
2025-05-25,R08,17,6,1,Clear,211
2025-05-25,R08,18,6,1,Clear,247
2025-05-25,R08,19,6,1,Clear,216
2025-05-25,R08,20,6,1,Rain,130
2025-05-25,R08,21,6,1,Clear,37
2025-05-25,R08,22,6,1,Cloudy,48
2025-05-26,R01,6,0,0,Clear,120
2025-05-26,R01,7,0,0,Clear,214
2025-05-26,R01,8,0,0,Rain,316
2025-05-26,R01,9,0,0,Clear,229
2025-05-26,R01,10,0,0,Clear,122
2025-05-26,R01,11,0,0,Rain,52
2025-05-26,R01,12,0,0,Cloudy,70
2025-05-26,R01,13,0,0,Clear,62
2025-05-26,R01,14,0,0,Clear,55
2025-05-26,R01,15,0,0,Clear,75
2025-05-26,R01,16,0,0,Clear,171
2025-05-26,R01,17,0,0,Cloudy,251
2025-05-26,R01,18,0,0,Clear,305
2025-05-26,R01,19,0,0,Clear,283
2025-05-26,R01,20,0,0,Clear,145
2025-05-26,R01,21,0,0,Clear,43
2025-05-26,R01,22,0,0,Rain,42
2025-05-26,R02,6,0,0,Cloudy,135
2025-05-26,R02,7,0,0,Cloudy,237
2025-05-26,R02,8,0,0,Rain,368
2025-05-26,R02,9,0,0,Cloudy,252
2025-05-26,R02,10,0,0,Cloudy,93
2025-05-26,R02,11,0,0,Clear,78
2025-05-26,R02,12,0,0,Clear,78
2025-05-26,R02,13,0,0,Clear,42
2025-05-26,R02,14,0,0,Clear,33
2025-05-26,R02,15,0,0,Cloudy,100
2025-05-26,R02,16,0,0,Clear,179
2025-05-26,R02,17,0,0,Clear,318
2025-05-26,R02,18,0,0,Clear,376
2025-05-26,R02,19,0,0,Clear,314
2025-05-26,R02,20,0,0,Cloudy,188
2025-05-26,R02,21,0,0,Clear,101
2025-05-26,R02,22,0,0,Cloudy,45
2025-05-26,R03,6,0,0,Cloudy,106
2025-05-26,R03,7,0,0,Rain,200
2025-05-26,R03,8,0,0,Clear,204
2025-05-26,R03,9,0,0,Clear,171
2025-05-26,R03,10,0,0,Cloudy,77
2025-05-26,R03,11,0,0,Clear,51
2025-05-26,R03,12,0,0,Clear,58
2025-05-26,R03,13,0,0,Clear,53
2025-05-26,R03,14,0,0,Rain,41
2025-05-26,R03,15,0,0,Rain,78
2025-05-26,R03,16,0,0,Clear,117
2025-05-26,R03,17,0,0,Rain,233
2025-05-26,R03,18,0,0,Clear,270
2025-05-26,R03,19,0,0,Cloudy,185
2025-05-26,R03,20,0,0,Cloudy,113
2025-05-26,R03,21,0,0,Clear,62
2025-05-26,R03,22,0,0,Cloudy,32
2025-05-26,R04,6,0,0,Clear,166
2025-05-26,R04,7,0,0,Clear,306
2025-05-26,R04,8,0,0,Rain,409
2025-05-26,R04,9,0,0,Clear,282
2025-05-26,R04,10,0,0,Clear,159
2025-05-26,R04,11,0,0,Rain,84
2025-05-26,R04,12,0,0,Clear,64
2025-05-26,R04,13,0,0,Clear,29
2025-05-26,R04,14,0,0,Clear,72
2025-05-26,R04,15,0,0,Rain,112
2025-05-26,R04,16,0,0,Clear,186
2025-05-26,R04,17,0,0,Cloudy,344
2025-05-26,R04,18,0,0,Clear,431
2025-05-26,R04,19,0,0,Cloudy,335
2025-05-26,R04,20,0,0,Cloudy,201
2025-05-26,R04,21,0,0,Clear,114
2025-05-26,R04,22,0,0,Clear,54
2025-05-26,R05,6,0,0,Clear,114
2025-05-26,R05,7,0,0,Clear,201
2025-05-26,R05,8,0,0,Clear,285
2025-05-26,R05,9,0,0,Rain,256
2025-05-26,R05,10,0,0,Clear,129
2025-05-26,R05,11,0,0,Clear,71
2025-05-26,R05,12,0,0,Cloudy,45
2025-05-26,R05,13,0,0,Cloudy,57
2025-05-26,R05,14,0,0,Clear,28
2025-05-26,R05,15,0,0,Clear,66
2025-05-26,R05,16,0,0,Clear,150
2025-05-26,R05,17,0,0,Clear,247
2025-05-26,R05,18,0,0,Clear,292
2025-05-26,R05,19,0,0,Cloudy,241
2025-05-26,R05,20,0,0,Clear,163
2025-05-26,R05,21,0,0,Clear,93
2025-05-26,R05,22,0,0,Clear,43
2025-05-26,R06,6,0,0,Clear,170
2025-05-26,R06,7,0,0,Clear,271
2025-05-26,R06,8,0,0,Cloudy,336
2025-05-26,R06,9,0,0,Clear,291
2025-05-26,R06,10,0,0,Cloudy,108
2025-05-26,R06,11,0,0,Cloudy,77
2025-05-26,R06,12,0,0,Clear,52
2025-05-26,R06,13,0,0,Clear,58
2025-05-26,R06,14,0,0,Cloudy,78
2025-05-26,R06,15,0,0,Rain,102
2025-05-26,R06,16,0,0,Clear,187
2025-05-26,R06,17,0,0,Clear,328
2025-05-26,R06,18,0,0,Clear,414
2025-05-26,R06,19,0,0,Clear,341
2025-05-26,R06,20,0,0,Clear,192
2025-05-26,R06,21,0,0,Clear,93
2025-05-26,R06,22,0,0,Rain,78
2025-05-26,R07,6,0,0,Clear,79
2025-05-26,R07,7,0,0,Clear,184
2025-05-26,R07,8,0,0,Rain,224
2025-05-26,R07,9,0,0,Cloudy,166
2025-05-26,R07,10,0,0,Cloudy,96
2025-05-26,R07,11,0,0,Clear,50
2025-05-26,R07,12,0,0,Cloudy,41
2025-05-26,R07,13,0,0,Clear,42
2025-05-26,R07,14,0,0,Clear,48
2025-05-26,R07,15,0,0,Clear,41
2025-05-26,R07,16,0,0,Cloudy,133
2025-05-26,R07,17,0,0,Cloudy,180
2025-05-26,R07,18,0,0,Clear,252
2025-05-26,R07,19,0,0,Clear,192
2025-05-26,R07,20,0,0,Clear,112
2025-05-26,R07,21,0,0,Clear,49
2025-05-26,R07,22,0,0,Clear,33
2025-05-26,R08,6,0,0,Cloudy,96
2025-05-26,R08,7,0,0,Clear,272
2025-05-26,R08,8,0,0,Clear,329
2025-05-26,R08,9,0,0,Clear,236
2025-05-26,R08,10,0,0,Clear,131
2025-05-26,R08,11,0,0,Cloudy,75
2025-05-26,R08,12,0,0,Clear,42
2025-05-26,R08,13,0,0,Clear,46
2025-05-26,R08,14,0,0,Clear,60
2025-05-26,R08,15,0,0,Cloudy,102
2025-05-26,R08,16,0,0,Cloudy,147
2025-05-26,R08,17,0,0,Clear,298
2025-05-26,R08,18,0,0,Clear,382
2025-05-26,R08,19,0,0,Clear,306
2025-05-26,R08,20,0,0,Clear,149
2025-05-26,R08,21,0,0,Clear,81
2025-05-26,R08,22,0,0,Clear,60
2025-05-27,R01,6,1,0,Clear,108
2025-05-27,R01,7,1,0,Clear,197
2025-05-27,R01,8,1,0,Rain,327
2025-05-27,R01,9,1,0,Clear,205
2025-05-27,R01,10,1,0,Clear,110
2025-05-27,R01,11,1,0,Clear,70
2025-05-27,R01,12,1,0,Rain,58
2025-05-27,R01,13,1,0,Clear,40
2025-05-27,R01,14,1,0,Clear,78
2025-05-27,R01,15,1,0,Clear,65
2025-05-27,R01,16,1,0,Cloudy,154
2025-05-27,R01,17,1,0,Cloudy,255
2025-05-27,R01,18,1,0,Clear,333
2025-05-27,R01,19,1,0,Rain,268
2025-05-27,R01,20,1,0,Clear,150
2025-05-27,R01,21,1,0,Rain,91
2025-05-27,R01,22,1,0,Clear,61
2025-05-27,R02,6,1,0,Clear,138
2025-05-27,R02,7,1,0,Clear,272
2025-05-27,R02,8,1,0,Clear,335
2025-05-27,R02,9,1,0,Clear,251
2025-05-27,R02,10,1,0,Clear,129
2025-05-27,R02,11,1,0,Clear,83
2025-05-27,R02,12,1,0,Clear,51
2025-05-27,R02,13,1,0,Cloudy,67
2025-05-27,R02,14,1,0,Cloudy,51
2025-05-27,R02,15,1,0,Clear,78
2025-05-27,R02,16,1,0,Clear,206
2025-05-27,R02,17,1,0,Clear,330
2025-05-27,R02,18,1,0,Cloudy,361
2025-05-27,R02,19,1,0,Rain,335
2025-05-27,R02,20,1,0,Clear,189
2025-05-27,R02,21,1,0,Cloudy,119
2025-05-27,R02,22,1,0,Clear,60
2025-05-27,R03,6,1,0,Clear,124
2025-05-27,R03,7,1,0,Clear,176
2025-05-27,R03,8,1,0,Clear,214
2025-05-27,R03,9,1,0,Rain,202
2025-05-27,R03,10,1,0,Cloudy,69
2025-05-27,R03,11,1,0,Cloudy,60
2025-05-27,R03,12,1,0,Cloudy,24
2025-05-27,R03,13,1,0,Cloudy,47
2025-05-27,R03,14,1,0,Clear,58
2025-05-27,R03,15,1,0,Clear,90
2025-05-27,R03,16,1,0,Cloudy,97
2025-05-27,R03,17,1,0,Clear,207
2025-05-27,R03,18,1,0,Clear,261
2025-05-27,R03,19,1,0,Cloudy,211
2025-05-27,R03,20,1,0,Clear,122
2025-05-27,R03,21,1,0,Cloudy,47
2025-05-27,R03,22,1,0,Cloudy,36
2025-05-27,R04,6,1,0,Cloudy,154
2025-05-27,R04,7,1,0,Cloudy,277
2025-05-27,R04,8,1,0,Cloudy,384
2025-05-27,R04,9,1,0,Cloudy,288
2025-05-27,R04,10,1,0,Cloudy,137
2025-05-27,R04,11,1,0,Clear,87
2025-05-27,R04,12,1,0,Cloudy,75
2025-05-27,R04,13,1,0,Clear,73
2025-05-27,R04,14,1,0,Rain,76
2025-05-27,R04,15,1,0,Clear,104
2025-05-27,R04,16,1,0,Clear,203
2025-05-27,R04,17,1,0,Clear,370
2025-05-27,R04,18,1,0,Clear,447
2025-05-27,R04,19,1,0,Clear,336
2025-05-27,R04,20,1,0,Clear,225
2025-05-27,R04,21,1,0,Clear,133
2025-05-27,R04,22,1,0,Clear,70
2025-05-27,R05,6,1,0,Clear,120
2025-05-27,R05,7,1,0,Clear,249
2025-05-27,R05,8,1,0,Clear,271
2025-05-27,R05,9,1,0,Clear,215
2025-05-27,R05,10,1,0,Cloudy,116
2025-05-27,R05,11,1,0,Cloudy,77
2025-05-27,R05,12,1,0,Cloudy,23
2025-05-27,R05,13,1,0,Clear,49
2025-05-27,R05,14,1,0,Clear,72
2025-05-27,R05,15,1,0,Cloudy,82
2025-05-27,R05,16,1,0,Rain,164
2025-05-27,R05,17,1,0,Clear,254
2025-05-27,R05,18,1,0,Cloudy,308
2025-05-27,R05,19,1,0,Clear,259
2025-05-27,R05,20,1,0,Cloudy,160
2025-05-27,R05,21,1,0,Cloudy,69
2025-05-27,R05,22,1,0,Clear,24
2025-05-27,R06,6,1,0,Clear,165
2025-05-27,R06,7,1,0,Cloudy,258
2025-05-27,R06,8,1,0,Rain,393
2025-05-27,R06,9,1,0,Cloudy,266
2025-05-27,R06,10,1,0,Cloudy,133
2025-05-27,R06,11,1,0,Clear,64
2025-05-27,R06,12,1,0,Clear,80
2025-05-27,R06,13,1,0,Clear,26
2025-05-27,R06,14,1,0,Clear,101
2025-05-27,R06,15,1,0,Clear,101
2025-05-27,R06,16,1,0,Rain,179
2025-05-27,R06,17,1,0,Clear,347
2025-05-27,R06,18,1,0,Clear,381
2025-05-27,R06,19,1,0,Clear,322
2025-05-27,R06,20,1,0,Clear,216
2025-05-27,R06,21,1,0,Clear,107
2025-05-27,R06,22,1,0,Clear,75
2025-05-27,R07,6,1,0,Rain,102
2025-05-27,R07,7,1,0,Clear,149
2025-05-27,R07,8,1,0,Clear,174
2025-05-27,R07,9,1,0,Cloudy,159
2025-05-27,R07,10,1,0,Clear,92
2025-05-27,R07,11,1,0,Cloudy,43
2025-05-27,R07,12,1,0,Clear,59
2025-05-27,R07,13,1,0,Cloudy,47
2025-05-27,R07,14,1,0,Clear,25
2025-05-27,R07,15,1,0,Clear,53
2025-05-27,R07,16,1,0,Rain,112
2025-05-27,R07,17,1,0,Clear,178
2025-05-27,R07,18,1,0,Cloudy,239
2025-05-27,R07,19,1,0,Cloudy,174
2025-05-27,R07,20,1,0,Clear,122
2025-05-27,R07,21,1,0,Clear,66
2025-05-27,R07,22,1,0,Clear,24
2025-05-27,R08,6,1,0,Clear,150
2025-05-27,R08,7,1,0,Cloudy,231
2025-05-27,R08,8,1,0,Clear,309
2025-05-27,R08,9,1,0,Clear,226
2025-05-27,R08,10,1,0,Rain,133
2025-05-27,R08,11,1,0,Cloudy,54
2025-05-27,R08,12,1,0,Clear,35
2025-05-27,R08,13,1,0,Clear,64
2025-05-27,R08,14,1,0,Rain,54
2025-05-27,R08,15,1,0,Clear,90
2025-05-27,R08,16,1,0,Clear,184
2025-05-27,R08,17,1,0,Clear,301
2025-05-27,R08,18,1,0,Cloudy,340
2025-05-27,R08,19,1,0,Clear,262
2025-05-27,R08,20,1,0,Cloudy,134
2025-05-27,R08,21,1,0,Rain,88
2025-05-27,R08,22,1,0,Cloudy,63
2025-05-28,R01,6,2,0,Clear,106
2025-05-28,R01,7,2,0,Clear,209
2025-05-28,R01,8,2,0,Rain,331
2025-05-28,R01,9,2,0,Rain,242
2025-05-28,R01,10,2,0,Clear,97
2025-05-28,R01,11,2,0,Clear,71
2025-05-28,R01,12,2,0,Clear,35
2025-05-28,R01,13,2,0,Clear,57
2025-05-28,R01,14,2,0,Clear,51
2025-05-28,R01,15,2,0,Cloudy,76
2025-05-28,R01,16,2,0,Clear,137
2025-05-28,R01,17,2,0,Clear,258
2025-05-28,R01,18,2,0,Clear,317
2025-05-28,R01,19,2,0,Clear,251
2025-05-28,R01,20,2,0,Cloudy,137
2025-05-28,R01,21,2,0,Clear,52
2025-05-28,R01,22,2,0,Cloudy,62
2025-05-28,R02,6,2,0,Cloudy,141
2025-05-28,R02,7,2,0,Clear,258
2025-05-28,R02,8,2,0,Rain,366
2025-05-28,R02,9,2,0,Cloudy,241
2025-05-28,R02,10,2,0,Clear,150
2025-05-28,R02,11,2,0,Clear,68
2025-05-28,R02,12,2,0,Cloudy,72
2025-05-28,R02,13,2,0,Clear,42
2025-05-28,R02,14,2,0,Clear,79
2025-05-28,R02,15,2,0,Rain,72
2025-05-28,R02,16,2,0,Clear,172
2025-05-28,R02,17,2,0,Cloudy,303
2025-05-28,R02,18,2,0,Clear,396
2025-05-28,R02,19,2,0,Clear,293
2025-05-28,R02,20,2,0,Cloudy,174
2025-05-28,R02,21,2,0,Clear,99
2025-05-28,R02,22,2,0,Clear,73
2025-05-28,R03,6,2,0,Cloudy,127
2025-05-28,R03,7,2,0,Cloudy,209
2025-05-28,R03,8,2,0,Clear,251
2025-05-28,R03,9,2,0,Clear,170
2025-05-28,R03,10,2,0,Cloudy,84
2025-05-28,R03,11,2,0,Clear,55
2025-05-28,R03,12,2,0,Clear,37
2025-05-28,R03,13,2,0,Clear,29
2025-05-28,R03,14,2,0,Cloudy,56
2025-05-28,R03,15,2,0,Clear,47
2025-05-28,R03,16,2,0,Clear,94
2025-05-28,R03,17,2,0,Clear,226
2025-05-28,R03,18,2,0,Clear,275
2025-05-28,R03,19,2,0,Clear,195
2025-05-28,R03,20,2,0,Clear,102
2025-05-28,R03,21,2,0,Clear,64
2025-05-28,R03,22,2,0,Cloudy,46
2025-05-28,R04,6,2,0,Clear,154
2025-05-28,R04,7,2,0,Clear,292
2025-05-28,R04,8,2,0,Cloudy,359
2025-05-28,R04,9,2,0,Clear,309
2025-05-28,R04,10,2,0,Clear,139
2025-05-28,R04,11,2,0,Clear,88
2025-05-28,R04,12,2,0,Clear,58
2025-05-28,R04,13,2,0,Cloudy,98
2025-05-28,R04,14,2,0,Clear,76
2025-05-28,R04,15,2,0,Clear,128
2025-05-28,R04,16,2,0,Clear,211
2025-05-28,R04,17,2,0,Cloudy,361
2025-05-28,R04,18,2,0,Cloudy,409
2025-05-28,R04,19,2,0,Clear,356
2025-05-28,R04,20,2,0,Clear,200
2025-05-28,R04,21,2,0,Clear,96
2025-05-28,R04,22,2,0,Rain,62
2025-05-28,R05,6,2,0,Clear,116
2025-05-28,R05,7,2,0,Rain,245
2025-05-28,R05,8,2,0,Rain,276
2025-05-28,R05,9,2,0,Rain,230
2025-05-28,R05,10,2,0,Cloudy,98
2025-05-28,R05,11,2,0,Cloudy,78
2025-05-28,R05,12,2,0,Cloudy,31
2025-05-28,R05,13,2,0,Clear,48
2025-05-28,R05,14,2,0,Clear,62
2025-05-28,R05,15,2,0,Clear,62
2025-05-28,R05,16,2,0,Rain,157
2025-05-28,R05,17,2,0,Cloudy,249
2025-05-28,R05,18,2,0,Clear,295
2025-05-28,R05,19,2,0,Clear,258
2025-05-28,R05,20,2,0,Clear,120
2025-05-28,R05,21,2,0,Cloudy,68
2025-05-28,R05,22,2,0,Clear,69
2025-05-28,R06,6,2,0,Cloudy,148
2025-05-28,R06,7,2,0,Cloudy,279
2025-05-28,R06,8,2,0,Cloudy,298
2025-05-28,R06,9,2,0,Cloudy,228
2025-05-28,R06,10,2,0,Cloudy,137
2025-05-28,R06,11,2,0,Rain,77
2025-05-28,R06,12,2,0,Cloudy,59
2025-05-28,R06,13,2,0,Cloudy,74
2025-05-28,R06,14,2,0,Clear,92
2025-05-28,R06,15,2,0,Clear,129
2025-05-28,R06,16,2,0,Clear,181
2025-05-28,R06,17,2,0,Cloudy,284
2025-05-28,R06,18,2,0,Clear,382
2025-05-28,R06,19,2,0,Rain,333
2025-05-28,R06,20,2,0,Clear,170
2025-05-28,R06,21,2,0,Rain,121
2025-05-28,R06,22,2,0,Clear,75
2025-05-28,R07,6,2,0,Cloudy,103
2025-05-28,R07,7,2,0,Rain,183
2025-05-28,R07,8,2,0,Clear,203
2025-05-28,R07,9,2,0,Cloudy,143
2025-05-28,R07,10,2,0,Clear,105
2025-05-28,R07,11,2,0,Clear,13
2025-05-28,R07,12,2,0,Clear,20
2025-05-28,R07,13,2,0,Clear,46
2025-05-28,R07,14,2,0,Clear,34
2025-05-28,R07,15,2,0,Clear,69
2025-05-28,R07,16,2,0,Cloudy,112
2025-05-28,R07,17,2,0,Cloudy,187
2025-05-28,R07,18,2,0,Clear,241
2025-05-28,R07,19,2,0,Rain,222
2025-05-28,R07,20,2,0,Rain,133
2025-05-28,R07,21,2,0,Clear,57
2025-05-28,R07,22,2,0,Clear,36
2025-05-28,R08,6,2,0,Cloudy,127
2025-05-28,R08,7,2,0,Clear,263
2025-05-28,R08,8,2,0,Clear,302
2025-05-28,R08,9,2,0,Clear,242
2025-05-28,R08,10,2,0,Clear,99
2025-05-28,R08,11,2,0,Rain,70
2025-05-28,R08,12,2,0,Cloudy,39
2025-05-28,R08,13,2,0,Clear,49
2025-05-28,R08,14,2,0,Clear,42
2025-05-28,R08,15,2,0,Clear,66
2025-05-28,R08,16,2,0,Clear,191
2025-05-28,R08,17,2,0,Clear,274
2025-05-28,R08,18,2,0,Clear,365
2025-05-28,R08,19,2,0,Cloudy,302
2025-05-28,R08,20,2,0,Clear,182
2025-05-28,R08,21,2,0,Clear,95
2025-05-28,R08,22,2,0,Cloudy,67
2025-05-29,R01,6,3,0,Clear,111
2025-05-29,R01,7,3,0,Cloudy,226
2025-05-29,R01,8,3,0,Clear,311
2025-05-29,R01,9,3,0,Clear,217
2025-05-29,R01,10,3,0,Cloudy,90
2025-05-29,R01,11,3,0,Clear,78
2025-05-29,R01,12,3,0,Clear,87
2025-05-29,R01,13,3,0,Cloudy,33
2025-05-29,R01,14,3,0,Clear,21
2025-05-29,R01,15,3,0,Clear,76
2025-05-29,R01,16,3,0,Cloudy,133
2025-05-29,R01,17,3,0,Clear,266
2025-05-29,R01,18,3,0,Clear,313
2025-05-29,R01,19,3,0,Clear,260
2025-05-29,R01,20,3,0,Cloudy,127
2025-05-29,R01,21,3,0,Clear,51
2025-05-29,R01,22,3,0,Clear,54
2025-05-29,R02,6,3,0,Clear,149
2025-05-29,R02,7,3,0,Clear,244
2025-05-29,R02,8,3,0,Clear,368
2025-05-29,R02,9,3,0,Clear,270
2025-05-29,R02,10,3,0,Clear,132
2025-05-29,R02,11,3,0,Clear,96
2025-05-29,R02,12,3,0,Cloudy,71
2025-05-29,R02,13,3,0,Clear,69
2025-05-29,R02,14,3,0,Clear,67
2025-05-29,R02,15,3,0,Clear,86
2025-05-29,R02,16,3,0,Rain,201
2025-05-29,R02,17,3,0,Clear,313
2025-05-29,R02,18,3,0,Cloudy,378
2025-05-29,R02,19,3,0,Cloudy,300
2025-05-29,R02,20,3,0,Rain,191
2025-05-29,R02,21,3,0,Clear,88
2025-05-29,R02,22,3,0,Clear,54
2025-05-29,R03,6,3,0,Clear,100
2025-05-29,R03,7,3,0,Clear,176
2025-05-29,R03,8,3,0,Cloudy,202
2025-05-29,R03,9,3,0,Cloudy,184
2025-05-29,R03,10,3,0,Clear,89
2025-05-29,R03,11,3,0,Clear,49
2025-05-29,R03,12,3,0,Rain,69
2025-05-29,R03,13,3,0,Clear,56
2025-05-29,R03,14,3,0,Clear,53
2025-05-29,R03,15,3,0,Rain,74
2025-05-29,R03,16,3,0,Rain,162
2025-05-29,R03,17,3,0,Cloudy,200
2025-05-29,R03,18,3,0,Cloudy,239
2025-05-29,R03,19,3,0,Clear,234
2025-05-29,R03,20,3,0,Rain,144
2025-05-29,R03,21,3,0,Cloudy,47
2025-05-29,R03,22,3,0,Clear,53
2025-05-29,R04,6,3,0,Cloudy,129
2025-05-29,R04,7,3,0,Clear,316
2025-05-29,R04,8,3,0,Clear,388
2025-05-29,R04,9,3,0,Clear,306
2025-05-29,R04,10,3,0,Clear,166
2025-05-29,R04,11,3,0,Clear,95
2025-05-29,R04,12,3,0,Clear,69
2025-05-29,R04,13,3,0,Clear,69
2025-05-29,R04,14,3,0,Clear,68
2025-05-29,R04,15,3,0,Clear,110
2025-05-29,R04,16,3,0,Clear,203
2025-05-29,R04,17,3,0,Rain,393
2025-05-29,R04,18,3,0,Clear,419
2025-05-29,R04,19,3,0,Clear,347
2025-05-29,R04,20,3,0,Clear,173
2025-05-29,R04,21,3,0,Cloudy,98
2025-05-29,R04,22,3,0,Clear,59
2025-05-29,R05,6,3,0,Clear,88
2025-05-29,R05,7,3,0,Clear,214
2025-05-29,R05,8,3,0,Clear,257
2025-05-29,R05,9,3,0,Clear,202
2025-05-29,R05,10,3,0,Clear,118
2025-05-29,R05,11,3,0,Cloudy,69
2025-05-29,R05,12,3,0,Rain,48
2025-05-29,R05,13,3,0,Clear,63
2025-05-29,R05,14,3,0,Clear,71
2025-05-29,R05,15,3,0,Rain,81
2025-05-29,R05,16,3,0,Cloudy,133
2025-05-29,R05,17,3,0,Rain,266
2025-05-29,R05,18,3,0,Clear,310
2025-05-29,R05,19,3,0,Clear,262
2025-05-29,R05,20,3,0,Clear,161
2025-05-29,R05,21,3,0,Cloudy,57
2025-05-29,R05,22,3,0,Clear,52
2025-05-29,R06,6,3,0,Clear,157
2025-05-29,R06,7,3,0,Cloudy,238
2025-05-29,R06,8,3,0,Cloudy,294
2025-05-29,R06,9,3,0,Clear,277
2025-05-29,R06,10,3,0,Cloudy,160
2025-05-29,R06,11,3,0,Rain,76
2025-05-29,R06,12,3,0,Rain,56
2025-05-29,R06,13,3,0,Clear,51
2025-05-29,R06,14,3,0,Clear,57
2025-05-29,R06,15,3,0,Clear,104
2025-05-29,R06,16,3,0,Cloudy,146
2025-05-29,R06,17,3,0,Clear,333
2025-05-29,R06,18,3,0,Rain,440
2025-05-29,R06,19,3,0,Clear,309
2025-05-29,R06,20,3,0,Rain,215
2025-05-29,R06,21,3,0,Rain,113
2025-05-29,R06,22,3,0,Clear,58
2025-05-29,R07,6,3,0,Clear,57
2025-05-29,R07,7,3,0,Rain,183
2025-05-29,R07,8,3,0,Clear,222
2025-05-29,R07,9,3,0,Clear,131
2025-05-29,R07,10,3,0,Clear,70
2025-05-29,R07,11,3,0,Clear,15
2025-05-29,R07,12,3,0,Cloudy,45
2025-05-29,R07,13,3,0,Clear,33
2025-05-29,R07,14,3,0,Clear,33
2025-05-29,R07,15,3,0,Rain,72
2025-05-29,R07,16,3,0,Clear,100
2025-05-29,R07,17,3,0,Cloudy,188
2025-05-29,R07,18,3,0,Cloudy,202
2025-05-29,R07,19,3,0,Clear,188
2025-05-29,R07,20,3,0,Rain,131
2025-05-29,R07,21,3,0,Cloudy,31
2025-05-29,R07,22,3,0,Clear,27
2025-05-29,R08,6,3,0,Clear,124
2025-05-29,R08,7,3,0,Clear,269
2025-05-29,R08,8,3,0,Clear,317
2025-05-29,R08,9,3,0,Clear,225
2025-05-29,R08,10,3,0,Clear,157
2025-05-29,R08,11,3,0,Clear,94
2025-05-29,R08,12,3,0,Clear,59
2025-05-29,R08,13,3,0,Cloudy,84
2025-05-29,R08,14,3,0,Clear,51
2025-05-29,R08,15,3,0,Cloudy,77
2025-05-29,R08,16,3,0,Clear,151
2025-05-29,R08,17,3,0,Clear,299
2025-05-29,R08,18,3,0,Rain,421
2025-05-29,R08,19,3,0,Clear,304
2025-05-29,R08,20,3,0,Clear,152
2025-05-29,R08,21,3,0,Cloudy,73
2025-05-29,R08,22,3,0,Clear,28
2025-05-30,R01,6,4,0,Rain,142
2025-05-30,R01,7,4,0,Clear,209
2025-05-30,R01,8,4,0,Rain,312
2025-05-30,R01,9,4,0,Clear,199
2025-05-30,R01,10,4,0,Cloudy,106
2025-05-30,R01,11,4,0,Clear,67
2025-05-30,R01,12,4,0,Cloudy,51
2025-05-30,R01,13,4,0,Cloudy,55
2025-05-30,R01,14,4,0,Clear,76
2025-05-30,R01,15,4,0,Clear,94
2025-05-30,R01,16,4,0,Cloudy,156
2025-05-30,R01,17,4,0,Cloudy,259
2025-05-30,R01,18,4,0,Cloudy,308
2025-05-30,R01,19,4,0,Clear,263
2025-05-30,R01,20,4,0,Clear,167
2025-05-30,R01,21,4,0,Clear,49
2025-05-30,R01,22,4,0,Rain,73
2025-05-30,R02,6,4,0,Clear,129
2025-05-30,R02,7,4,0,Cloudy,256
2025-05-30,R02,8,4,0,Cloudy,319
2025-05-30,R02,9,4,0,Clear,269
2025-05-30,R02,10,4,0,Clear,158
2025-05-30,R02,11,4,0,Cloudy,62
2025-05-30,R02,12,4,0,Cloudy,46
2025-05-30,R02,13,4,0,Cloudy,61
2025-05-30,R02,14,4,0,Clear,57
2025-05-30,R02,15,4,0,Rain,82
2025-05-30,R02,16,4,0,Clear,162
2025-05-30,R02,17,4,0,Clear,343
2025-05-30,R02,18,4,0,Clear,384
2025-05-30,R02,19,4,0,Clear,320
2025-05-30,R02,20,4,0,Cloudy,165
2025-05-30,R02,21,4,0,Clear,110
2025-05-30,R02,22,4,0,Clear,35
2025-05-30,R03,6,4,0,Clear,121
2025-05-30,R03,7,4,0,Cloudy,173
2025-05-30,R03,8,4,0,Rain,249
2025-05-30,R03,9,4,0,Clear,204
2025-05-30,R03,10,4,0,Rain,115
2025-05-30,R03,11,4,0,Clear,52
2025-05-30,R03,12,4,0,Clear,23
2025-05-30,R03,13,4,0,Cloudy,39
2025-05-30,R03,14,4,0,Cloudy,46
2025-05-30,R03,15,4,0,Clear,70
2025-05-30,R03,16,4,0,Rain,126
2025-05-30,R03,17,4,0,Clear,206
2025-05-30,R03,18,4,0,Clear,250
2025-05-30,R03,19,4,0,Cloudy,194
2025-05-30,R03,20,4,0,Clear,134
2025-05-30,R03,21,4,0,Clear,92
2025-05-30,R03,22,4,0,Cloudy,39
2025-05-30,R04,6,4,0,Clear,166
2025-05-30,R04,7,4,0,Cloudy,266
2025-05-30,R04,8,4,0,Clear,368
2025-05-30,R04,9,4,0,Cloudy,298
2025-05-30,R04,10,4,0,Cloudy,118
2025-05-30,R04,11,4,0,Clear,96
2025-05-30,R04,12,4,0,Clear,79
2025-05-30,R04,13,4,0,Cloudy,81
2025-05-30,R04,14,4,0,Clear,81
2025-05-30,R04,15,4,0,Clear,86
2025-05-30,R04,16,4,0,Cloudy,211
2025-05-30,R04,17,4,0,Clear,349
2025-05-30,R04,18,4,0,Cloudy,430
2025-05-30,R04,19,4,0,Cloudy,349
2025-05-30,R04,20,4,0,Clear,210
2025-05-30,R04,21,4,0,Clear,122
2025-05-30,R04,22,4,0,Cloudy,92
2025-05-30,R05,6,4,0,Clear,121
2025-05-30,R05,7,4,0,Clear,224
2025-05-30,R05,8,4,0,Clear,259
2025-05-30,R05,9,4,0,Rain,244
2025-05-30,R05,10,4,0,Clear,100
2025-05-30,R05,11,4,0,Cloudy,62
2025-05-30,R05,12,4,0,Cloudy,38
2025-05-30,R05,13,4,0,Cloudy,40
2025-05-30,R05,14,4,0,Clear,77
2025-05-30,R05,15,4,0,Rain,84
2025-05-30,R05,16,4,0,Clear,148
2025-05-30,R05,17,4,0,Cloudy,248
2025-05-30,R05,18,4,0,Cloudy,293
2025-05-30,R05,19,4,0,Cloudy,247
2025-05-30,R05,20,4,0,Cloudy,148
2025-05-30,R05,21,4,0,Cloudy,64
2025-05-30,R05,22,4,0,Clear,38
2025-05-30,R06,6,4,0,Cloudy,142
2025-05-30,R06,7,4,0,Clear,273
2025-05-30,R06,8,4,0,Clear,371
2025-05-30,R06,9,4,0,Clear,274
2025-05-30,R06,10,4,0,Clear,170
2025-05-30,R06,11,4,0,Cloudy,99
2025-05-30,R06,12,4,0,Cloudy,81
2025-05-30,R06,13,4,0,Cloudy,70
2025-05-30,R06,14,4,0,Cloudy,57
2025-05-30,R06,15,4,0,Clear,96
2025-05-30,R06,16,4,0,Clear,199
2025-05-30,R06,17,4,0,Clear,329
2025-05-30,R06,18,4,0,Clear,404
2025-05-30,R06,19,4,0,Clear,351
2025-05-30,R06,20,4,0,Clear,171
2025-05-30,R06,21,4,0,Clear,110
2025-05-30,R06,22,4,0,Rain,85
2025-05-30,R07,6,4,0,Clear,89
2025-05-30,R07,7,4,0,Cloudy,138
2025-05-30,R07,8,4,0,Clear,202
2025-05-30,R07,9,4,0,Clear,164
2025-05-30,R07,10,4,0,Clear,71
2025-05-30,R07,11,4,0,Clear,64
2025-05-30,R07,12,4,0,Cloudy,37
2025-05-30,R07,13,4,0,Clear,37
2025-05-30,R07,14,4,0,Clear,51
2025-05-30,R07,15,4,0,Clear,81
2025-05-30,R07,16,4,0,Clear,105
2025-05-30,R07,17,4,0,Cloudy,162
2025-05-30,R07,18,4,0,Clear,260
2025-05-30,R07,19,4,0,Clear,195
2025-05-30,R07,20,4,0,Clear,142
2025-05-30,R07,21,4,0,Clear,79
2025-05-30,R07,22,4,0,Clear,30
2025-05-30,R08,6,4,0,Clear,129
2025-05-30,R08,7,4,0,Clear,213
2025-05-30,R08,8,4,0,Clear,306
2025-05-30,R08,9,4,0,Clear,227
2025-05-30,R08,10,4,0,Rain,136
2025-05-30,R08,11,4,0,Clear,49
2025-05-30,R08,12,4,0,Clear,46
2025-05-30,R08,13,4,0,Clear,48
2025-05-30,R08,14,4,0,Cloudy,58
2025-05-30,R08,15,4,0,Clear,67
2025-05-30,R08,16,4,0,Clear,142
2025-05-30,R08,17,4,0,Rain,338
2025-05-30,R08,18,4,0,Cloudy,327
2025-05-30,R08,19,4,0,Cloudy,279
2025-05-30,R08,20,4,0,Cloudy,148
2025-05-30,R08,21,4,0,Clear,89
2025-05-30,R08,22,4,0,Rain,67
2025-05-31,R01,6,5,1,Clear,100
2025-05-31,R01,7,5,1,Rain,165
2025-05-31,R01,8,5,1,Cloudy,181
2025-05-31,R01,9,5,1,Clear,138
2025-05-31,R01,10,5,1,Clear,58
2025-05-31,R01,11,5,1,Clear,49
2025-05-31,R01,12,5,1,Cloudy,38
2025-05-31,R01,13,5,1,Clear,38
2025-05-31,R01,14,5,1,Clear,52
2025-05-31,R01,15,5,1,Clear,54
2025-05-31,R01,16,5,1,Cloudy,92
2025-05-31,R01,17,5,1,Clear,183
2025-05-31,R01,18,5,1,Rain,241
2025-05-31,R01,19,5,1,Clear,161
2025-05-31,R01,20,5,1,Rain,129
2025-05-31,R01,21,5,1,Cloudy,42
2025-05-31,R01,22,5,1,Clear,37
2025-05-31,R02,6,5,1,Clear,88
2025-05-31,R02,7,5,1,Clear,198
2025-05-31,R02,8,5,1,Cloudy,208
2025-05-31,R02,9,5,1,Cloudy,190
2025-05-31,R02,10,5,1,Clear,85
2025-05-31,R02,11,5,1,Rain,68
2025-05-31,R02,12,5,1,Rain,44
2025-05-31,R02,13,5,1,Clear,20
2025-05-31,R02,14,5,1,Rain,70
2025-05-31,R02,15,5,1,Clear,53
2025-05-31,R02,16,5,1,Clear,117
2025-05-31,R02,17,5,1,Clear,216
2025-05-31,R02,18,5,1,Clear,245
2025-05-31,R02,19,5,1,Rain,224
2025-05-31,R02,20,5,1,Rain,131
2025-05-31,R02,21,5,1,Clear,42
2025-05-31,R02,22,5,1,Clear,48
2025-05-31,R03,6,5,1,Cloudy,45
2025-05-31,R03,7,5,1,Rain,147
2025-05-31,R03,8,5,1,Clear,176
2025-05-31,R03,9,5,1,Clear,136
2025-05-31,R03,10,5,1,Clear,79
2025-05-31,R03,11,5,1,Clear,33
2025-05-31,R03,12,5,1,Cloudy,10
2025-05-31,R03,13,5,1,Clear,44
2025-05-31,R03,14,5,1,Clear,22
2025-05-31,R03,15,5,1,Rain,48
2025-05-31,R03,16,5,1,Clear,72
2025-05-31,R03,17,5,1,Cloudy,124
2025-05-31,R03,18,5,1,Clear,185
2025-05-31,R03,19,5,1,Cloudy,140
2025-05-31,R03,20,5,1,Cloudy,58
2025-05-31,R03,21,5,1,Rain,40
2025-05-31,R03,22,5,1,Cloudy,56
2025-05-31,R04,6,5,1,Cloudy,111
2025-05-31,R04,7,5,1,Clear,195
2025-05-31,R04,8,5,1,Clear,257
2025-05-31,R04,9,5,1,Clear,206
2025-05-31,R04,10,5,1,Clear,104
2025-05-31,R04,11,5,1,Clear,79
2025-05-31,R04,12,5,1,Clear,55
2025-05-31,R04,13,5,1,Cloudy,10
2025-05-31,R04,14,5,1,Rain,67
2025-05-31,R04,15,5,1,Rain,93
2025-05-31,R04,16,5,1,Clear,146
2025-05-31,R04,17,5,1,Clear,252
2025-05-31,R04,18,5,1,Clear,317
2025-05-31,R04,19,5,1,Clear,253
2025-05-31,R04,20,5,1,Cloudy,115
2025-05-31,R04,21,5,1,Cloudy,93
2025-05-31,R04,22,5,1,Clear,26
2025-05-31,R05,6,5,1,Clear,83
2025-05-31,R05,7,5,1,Clear,116
2025-05-31,R05,8,5,1,Rain,205
2025-05-31,R05,9,5,1,Rain,152
2025-05-31,R05,10,5,1,Cloudy,85
2025-05-31,R05,11,5,1,Rain,45
2025-05-31,R05,12,5,1,Clear,41
2025-05-31,R05,13,5,1,Clear,16
2025-05-31,R05,14,5,1,Clear,51
2025-05-31,R05,15,5,1,Clear,65
2025-05-31,R05,16,5,1,Cloudy,92
2025-05-31,R05,17,5,1,Clear,158
2025-05-31,R05,18,5,1,Clear,226
2025-05-31,R05,19,5,1,Clear,147
2025-05-31,R05,20,5,1,Clear,99
2025-05-31,R05,21,5,1,Clear,48
2025-05-31,R05,22,5,1,Cloudy,40
2025-05-31,R06,6,5,1,Cloudy,91
2025-05-31,R06,7,5,1,Rain,222
2025-05-31,R06,8,5,1,Clear,227
2025-05-31,R06,9,5,1,Cloudy,195
2025-05-31,R06,10,5,1,Cloudy,94
2025-05-31,R06,11,5,1,Clear,48
2025-05-31,R06,12,5,1,Clear,50
2025-05-31,R06,13,5,1,Cloudy,53
2025-05-31,R06,14,5,1,Cloudy,42
2025-05-31,R06,15,5,1,Cloudy,62
2025-05-31,R06,16,5,1,Cloudy,110
2025-05-31,R06,17,5,1,Cloudy,186
2025-05-31,R06,18,5,1,Clear,268
2025-05-31,R06,19,5,1,Clear,225
2025-05-31,R06,20,5,1,Clear,124
2025-05-31,R06,21,5,1,Cloudy,59
2025-05-31,R06,22,5,1,Clear,31
2025-05-31,R07,6,5,1,Cloudy,41
2025-05-31,R07,7,5,1,Clear,93
2025-05-31,R07,8,5,1,Rain,155
2025-05-31,R07,9,5,1,Cloudy,109
2025-05-31,R07,10,5,1,Clear,60
2025-05-31,R07,11,5,1,Cloudy,37
2025-05-31,R07,12,5,1,Cloudy,10
2025-05-31,R07,13,5,1,Clear,25
2025-05-31,R07,14,5,1,Cloudy,19
2025-05-31,R07,15,5,1,Clear,37
2025-05-31,R07,16,5,1,Clear,53
2025-05-31,R07,17,5,1,Clear,113
2025-05-31,R07,18,5,1,Clear,160
2025-05-31,R07,19,5,1,Clear,119
2025-05-31,R07,20,5,1,Cloudy,60
2025-05-31,R07,21,5,1,Clear,35
2025-05-31,R07,22,5,1,Cloudy,32
2025-05-31,R08,6,5,1,Cloudy,96
2025-05-31,R08,7,5,1,Clear,143
2025-05-31,R08,8,5,1,Cloudy,194
2025-05-31,R08,9,5,1,Clear,169
2025-05-31,R08,10,5,1,Cloudy,90
2025-05-31,R08,11,5,1,Cloudy,56
2025-05-31,R08,12,5,1,Rain,47
2025-05-31,R08,13,5,1,Clear,29
2025-05-31,R08,14,5,1,Clear,44
2025-05-31,R08,15,5,1,Clear,60
2025-05-31,R08,16,5,1,Clear,96
2025-05-31,R08,17,5,1,Cloudy,175
2025-05-31,R08,18,5,1,Cloudy,232
2025-05-31,R08,19,5,1,Clear,208
2025-05-31,R08,20,5,1,Clear,105
2025-05-31,R08,21,5,1,Rain,92
2025-05-31,R08,22,5,1,Clear,10
2025-06-01,R01,6,6,1,Clear,80
2025-06-01,R01,7,6,1,Clear,153
2025-06-01,R01,8,6,1,Clear,208
2025-06-01,R01,9,6,1,Cloudy,133
2025-06-01,R01,10,6,1,Cloudy,68
2025-06-01,R01,11,6,1,Clear,37
2025-06-01,R01,12,6,1,Clear,48
2025-06-01,R01,13,6,1,Rain,54
2025-06-01,R01,14,6,1,Cloudy,30
2025-06-01,R01,15,6,1,Cloudy,38
2025-06-01,R01,16,6,1,Rain,101
2025-06-01,R01,17,6,1,Cloudy,150
2025-06-01,R01,18,6,1,Clear,238
2025-06-01,R01,19,6,1,Cloudy,168
2025-06-01,R01,20,6,1,Rain,125
2025-06-01,R01,21,6,1,Rain,55
2025-06-01,R01,22,6,1,Clear,67
2025-06-01,R02,6,6,1,Cloudy,99
2025-06-01,R02,7,6,1,Clear,183
2025-06-01,R02,8,6,1,Clear,236
2025-06-01,R02,9,6,1,Rain,184
2025-06-01,R02,10,6,1,Clear,88
2025-06-01,R02,11,6,1,Cloudy,61
2025-06-01,R02,12,6,1,Clear,42
2025-06-01,R02,13,6,1,Cloudy,46
2025-06-01,R02,14,6,1,Clear,40
2025-06-01,R02,15,6,1,Clear,62
2025-06-01,R02,16,6,1,Clear,137
2025-06-01,R02,17,6,1,Cloudy,201
2025-06-01,R02,18,6,1,Cloudy,248
2025-06-01,R02,19,6,1,Cloudy,198
2025-06-01,R02,20,6,1,Clear,116
2025-06-01,R02,21,6,1,Clear,60
2025-06-01,R02,22,6,1,Clear,44
2025-06-01,R03,6,6,1,Clear,83
2025-06-01,R03,7,6,1,Clear,125
2025-06-01,R03,8,6,1,Clear,173
2025-06-01,R03,9,6,1,Clear,112
2025-06-01,R03,10,6,1,Clear,72
2025-06-01,R03,11,6,1,Clear,11
2025-06-01,R03,12,6,1,Clear,19
2025-06-01,R03,13,6,1,Cloudy,17
2025-06-01,R03,14,6,1,Cloudy,22
2025-06-01,R03,15,6,1,Clear,58
2025-06-01,R03,16,6,1,Clear,60
2025-06-01,R03,17,6,1,Clear,163
2025-06-01,R03,18,6,1,Clear,156
2025-06-01,R03,19,6,1,Cloudy,133
2025-06-01,R03,20,6,1,Clear,80
2025-06-01,R03,21,6,1,Clear,65
2025-06-01,R03,22,6,1,Clear,40
2025-06-01,R04,6,6,1,Cloudy,128
2025-06-01,R04,7,6,1,Clear,233
2025-06-01,R04,8,6,1,Clear,276
2025-06-01,R04,9,6,1,Clear,194
2025-06-01,R04,10,6,1,Cloudy,108
2025-06-01,R04,11,6,1,Clear,61
2025-06-01,R04,12,6,1,Cloudy,37
2025-06-01,R04,13,6,1,Clear,59
2025-06-01,R04,14,6,1,Clear,32
2025-06-01,R04,15,6,1,Cloudy,56
2025-06-01,R04,16,6,1,Clear,115
2025-06-01,R04,17,6,1,Cloudy,214
2025-06-01,R04,18,6,1,Cloudy,269
2025-06-01,R04,19,6,1,Clear,240
2025-06-01,R04,20,6,1,Cloudy,144
2025-06-01,R04,21,6,1,Clear,66
2025-06-01,R04,22,6,1,Clear,65
2025-06-01,R05,6,6,1,Clear,105
2025-06-01,R05,7,6,1,Clear,160
2025-06-01,R05,8,6,1,Rain,190
2025-06-01,R05,9,6,1,Clear,135
2025-06-01,R05,10,6,1,Clear,91
2025-06-01,R05,11,6,1,Clear,32
2025-06-01,R05,12,6,1,Cloudy,32
2025-06-01,R05,13,6,1,Clear,39
2025-06-01,R05,14,6,1,Clear,46
2025-06-01,R05,15,6,1,Clear,54
2025-06-01,R05,16,6,1,Rain,91
2025-06-01,R05,17,6,1,Clear,165
2025-06-01,R05,18,6,1,Clear,226
2025-06-01,R05,19,6,1,Clear,170
2025-06-01,R05,20,6,1,Clear,122
2025-06-01,R05,21,6,1,Cloudy,52
2025-06-01,R05,22,6,1,Clear,17
2025-06-01,R06,6,6,1,Rain,99
2025-06-01,R06,7,6,1,Rain,217
2025-06-01,R06,8,6,1,Cloudy,245
2025-06-01,R06,9,6,1,Cloudy,180
2025-06-01,R06,10,6,1,Clear,103
2025-06-01,R06,11,6,1,Clear,60
2025-06-01,R06,12,6,1,Rain,55
2025-06-01,R06,13,6,1,Clear,34
2025-06-01,R06,14,6,1,Clear,23
2025-06-01,R06,15,6,1,Clear,76
2025-06-01,R06,16,6,1,Rain,141
2025-06-01,R06,17,6,1,Clear,230
2025-06-01,R06,18,6,1,Clear,273
2025-06-01,R06,19,6,1,Cloudy,217
2025-06-01,R06,20,6,1,Cloudy,108
2025-06-01,R06,21,6,1,Clear,62
2025-06-01,R06,22,6,1,Cloudy,31
2025-06-01,R07,6,6,1,Clear,53
2025-06-01,R07,7,6,1,Rain,102
2025-06-01,R07,8,6,1,Cloudy,141
2025-06-01,R07,9,6,1,Clear,129
2025-06-01,R07,10,6,1,Rain,46
2025-06-01,R07,11,6,1,Cloudy,30
2025-06-01,R07,12,6,1,Clear,23
2025-06-01,R07,13,6,1,Cloudy,44
2025-06-01,R07,14,6,1,Cloudy,26
2025-06-01,R07,15,6,1,Clear,54
2025-06-01,R07,16,6,1,Rain,91
2025-06-01,R07,17,6,1,Clear,133
2025-06-01,R07,18,6,1,Cloudy,142
2025-06-01,R07,19,6,1,Rain,146
2025-06-01,R07,20,6,1,Cloudy,56
2025-06-01,R07,21,6,1,Clear,33
2025-06-01,R07,22,6,1,Clear,10
2025-06-01,R08,6,6,1,Clear,107
2025-06-01,R08,7,6,1,Clear,169
2025-06-01,R08,8,6,1,Clear,231
2025-06-01,R08,9,6,1,Clear,168
2025-06-01,R08,10,6,1,Clear,91
2025-06-01,R08,11,6,1,Cloudy,54
2025-06-01,R08,12,6,1,Cloudy,35
2025-06-01,R08,13,6,1,Cloudy,33
2025-06-01,R08,14,6,1,Clear,37
2025-06-01,R08,15,6,1,Clear,47
2025-06-01,R08,16,6,1,Rain,120
2025-06-01,R08,17,6,1,Cloudy,200
2025-06-01,R08,18,6,1,Clear,237
2025-06-01,R08,19,6,1,Cloudy,213
2025-06-01,R08,20,6,1,Clear,89
2025-06-01,R08,21,6,1,Cloudy,70
2025-06-01,R08,22,6,1,Cloudy,36
2025-06-02,R01,6,0,0,Clear,125
2025-06-02,R01,7,0,0,Clear,211
2025-06-02,R01,8,0,0,Clear,264
2025-06-02,R01,9,0,0,Clear,235
2025-06-02,R01,10,0,0,Clear,137
2025-06-02,R01,11,0,0,Clear,65
2025-06-02,R01,12,0,0,Clear,46
2025-06-02,R01,13,0,0,Clear,50
2025-06-02,R01,14,0,0,Clear,55
2025-06-02,R01,15,0,0,Clear,76
2025-06-02,R01,16,0,0,Cloudy,144
2025-06-02,R01,17,0,0,Clear,272
2025-06-02,R01,18,0,0,Clear,331
2025-06-02,R01,19,0,0,Clear,256
2025-06-02,R01,20,0,0,Cloudy,139
2025-06-02,R01,21,0,0,Clear,65
2025-06-02,R01,22,0,0,Clear,61
2025-06-02,R02,6,0,0,Cloudy,121
2025-06-02,R02,7,0,0,Clear,233
2025-06-02,R02,8,0,0,Cloudy,310
2025-06-02,R02,9,0,0,Clear,270
2025-06-02,R02,10,0,0,Rain,161
2025-06-02,R02,11,0,0,Clear,91
2025-06-02,R02,12,0,0,Clear,92
2025-06-02,R02,13,0,0,Cloudy,56
2025-06-02,R02,14,0,0,Clear,63
2025-06-02,R02,15,0,0,Clear,95
2025-06-02,R02,16,0,0,Clear,173
2025-06-02,R02,17,0,0,Cloudy,278
2025-06-02,R02,18,0,0,Clear,367
2025-06-02,R02,19,0,0,Clear,310
2025-06-02,R02,20,0,0,Cloudy,187
2025-06-02,R02,21,0,0,Clear,87
2025-06-02,R02,22,0,0,Clear,75
2025-06-02,R03,6,0,0,Cloudy,108
2025-06-02,R03,7,0,0,Clear,192
2025-06-02,R03,8,0,0,Clear,245
2025-06-02,R03,9,0,0,Cloudy,156
2025-06-02,R03,10,0,0,Clear,94
2025-06-02,R03,11,0,0,Clear,33
2025-06-02,R03,12,0,0,Clear,34
2025-06-02,R03,13,0,0,Rain,29
2025-06-02,R03,14,0,0,Clear,52
2025-06-02,R03,15,0,0,Clear,48
2025-06-02,R03,16,0,0,Clear,108
2025-06-02,R03,17,0,0,Clear,216
2025-06-02,R03,18,0,0,Clear,242
2025-06-02,R03,19,0,0,Clear,245
2025-06-02,R03,20,0,0,Clear,120
2025-06-02,R03,21,0,0,Clear,81
2025-06-02,R03,22,0,0,Rain,34
2025-06-02,R04,6,0,0,Rain,181
2025-06-02,R04,7,0,0,Clear,308
2025-06-02,R04,8,0,0,Rain,411
2025-06-02,R04,9,0,0,Clear,312
2025-06-02,R04,10,0,0,Clear,152
2025-06-02,R04,11,0,0,Clear,81
2025-06-02,R04,12,0,0,Cloudy,53
2025-06-02,R04,13,0,0,Clear,80
2025-06-02,R04,14,0,0,Rain,86
2025-06-02,R04,15,0,0,Cloudy,103
2025-06-02,R04,16,0,0,Clear,207
2025-06-02,R04,17,0,0,Cloudy,339
2025-06-02,R04,18,0,0,Cloudy,403
2025-06-02,R04,19,0,0,Clear,366
2025-06-02,R04,20,0,0,Cloudy,181
2025-06-02,R04,21,0,0,Clear,110
2025-06-02,R04,22,0,0,Clear,73
2025-06-02,R05,6,0,0,Clear,106
2025-06-02,R05,7,0,0,Rain,231
2025-06-02,R05,8,0,0,Rain,302
2025-06-02,R05,9,0,0,Cloudy,208
2025-06-02,R05,10,0,0,Clear,113
2025-06-02,R05,11,0,0,Clear,74
2025-06-02,R05,12,0,0,Clear,41
2025-06-02,R05,13,0,0,Rain,49
2025-06-02,R05,14,0,0,Cloudy,56
2025-06-02,R05,15,0,0,Cloudy,55
2025-06-02,R05,16,0,0,Clear,177
2025-06-02,R05,17,0,0,Rain,287
2025-06-02,R05,18,0,0,Cloudy,275
2025-06-02,R05,19,0,0,Clear,275
2025-06-02,R05,20,0,0,Cloudy,127
2025-06-02,R05,21,0,0,Rain,105
2025-06-02,R05,22,0,0,Rain,67
2025-06-02,R06,6,0,0,Clear,130
2025-06-02,R06,7,0,0,Clear,267
2025-06-02,R06,8,0,0,Clear,340
2025-06-02,R06,9,0,0,Cloudy,258
2025-06-02,R06,10,0,0,Clear,161
2025-06-02,R06,11,0,0,Clear,101
2025-06-02,R06,12,0,0,Clear,51
2025-06-02,R06,13,0,0,Clear,48
2025-06-02,R06,14,0,0,Cloudy,70
2025-06-02,R06,15,0,0,Cloudy,75
2025-06-02,R06,16,0,0,Clear,202
2025-06-02,R06,17,0,0,Cloudy,319
2025-06-02,R06,18,0,0,Cloudy,383
2025-06-02,R06,19,0,0,Cloudy,322
2025-06-02,R06,20,0,0,Cloudy,189
2025-06-02,R06,21,0,0,Clear,87
2025-06-02,R06,22,0,0,Clear,54
2025-06-02,R07,6,0,0,Cloudy,79
2025-06-02,R07,7,0,0,Rain,189
2025-06-02,R07,8,0,0,Clear,193
2025-06-02,R07,9,0,0,Clear,146
2025-06-02,R07,10,0,0,Clear,71
2025-06-02,R07,11,0,0,Rain,45
2025-06-02,R07,12,0,0,Cloudy,10
2025-06-02,R07,13,0,0,Clear,26
2025-06-02,R07,14,0,0,Rain,50
2025-06-02,R07,15,0,0,Clear,69
2025-06-02,R07,16,0,0,Clear,138
2025-06-02,R07,17,0,0,Clear,189
2025-06-02,R07,18,0,0,Clear,226
2025-06-02,R07,19,0,0,Clear,215
2025-06-02,R07,20,0,0,Cloudy,58
2025-06-02,R07,21,0,0,Clear,57
2025-06-02,R07,22,0,0,Rain,44
2025-06-02,R08,6,0,0,Clear,148
2025-06-02,R08,7,0,0,Clear,224
2025-06-02,R08,8,0,0,Clear,316
2025-06-02,R08,9,0,0,Cloudy,214
2025-06-02,R08,10,0,0,Clear,106
2025-06-02,R08,11,0,0,Clear,59
2025-06-02,R08,12,0,0,Rain,84
2025-06-02,R08,13,0,0,Rain,41
2025-06-02,R08,14,0,0,Clear,55
2025-06-02,R08,15,0,0,Rain,107
2025-06-02,R08,16,0,0,Clear,155
2025-06-02,R08,17,0,0,Cloudy,302
2025-06-02,R08,18,0,0,Cloudy,336
2025-06-02,R08,19,0,0,Clear,269
2025-06-02,R08,20,0,0,Cloudy,144
2025-06-02,R08,21,0,0,Clear,66
2025-06-02,R08,22,0,0,Clear,50
2025-06-03,R01,6,1,0,Rain,127
2025-06-03,R01,7,1,0,Clear,234
2025-06-03,R01,8,1,0,Clear,318
2025-06-03,R01,9,1,0,Clear,220
2025-06-03,R01,10,1,0,Cloudy,120
2025-06-03,R01,11,1,0,Rain,70
2025-06-03,R01,12,1,0,Clear,39
2025-06-03,R01,13,1,0,Cloudy,39
2025-06-03,R01,14,1,0,Clear,75
2025-06-03,R01,15,1,0,Clear,73
2025-06-03,R01,16,1,0,Clear,174
2025-06-03,R01,17,1,0,Clear,265
2025-06-03,R01,18,1,0,Rain,360
2025-06-03,R01,19,1,0,Clear,281
2025-06-03,R01,20,1,0,Cloudy,145
2025-06-03,R01,21,1,0,Cloudy,39
2025-06-03,R01,22,1,0,Clear,45
2025-06-03,R02,6,1,0,Rain,156
2025-06-03,R02,7,1,0,Cloudy,251
2025-06-03,R02,8,1,0,Clear,341
2025-06-03,R02,9,1,0,Cloudy,246
2025-06-03,R02,10,1,0,Cloudy,133
2025-06-03,R02,11,1,0,Cloudy,90
2025-06-03,R02,12,1,0,Clear,56
2025-06-03,R02,13,1,0,Clear,59
2025-06-03,R02,14,1,0,Rain,85
2025-06-03,R02,15,1,0,Clear,107
2025-06-03,R02,16,1,0,Clear,163
2025-06-03,R02,17,1,0,Clear,286
2025-06-03,R02,18,1,0,Clear,394
2025-06-03,R02,19,1,0,Rain,349
2025-06-03,R02,20,1,0,Clear,179
2025-06-03,R02,21,1,0,Clear,105
2025-06-03,R02,22,1,0,Cloudy,58
2025-06-03,R03,6,1,0,Clear,102
2025-06-03,R03,7,1,0,Clear,177
2025-06-03,R03,8,1,0,Rain,247
2025-06-03,R03,9,1,0,Clear,180
2025-06-03,R03,10,1,0,Cloudy,71
2025-06-03,R03,11,1,0,Clear,41
2025-06-03,R03,12,1,0,Cloudy,39
2025-06-03,R03,13,1,0,Clear,47
2025-06-03,R03,14,1,0,Clear,61
2025-06-03,R03,15,1,0,Rain,70
2025-06-03,R03,16,1,0,Clear,113
2025-06-03,R03,17,1,0,Clear,200
2025-06-03,R03,18,1,0,Clear,282
2025-06-03,R03,19,1,0,Clear,219
2025-06-03,R03,20,1,0,Clear,122
2025-06-03,R03,21,1,0,Cloudy,63
2025-06-03,R03,22,1,0,Clear,57
2025-06-03,R04,6,1,0,Rain,197
2025-06-03,R04,7,1,0,Clear,283
2025-06-03,R04,8,1,0,Rain,422
2025-06-03,R04,9,1,0,Clear,312
2025-06-03,R04,10,1,0,Clear,143
2025-06-03,R04,11,1,0,Clear,114
2025-06-03,R04,12,1,0,Cloudy,63
2025-06-03,R04,13,1,0,Clear,98
2025-06-03,R04,14,1,0,Rain,63
2025-06-03,R04,15,1,0,Cloudy,115
2025-06-03,R04,16,1,0,Clear,195
2025-06-03,R04,17,1,0,Clear,357
2025-06-03,R04,18,1,0,Cloudy,421
2025-06-03,R04,19,1,0,Clear,370
2025-06-03,R04,20,1,0,Cloudy,198
2025-06-03,R04,21,1,0,Cloudy,100
2025-06-03,R04,22,1,0,Rain,84
2025-06-03,R05,6,1,0,Cloudy,145
2025-06-03,R05,7,1,0,Clear,228
2025-06-03,R05,8,1,0,Rain,286
2025-06-03,R05,9,1,0,Clear,214
2025-06-03,R05,10,1,0,Rain,131
2025-06-03,R05,11,1,0,Rain,37
2025-06-03,R05,12,1,0,Clear,67
2025-06-03,R05,13,1,0,Clear,36
2025-06-03,R05,14,1,0,Clear,44
2025-06-03,R05,15,1,0,Clear,60
2025-06-03,R05,16,1,0,Cloudy,150
2025-06-03,R05,17,1,0,Rain,286
2025-06-03,R05,18,1,0,Cloudy,306
2025-06-03,R05,19,1,0,Clear,273
2025-06-03,R05,20,1,0,Rain,162
2025-06-03,R05,21,1,0,Clear,69
2025-06-03,R05,22,1,0,Rain,62
2025-06-03,R06,6,1,0,Clear,140
2025-06-03,R06,7,1,0,Rain,315
2025-06-03,R06,8,1,0,Clear,376
2025-06-03,R06,9,1,0,Clear,268
2025-06-03,R06,10,1,0,Cloudy,144
2025-06-03,R06,11,1,0,Cloudy,76
2025-06-03,R06,12,1,0,Cloudy,61
2025-06-03,R06,13,1,0,Clear,78
2025-06-03,R06,14,1,0,Rain,83
2025-06-03,R06,15,1,0,Clear,96
2025-06-03,R06,16,1,0,Cloudy,177
2025-06-03,R06,17,1,0,Cloudy,313
2025-06-03,R06,18,1,0,Cloudy,383
2025-06-03,R06,19,1,0,Clear,333
2025-06-03,R06,20,1,0,Clear,201
2025-06-03,R06,21,1,0,Clear,83
2025-06-03,R06,22,1,0,Clear,77
2025-06-03,R07,6,1,0,Clear,94
2025-06-03,R07,7,1,0,Clear,189
2025-06-03,R07,8,1,0,Cloudy,193
2025-06-03,R07,9,1,0,Rain,184
2025-06-03,R07,10,1,0,Cloudy,94
2025-06-03,R07,11,1,0,Cloudy,51
2025-06-03,R07,12,1,0,Clear,12
2025-06-03,R07,13,1,0,Clear,12
2025-06-03,R07,14,1,0,Clear,38
2025-06-03,R07,15,1,0,Cloudy,54
2025-06-03,R07,16,1,0,Rain,125
2025-06-03,R07,17,1,0,Cloudy,216
2025-06-03,R07,18,1,0,Rain,241
2025-06-03,R07,19,1,0,Cloudy,188
2025-06-03,R07,20,1,0,Clear,92
2025-06-03,R07,21,1,0,Cloudy,60
2025-06-03,R07,22,1,0,Clear,27
2025-06-03,R08,6,1,0,Clear,94
2025-06-03,R08,7,1,0,Cloudy,240
2025-06-03,R08,8,1,0,Clear,329
2025-06-03,R08,9,1,0,Clear,236
2025-06-03,R08,10,1,0,Rain,150
2025-06-03,R08,11,1,0,Clear,75
2025-06-03,R08,12,1,0,Clear,47
2025-06-03,R08,13,1,0,Clear,39
2025-06-03,R08,14,1,0,Clear,71
2025-06-03,R08,15,1,0,Cloudy,107
2025-06-03,R08,16,1,0,Cloudy,153
2025-06-03,R08,17,1,0,Clear,266
2025-06-03,R08,18,1,0,Clear,327
2025-06-03,R08,19,1,0,Clear,293
2025-06-03,R08,20,1,0,Cloudy,136
2025-06-03,R08,21,1,0,Clear,64
2025-06-03,R08,22,1,0,Clear,50
2025-06-04,R01,6,2,0,Cloudy,121
2025-06-04,R01,7,2,0,Clear,232
2025-06-04,R01,8,2,0,Clear,296
2025-06-04,R01,9,2,0,Clear,217
2025-06-04,R01,10,2,0,Clear,113
2025-06-04,R01,11,2,0,Clear,80
2025-06-04,R01,12,2,0,Cloudy,45
2025-06-04,R01,13,2,0,Clear,33
2025-06-04,R01,14,2,0,Clear,45
2025-06-04,R01,15,2,0,Clear,90
2025-06-04,R01,16,2,0,Cloudy,149
2025-06-04,R01,17,2,0,Cloudy,247
2025-06-04,R01,18,2,0,Cloudy,285
2025-06-04,R01,19,2,0,Cloudy,255
2025-06-04,R01,20,2,0,Cloudy,138
2025-06-04,R01,21,2,0,Clear,61
2025-06-04,R01,22,2,0,Clear,65
2025-06-04,R02,6,2,0,Clear,137
2025-06-04,R02,7,2,0,Clear,265
2025-06-04,R02,8,2,0,Clear,355
2025-06-04,R02,9,2,0,Clear,268
2025-06-04,R02,10,2,0,Clear,149
2025-06-04,R02,11,2,0,Clear,77
2025-06-04,R02,12,2,0,Rain,80
2025-06-04,R02,13,2,0,Clear,45
2025-06-04,R02,14,2,0,Cloudy,40
2025-06-04,R02,15,2,0,Clear,77
2025-06-04,R02,16,2,0,Clear,173
2025-06-04,R02,17,2,0,Cloudy,303
2025-06-04,R02,18,2,0,Rain,415
2025-06-04,R02,19,2,0,Cloudy,302
2025-06-04,R02,20,2,0,Rain,199
2025-06-04,R02,21,2,0,Clear,122
2025-06-04,R02,22,2,0,Cloudy,64
2025-06-04,R03,6,2,0,Rain,99
2025-06-04,R03,7,2,0,Cloudy,179
2025-06-04,R03,8,2,0,Cloudy,221
2025-06-04,R03,9,2,0,Clear,168
2025-06-04,R03,10,2,0,Cloudy,89
2025-06-04,R03,11,2,0,Clear,51
2025-06-04,R03,12,2,0,Clear,41
2025-06-04,R03,13,2,0,Clear,27
2025-06-04,R03,14,2,0,Rain,75
2025-06-04,R03,15,2,0,Clear,45
2025-06-04,R03,16,2,0,Clear,142
2025-06-04,R03,17,2,0,Cloudy,204
2025-06-04,R03,18,2,0,Clear,255
2025-06-04,R03,19,2,0,Cloudy,227
2025-06-04,R03,20,2,0,Rain,102
2025-06-04,R03,21,2,0,Clear,53
2025-06-04,R03,22,2,0,Clear,42
2025-06-04,R04,6,2,0,Cloudy,140
2025-06-04,R04,7,2,0,Clear,300
2025-06-04,R04,8,2,0,Clear,394
2025-06-04,R04,9,2,0,Clear,284
2025-06-04,R04,10,2,0,Clear,164
2025-06-04,R04,11,2,0,Clear,97
2025-06-04,R04,12,2,0,Clear,54
2025-06-04,R04,13,2,0,Rain,78
2025-06-04,R04,14,2,0,Clear,72
2025-06-04,R04,15,2,0,Clear,93
2025-06-04,R04,16,2,0,Clear,192
2025-06-04,R04,17,2,0,Clear,345
2025-06-04,R04,18,2,0,Cloudy,406
2025-06-04,R04,19,2,0,Clear,351
2025-06-04,R04,20,2,0,Rain,244
2025-06-04,R04,21,2,0,Cloudy,105
2025-06-04,R04,22,2,0,Clear,79
2025-06-04,R05,6,2,0,Cloudy,107
2025-06-04,R05,7,2,0,Cloudy,202
2025-06-04,R05,8,2,0,Clear,277
2025-06-04,R05,9,2,0,Cloudy,184
2025-06-04,R05,10,2,0,Clear,111
2025-06-04,R05,11,2,0,Clear,50
2025-06-04,R05,12,2,0,Clear,62
2025-06-04,R05,13,2,0,Clear,40
2025-06-04,R05,14,2,0,Clear,58
2025-06-04,R05,15,2,0,Clear,83
2025-06-04,R05,16,2,0,Clear,147
2025-06-04,R05,17,2,0,Cloudy,238
2025-06-04,R05,18,2,0,Clear,309
2025-06-04,R05,19,2,0,Clear,260
2025-06-04,R05,20,2,0,Clear,133
2025-06-04,R05,21,2,0,Clear,80
2025-06-04,R05,22,2,0,Clear,29
2025-06-04,R06,6,2,0,Clear,140
2025-06-04,R06,7,2,0,Clear,272
2025-06-04,R06,8,2,0,Cloudy,317
2025-06-04,R06,9,2,0,Rain,309
2025-06-04,R06,10,2,0,Cloudy,129
2025-06-04,R06,11,2,0,Clear,97
2025-06-04,R06,12,2,0,Rain,68
2025-06-04,R06,13,2,0,Clear,72
2025-06-04,R06,14,2,0,Clear,82
2025-06-04,R06,15,2,0,Clear,105
2025-06-04,R06,16,2,0,Clear,184
2025-06-04,R06,17,2,0,Cloudy,310
2025-06-04,R06,18,2,0,Clear,388
2025-06-04,R06,19,2,0,Clear,339
2025-06-04,R06,20,2,0,Rain,237
2025-06-04,R06,21,2,0,Rain,121
2025-06-04,R06,22,2,0,Cloudy,59
2025-06-04,R07,6,2,0,Cloudy,75
2025-06-04,R07,7,2,0,Cloudy,164
2025-06-04,R07,8,2,0,Clear,178
2025-06-04,R07,9,2,0,Rain,160
2025-06-04,R07,10,2,0,Clear,76
2025-06-04,R07,11,2,0,Cloudy,35
2025-06-04,R07,12,2,0,Clear,13
2025-06-04,R07,13,2,0,Clear,42
2025-06-04,R07,14,2,0,Clear,34
2025-06-04,R07,15,2,0,Cloudy,48
2025-06-04,R07,16,2,0,Cloudy,104
2025-06-04,R07,17,2,0,Cloudy,158
2025-06-04,R07,18,2,0,Clear,233
2025-06-04,R07,19,2,0,Clear,169
2025-06-04,R07,20,2,0,Cloudy,107
2025-06-04,R07,21,2,0,Clear,72
2025-06-04,R07,22,2,0,Rain,52
2025-06-04,R08,6,2,0,Cloudy,114
2025-06-04,R08,7,2,0,Clear,252
2025-06-04,R08,8,2,0,Clear,311
2025-06-04,R08,9,2,0,Clear,246
2025-06-04,R08,10,2,0,Clear,136
2025-06-04,R08,11,2,0,Clear,35
2025-06-04,R08,12,2,0,Clear,34
2025-06-04,R08,13,2,0,Cloudy,49
2025-06-04,R08,14,2,0,Clear,49
2025-06-04,R08,15,2,0,Rain,95
2025-06-04,R08,16,2,0,Clear,168
2025-06-04,R08,17,2,0,Clear,261
2025-06-04,R08,18,2,0,Rain,385
2025-06-04,R08,19,2,0,Clear,286
2025-06-04,R08,20,2,0,Cloudy,142
2025-06-04,R08,21,2,0,Clear,90
2025-06-04,R08,22,2,0,Clear,71
2025-06-05,R01,6,3,0,Rain,110
2025-06-05,R01,7,3,0,Cloudy,219
2025-06-05,R01,8,3,0,Clear,291
2025-06-05,R01,9,3,0,Clear,232
2025-06-05,R01,10,3,0,Clear,134
2025-06-05,R01,11,3,0,Clear,57
2025-06-05,R01,12,3,0,Rain,70
2025-06-05,R01,13,3,0,Clear,66
2025-06-05,R01,14,3,0,Cloudy,33
2025-06-05,R01,15,3,0,Clear,80
2025-06-05,R01,16,3,0,Clear,152
2025-06-05,R01,17,3,0,Clear,281
2025-06-05,R01,18,3,0,Cloudy,340
2025-06-05,R01,19,3,0,Clear,273
2025-06-05,R01,20,3,0,Rain,193
2025-06-05,R01,21,3,0,Rain,113
2025-06-05,R01,22,3,0,Cloudy,41
2025-06-05,R02,6,3,0,Clear,147
2025-06-05,R02,7,3,0,Rain,289
2025-06-05,R02,8,3,0,Cloudy,323
2025-06-05,R02,9,3,0,Cloudy,256
2025-06-05,R02,10,3,0,Clear,151
2025-06-05,R02,11,3,0,Rain,79
2025-06-05,R02,12,3,0,Cloudy,55
2025-06-05,R02,13,3,0,Rain,76
2025-06-05,R02,14,3,0,Clear,69
2025-06-05,R02,15,3,0,Cloudy,79
2025-06-05,R02,16,3,0,Clear,176
2025-06-05,R02,17,3,0,Cloudy,307
2025-06-05,R02,18,3,0,Clear,371
2025-06-05,R02,19,3,0,Clear,311
2025-06-05,R02,20,3,0,Rain,179
2025-06-05,R02,21,3,0,Clear,109
2025-06-05,R02,22,3,0,Cloudy,96
2025-06-05,R03,6,3,0,Cloudy,111
2025-06-05,R03,7,3,0,Clear,176
2025-06-05,R03,8,3,0,Clear,227
2025-06-05,R03,9,3,0,Cloudy,186
2025-06-05,R03,10,3,0,Clear,110
2025-06-05,R03,11,3,0,Cloudy,71
2025-06-05,R03,12,3,0,Rain,46
2025-06-05,R03,13,3,0,Clear,27
2025-06-05,R03,14,3,0,Cloudy,43
2025-06-05,R03,15,3,0,Clear,63
2025-06-05,R03,16,3,0,Clear,155
2025-06-05,R03,17,3,0,Cloudy,212
2025-06-05,R03,18,3,0,Clear,244
2025-06-05,R03,19,3,0,Clear,226
2025-06-05,R03,20,3,0,Clear,139
2025-06-05,R03,21,3,0,Cloudy,74
2025-06-05,R03,22,3,0,Clear,57
2025-06-05,R04,6,3,0,Clear,164
2025-06-05,R04,7,3,0,Cloudy,281
2025-06-05,R04,8,3,0,Clear,371
2025-06-05,R04,9,3,0,Clear,324
2025-06-05,R04,10,3,0,Clear,168
2025-06-05,R04,11,3,0,Clear,81
2025-06-05,R04,12,3,0,Clear,72
2025-06-05,R04,13,3,0,Rain,60
2025-06-05,R04,14,3,0,Clear,76
2025-06-05,R04,15,3,0,Rain,135
2025-06-05,R04,16,3,0,Clear,214
2025-06-05,R04,17,3,0,Clear,372
2025-06-05,R04,18,3,0,Cloudy,427
2025-06-05,R04,19,3,0,Cloudy,342
2025-06-05,R04,20,3,0,Clear,203
2025-06-05,R04,21,3,0,Clear,102
2025-06-05,R04,22,3,0,Clear,96
2025-06-05,R05,6,3,0,Cloudy,114
2025-06-05,R05,7,3,0,Cloudy,206
2025-06-05,R05,8,3,0,Rain,307
2025-06-05,R05,9,3,0,Rain,230
2025-06-05,R05,10,3,0,Clear,119
2025-06-05,R05,11,3,0,Rain,59
2025-06-05,R05,12,3,0,Clear,43
2025-06-05,R05,13,3,0,Clear,58
2025-06-05,R05,14,3,0,Clear,60
2025-06-05,R05,15,3,0,Rain,30
2025-06-05,R05,16,3,0,Clear,154
2025-06-05,R05,17,3,0,Clear,264
2025-06-05,R05,18,3,0,Clear,306
2025-06-05,R05,19,3,0,Cloudy,237
2025-06-05,R05,20,3,0,Clear,153
2025-06-05,R05,21,3,0,Cloudy,61
2025-06-05,R05,22,3,0,Clear,18
2025-06-05,R06,6,3,0,Clear,128
2025-06-05,R06,7,3,0,Clear,273
2025-06-05,R06,8,3,0,Clear,355
2025-06-05,R06,9,3,0,Clear,285
2025-06-05,R06,10,3,0,Cloudy,155
2025-06-05,R06,11,3,0,Rain,87
2025-06-05,R06,12,3,0,Clear,58
2025-06-05,R06,13,3,0,Rain,55
2025-06-05,R06,14,3,0,Cloudy,56
2025-06-05,R06,15,3,0,Clear,90
2025-06-05,R06,16,3,0,Clear,192
2025-06-05,R06,17,3,0,Clear,322
2025-06-05,R06,18,3,0,Clear,403
2025-06-05,R06,19,3,0,Clear,326
2025-06-05,R06,20,3,0,Clear,190
2025-06-05,R06,21,3,0,Cloudy,102
2025-06-05,R06,22,3,0,Clear,75
2025-06-05,R07,6,3,0,Cloudy,69
2025-06-05,R07,7,3,0,Clear,154
2025-06-05,R07,8,3,0,Clear,217
2025-06-05,R07,9,3,0,Clear,175
2025-06-05,R07,10,3,0,Cloudy,63
2025-06-05,R07,11,3,0,Cloudy,25
2025-06-05,R07,12,3,0,Clear,59
2025-06-05,R07,13,3,0,Cloudy,19
2025-06-05,R07,14,3,0,Clear,30
2025-06-05,R07,15,3,0,Clear,53
2025-06-05,R07,16,3,0,Cloudy,92
2025-06-05,R07,17,3,0,Cloudy,169
2025-06-05,R07,18,3,0,Clear,225
2025-06-05,R07,19,3,0,Clear,193
2025-06-05,R07,20,3,0,Clear,88
2025-06-05,R07,21,3,0,Clear,68
2025-06-05,R07,22,3,0,Cloudy,10
2025-06-05,R08,6,3,0,Cloudy,104
2025-06-05,R08,7,3,0,Clear,266
2025-06-05,R08,8,3,0,Cloudy,290
2025-06-05,R08,9,3,0,Cloudy,254
2025-06-05,R08,10,3,0,Rain,137
2025-06-05,R08,11,3,0,Clear,48
2025-06-05,R08,12,3,0,Clear,32
2025-06-05,R08,13,3,0,Clear,55
2025-06-05,R08,14,3,0,Clear,37
2025-06-05,R08,15,3,0,Clear,77
2025-06-05,R08,16,3,0,Clear,174
2025-06-05,R08,17,3,0,Clear,293
2025-06-05,R08,18,3,0,Rain,389
2025-06-05,R08,19,3,0,Cloudy,274
2025-06-05,R08,20,3,0,Clear,175
2025-06-05,R08,21,3,0,Clear,81
2025-06-05,R08,22,3,0,Clear,71
2025-06-06,R01,6,4,0,Cloudy,111
2025-06-06,R01,7,4,0,Clear,238
2025-06-06,R01,8,4,0,Clear,287
2025-06-06,R01,9,4,0,Rain,227
2025-06-06,R01,10,4,0,Clear,108
2025-06-06,R01,11,4,0,Rain,70
2025-06-06,R01,12,4,0,Cloudy,83
2025-06-06,R01,13,4,0,Cloudy,36
2025-06-06,R01,14,4,0,Clear,84
2025-06-06,R01,15,4,0,Clear,91
2025-06-06,R01,16,4,0,Clear,164
2025-06-06,R01,17,4,0,Clear,273
2025-06-06,R01,18,4,0,Clear,353
2025-06-06,R01,19,4,0,Clear,255
2025-06-06,R01,20,4,0,Cloudy,154
2025-06-06,R01,21,4,0,Clear,63
2025-06-06,R01,22,4,0,Clear,46
2025-06-06,R02,6,4,0,Cloudy,141
2025-06-06,R02,7,4,0,Clear,277
2025-06-06,R02,8,4,0,Clear,343
2025-06-06,R02,9,4,0,Clear,238
2025-06-06,R02,10,4,0,Clear,129
2025-06-06,R02,11,4,0,Clear,58
2025-06-06,R02,12,4,0,Clear,59
2025-06-06,R02,13,4,0,Cloudy,38
2025-06-06,R02,14,4,0,Clear,56
2025-06-06,R02,15,4,0,Clear,84
2025-06-06,R02,16,4,0,Clear,196
2025-06-06,R02,17,4,0,Clear,305
2025-06-06,R02,18,4,0,Cloudy,390
2025-06-06,R02,19,4,0,Clear,306
2025-06-06,R02,20,4,0,Rain,204
2025-06-06,R02,21,4,0,Clear,97
2025-06-06,R02,22,4,0,Cloudy,62
2025-06-06,R03,6,4,0,Clear,109
2025-06-06,R03,7,4,0,Cloudy,171
2025-06-06,R03,8,4,0,Clear,226
2025-06-06,R03,9,4,0,Clear,193
2025-06-06,R03,10,4,0,Clear,83
2025-06-06,R03,11,4,0,Cloudy,44
2025-06-06,R03,12,4,0,Clear,54
2025-06-06,R03,13,4,0,Clear,39
2025-06-06,R03,14,4,0,Cloudy,48
2025-06-06,R03,15,4,0,Clear,68
2025-06-06,R03,16,4,0,Clear,116
2025-06-06,R03,17,4,0,Cloudy,202
2025-06-06,R03,18,4,0,Rain,279
2025-06-06,R03,19,4,0,Clear,231
2025-06-06,R03,20,4,0,Cloudy,112
2025-06-06,R03,21,4,0,Clear,80
2025-06-06,R03,22,4,0,Rain,47
2025-06-06,R04,6,4,0,Clear,167
2025-06-06,R04,7,4,0,Clear,288
2025-06-06,R04,8,4,0,Clear,400
2025-06-06,R04,9,4,0,Clear,266
2025-06-06,R04,10,4,0,Cloudy,148
2025-06-06,R04,11,4,0,Clear,81
2025-06-06,R04,12,4,0,Clear,54
2025-06-06,R04,13,4,0,Cloudy,102
2025-06-06,R04,14,4,0,Clear,56
2025-06-06,R04,15,4,0,Cloudy,129
2025-06-06,R04,16,4,0,Clear,227
2025-06-06,R04,17,4,0,Clear,339
2025-06-06,R04,18,4,0,Clear,439
2025-06-06,R04,19,4,0,Clear,355
2025-06-06,R04,20,4,0,Rain,216
2025-06-06,R04,21,4,0,Rain,117
2025-06-06,R04,22,4,0,Cloudy,74
2025-06-06,R05,6,4,0,Rain,140
2025-06-06,R05,7,4,0,Clear,196
2025-06-06,R05,8,4,0,Cloudy,253
2025-06-06,R05,9,4,0,Clear,205
2025-06-06,R05,10,4,0,Cloudy,98
2025-06-06,R05,11,4,0,Cloudy,58
2025-06-06,R05,12,4,0,Clear,45
2025-06-06,R05,13,4,0,Clear,17
2025-06-06,R05,14,4,0,Cloudy,53
2025-06-06,R05,15,4,0,Clear,50
2025-06-06,R05,16,4,0,Clear,158
2025-06-06,R05,17,4,0,Cloudy,238
2025-06-06,R05,18,4,0,Clear,304
2025-06-06,R05,19,4,0,Clear,232
2025-06-06,R05,20,4,0,Rain,162
2025-06-06,R05,21,4,0,Cloudy,69
2025-06-06,R05,22,4,0,Clear,52
2025-06-06,R06,6,4,0,Clear,150
2025-06-06,R06,7,4,0,Rain,316
2025-06-06,R06,8,4,0,Clear,362
2025-06-06,R06,9,4,0,Cloudy,284
2025-06-06,R06,10,4,0,Clear,157
2025-06-06,R06,11,4,0,Rain,92
2025-06-06,R06,12,4,0,Clear,65
2025-06-06,R06,13,4,0,Cloudy,47
2025-06-06,R06,14,4,0,Rain,55
2025-06-06,R06,15,4,0,Cloudy,60
2025-06-06,R06,16,4,0,Clear,197
2025-06-06,R06,17,4,0,Clear,330
2025-06-06,R06,18,4,0,Clear,416
2025-06-06,R06,19,4,0,Clear,351
2025-06-06,R06,20,4,0,Clear,187
2025-06-06,R06,21,4,0,Clear,80
2025-06-06,R06,22,4,0,Clear,82
2025-06-06,R07,6,4,0,Clear,82
2025-06-06,R07,7,4,0,Clear,152
2025-06-06,R07,8,4,0,Clear,196
2025-06-06,R07,9,4,0,Clear,168
2025-06-06,R07,10,4,0,Cloudy,87
2025-06-06,R07,11,4,0,Clear,63
2025-06-06,R07,12,4,0,Clear,22
2025-06-06,R07,13,4,0,Cloudy,19
2025-06-06,R07,14,4,0,Clear,41
2025-06-06,R07,15,4,0,Clear,60
2025-06-06,R07,16,4,0,Cloudy,116
2025-06-06,R07,17,4,0,Cloudy,194
2025-06-06,R07,18,4,0,Clear,236
2025-06-06,R07,19,4,0,Clear,207
2025-06-06,R07,20,4,0,Rain,118
2025-06-06,R07,21,4,0,Clear,56
2025-06-06,R07,22,4,0,Clear,36
2025-06-06,R08,6,4,0,Rain,128
2025-06-06,R08,7,4,0,Clear,224
2025-06-06,R08,8,4,0,Cloudy,298
2025-06-06,R08,9,4,0,Clear,259
2025-06-06,R08,10,4,0,Cloudy,113
2025-06-06,R08,11,4,0,Clear,86
2025-06-06,R08,12,4,0,Cloudy,73
2025-06-06,R08,13,4,0,Clear,50
2025-06-06,R08,14,4,0,Clear,36
2025-06-06,R08,15,4,0,Clear,83
2025-06-06,R08,16,4,0,Clear,152
2025-06-06,R08,17,4,0,Clear,304
2025-06-06,R08,18,4,0,Clear,361
2025-06-06,R08,19,4,0,Clear,266
2025-06-06,R08,20,4,0,Clear,173
2025-06-06,R08,21,4,0,Clear,101
2025-06-06,R08,22,4,0,Clear,61
2025-06-07,R01,6,5,1,Clear,74
2025-06-07,R01,7,5,1,Clear,157
2025-06-07,R01,8,5,1,Clear,217
2025-06-07,R01,9,5,1,Clear,169
2025-06-07,R01,10,5,1,Clear,63
2025-06-07,R01,11,5,1,Cloudy,43
2025-06-07,R01,12,5,1,Cloudy,19
2025-06-07,R01,13,5,1,Cloudy,25
2025-06-07,R01,14,5,1,Clear,55
2025-06-07,R01,15,5,1,Clear,56
2025-06-07,R01,16,5,1,Clear,90
2025-06-07,R01,17,5,1,Cloudy,165
2025-06-07,R01,18,5,1,Rain,253
2025-06-07,R01,19,5,1,Clear,172
2025-06-07,R01,20,5,1,Cloudy,100
2025-06-07,R01,21,5,1,Rain,52
2025-06-07,R01,22,5,1,Clear,32
2025-06-07,R02,6,5,1,Clear,131
2025-06-07,R02,7,5,1,Rain,217
2025-06-07,R02,8,5,1,Rain,254
2025-06-07,R02,9,5,1,Cloudy,176
2025-06-07,R02,10,5,1,Clear,97
2025-06-07,R02,11,5,1,Cloudy,29
2025-06-07,R02,12,5,1,Rain,30
2025-06-07,R02,13,5,1,Clear,60
2025-06-07,R02,14,5,1,Clear,62
2025-06-07,R02,15,5,1,Clear,64
2025-06-07,R02,16,5,1,Clear,110
2025-06-07,R02,17,5,1,Rain,211
2025-06-07,R02,18,5,1,Clear,292
2025-06-07,R02,19,5,1,Clear,197
2025-06-07,R02,20,5,1,Rain,124
2025-06-07,R02,21,5,1,Clear,55
2025-06-07,R02,22,5,1,Clear,33
2025-06-07,R03,6,5,1,Clear,66
2025-06-07,R03,7,5,1,Clear,153
2025-06-07,R03,8,5,1,Clear,157
2025-06-07,R03,9,5,1,Clear,128
2025-06-07,R03,10,5,1,Cloudy,70
2025-06-07,R03,11,5,1,Cloudy,45
2025-06-07,R03,12,5,1,Cloudy,28
2025-06-07,R03,13,5,1,Clear,16
2025-06-07,R03,14,5,1,Clear,39
2025-06-07,R03,15,5,1,Cloudy,64
2025-06-07,R03,16,5,1,Clear,61
2025-06-07,R03,17,5,1,Rain,154
2025-06-07,R03,18,5,1,Cloudy,175
2025-06-07,R03,19,5,1,Clear,156
2025-06-07,R03,20,5,1,Clear,78
2025-06-07,R03,21,5,1,Rain,60
2025-06-07,R03,22,5,1,Clear,47
2025-06-07,R04,6,5,1,Clear,114
2025-06-07,R04,7,5,1,Cloudy,204
2025-06-07,R04,8,5,1,Rain,287
2025-06-07,R04,9,5,1,Cloudy,176
2025-06-07,R04,10,5,1,Cloudy,90
2025-06-07,R04,11,5,1,Clear,85
2025-06-07,R04,12,5,1,Clear,64
2025-06-07,R04,13,5,1,Cloudy,30
2025-06-07,R04,14,5,1,Clear,36
2025-06-07,R04,15,5,1,Cloudy,77
2025-06-07,R04,16,5,1,Clear,178
2025-06-07,R04,17,5,1,Clear,244
2025-06-07,R04,18,5,1,Clear,288
2025-06-07,R04,19,5,1,Cloudy,241
2025-06-07,R04,20,5,1,Clear,158
2025-06-07,R04,21,5,1,Clear,81
2025-06-07,R04,22,5,1,Clear,57
2025-06-07,R05,6,5,1,Cloudy,58
2025-06-07,R05,7,5,1,Rain,172
2025-06-07,R05,8,5,1,Clear,194
2025-06-07,R05,9,5,1,Clear,140
2025-06-07,R05,10,5,1,Clear,59
2025-06-07,R05,11,5,1,Clear,36
2025-06-07,R05,12,5,1,Cloudy,32
2025-06-07,R05,13,5,1,Rain,46
2025-06-07,R05,14,5,1,Clear,54
2025-06-07,R05,15,5,1,Rain,69
2025-06-07,R05,16,5,1,Rain,106
2025-06-07,R05,17,5,1,Clear,169
2025-06-07,R05,18,5,1,Clear,226
2025-06-07,R05,19,5,1,Cloudy,166
2025-06-07,R05,20,5,1,Cloudy,76
2025-06-07,R05,21,5,1,Rain,29
2025-06-07,R05,22,5,1,Rain,48
2025-06-07,R06,6,5,1,Clear,97
2025-06-07,R06,7,5,1,Clear,205
2025-06-07,R06,8,5,1,Clear,257
2025-06-07,R06,9,5,1,Rain,201
2025-06-07,R06,10,5,1,Clear,129
2025-06-07,R06,11,5,1,Clear,40
2025-06-07,R06,12,5,1,Clear,45
2025-06-07,R06,13,5,1,Cloudy,24
2025-06-07,R06,14,5,1,Clear,55
2025-06-07,R06,15,5,1,Clear,84
2025-06-07,R06,16,5,1,Clear,138
2025-06-07,R06,17,5,1,Clear,220
2025-06-07,R06,18,5,1,Clear,260
2025-06-07,R06,19,5,1,Clear,220
2025-06-07,R06,20,5,1,Cloudy,130
2025-06-07,R06,21,5,1,Clear,54
2025-06-07,R06,22,5,1,Rain,31
2025-06-07,R07,6,5,1,Clear,30
2025-06-07,R07,7,5,1,Rain,118
2025-06-07,R07,8,5,1,Clear,124
2025-06-07,R07,9,5,1,Clear,114
2025-06-07,R07,10,5,1,Clear,57
2025-06-07,R07,11,5,1,Clear,28
2025-06-07,R07,12,5,1,Clear,55
2025-06-07,R07,13,5,1,Clear,31
2025-06-07,R07,14,5,1,Clear,10
2025-06-07,R07,15,5,1,Rain,11
2025-06-07,R07,16,5,1,Clear,102
2025-06-07,R07,17,5,1,Cloudy,123
2025-06-07,R07,18,5,1,Clear,155
2025-06-07,R07,19,5,1,Clear,133
2025-06-07,R07,20,5,1,Rain,66
2025-06-07,R07,21,5,1,Clear,37
2025-06-07,R07,22,5,1,Rain,44
2025-06-07,R08,6,5,1,Cloudy,80
2025-06-07,R08,7,5,1,Clear,160
2025-06-07,R08,8,5,1,Clear,205
2025-06-07,R08,9,5,1,Clear,179
2025-06-07,R08,10,5,1,Clear,94
2025-06-07,R08,11,5,1,Clear,76
2025-06-07,R08,12,5,1,Cloudy,61
2025-06-07,R08,13,5,1,Cloudy,33
2025-06-07,R08,14,5,1,Clear,50
2025-06-07,R08,15,5,1,Cloudy,51
2025-06-07,R08,16,5,1,Clear,106
2025-06-07,R08,17,5,1,Clear,190
2025-06-07,R08,18,5,1,Clear,234
2025-06-07,R08,19,5,1,Clear,213
2025-06-07,R08,20,5,1,Clear,106
2025-06-07,R08,21,5,1,Clear,54
2025-06-07,R08,22,5,1,Cloudy,43
2025-06-08,R01,6,6,1,Clear,84
2025-06-08,R01,7,6,1,Rain,169
2025-06-08,R01,8,6,1,Clear,212
2025-06-08,R01,9,6,1,Cloudy,135
2025-06-08,R01,10,6,1,Cloudy,67
2025-06-08,R01,11,6,1,Clear,10
2025-06-08,R01,12,6,1,Clear,44
2025-06-08,R01,13,6,1,Cloudy,41
2025-06-08,R01,14,6,1,Clear,53
2025-06-08,R01,15,6,1,Clear,51
2025-06-08,R01,16,6,1,Cloudy,96
2025-06-08,R01,17,6,1,Clear,194
2025-06-08,R01,18,6,1,Clear,216
2025-06-08,R01,19,6,1,Clear,181
2025-06-08,R01,20,6,1,Clear,55
2025-06-08,R01,21,6,1,Rain,76
2025-06-08,R01,22,6,1,Cloudy,43
2025-06-08,R02,6,6,1,Clear,92
2025-06-08,R02,7,6,1,Clear,193
2025-06-08,R02,8,6,1,Rain,253
2025-06-08,R02,9,6,1,Cloudy,183
2025-06-08,R02,10,6,1,Clear,100
2025-06-08,R02,11,6,1,Clear,46
2025-06-08,R02,12,6,1,Clear,28
2025-06-08,R02,13,6,1,Clear,52
2025-06-08,R02,14,6,1,Cloudy,54
2025-06-08,R02,15,6,1,Clear,83
2025-06-08,R02,16,6,1,Clear,131
2025-06-08,R02,17,6,1,Clear,211
2025-06-08,R02,18,6,1,Clear,266
2025-06-08,R02,19,6,1,Clear,214
2025-06-08,R02,20,6,1,Clear,119
2025-06-08,R02,21,6,1,Clear,48
2025-06-08,R02,22,6,1,Clear,31
2025-06-08,R03,6,6,1,Rain,85
2025-06-08,R03,7,6,1,Clear,115
2025-06-08,R03,8,6,1,Cloudy,147
2025-06-08,R03,9,6,1,Cloudy,97
2025-06-08,R03,10,6,1,Cloudy,42
2025-06-08,R03,11,6,1,Clear,26
2025-06-08,R03,12,6,1,Clear,40
2025-06-08,R03,13,6,1,Clear,40
2025-06-08,R03,14,6,1,Rain,37
2025-06-08,R03,15,6,1,Clear,36
2025-06-08,R03,16,6,1,Cloudy,108
2025-06-08,R03,17,6,1,Rain,183
2025-06-08,R03,18,6,1,Cloudy,168
2025-06-08,R03,19,6,1,Clear,170
2025-06-08,R03,20,6,1,Cloudy,86
2025-06-08,R03,21,6,1,Cloudy,56
2025-06-08,R03,22,6,1,Cloudy,43
2025-06-08,R04,6,6,1,Clear,85
2025-06-08,R04,7,6,1,Cloudy,179
2025-06-08,R04,8,6,1,Clear,259
2025-06-08,R04,9,6,1,Rain,216
2025-06-08,R04,10,6,1,Clear,116
2025-06-08,R04,11,6,1,Clear,68
2025-06-08,R04,12,6,1,Clear,42
2025-06-08,R04,13,6,1,Cloudy,37
2025-06-08,R04,14,6,1,Clear,64
2025-06-08,R04,15,6,1,Cloudy,62
2025-06-08,R04,16,6,1,Cloudy,147
2025-06-08,R04,17,6,1,Clear,247
2025-06-08,R04,18,6,1,Clear,303
2025-06-08,R04,19,6,1,Clear,231
2025-06-08,R04,20,6,1,Clear,149
2025-06-08,R04,21,6,1,Clear,58
2025-06-08,R04,22,6,1,Clear,61
2025-06-08,R05,6,6,1,Cloudy,80
2025-06-08,R05,7,6,1,Clear,153
2025-06-08,R05,8,6,1,Clear,193
2025-06-08,R05,9,6,1,Clear,158
2025-06-08,R05,10,6,1,Cloudy,79
2025-06-08,R05,11,6,1,Clear,18
2025-06-08,R05,12,6,1,Cloudy,37
2025-06-08,R05,13,6,1,Clear,22
2025-06-08,R05,14,6,1,Clear,18
2025-06-08,R05,15,6,1,Rain,44
2025-06-08,R05,16,6,1,Clear,90
2025-06-08,R05,17,6,1,Cloudy,170
2025-06-08,R05,18,6,1,Cloudy,195
2025-06-08,R05,19,6,1,Cloudy,174
2025-06-08,R05,20,6,1,Clear,89
2025-06-08,R05,21,6,1,Clear,48
2025-06-08,R05,22,6,1,Clear,27
2025-06-08,R06,6,6,1,Clear,74
2025-06-08,R06,7,6,1,Clear,191
2025-06-08,R06,8,6,1,Clear,279
2025-06-08,R06,9,6,1,Clear,173
2025-06-08,R06,10,6,1,Cloudy,105
2025-06-08,R06,11,6,1,Cloudy,65
2025-06-08,R06,12,6,1,Clear,46
2025-06-08,R06,13,6,1,Cloudy,24
2025-06-08,R06,14,6,1,Clear,77
2025-06-08,R06,15,6,1,Clear,75
2025-06-08,R06,16,6,1,Clear,151
2025-06-08,R06,17,6,1,Clear,204
2025-06-08,R06,18,6,1,Clear,270
2025-06-08,R06,19,6,1,Clear,208
2025-06-08,R06,20,6,1,Clear,144
2025-06-08,R06,21,6,1,Cloudy,42
2025-06-08,R06,22,6,1,Clear,46
2025-06-08,R07,6,6,1,Rain,61
2025-06-08,R07,7,6,1,Clear,85
2025-06-08,R07,8,6,1,Clear,149
2025-06-08,R07,9,6,1,Clear,116
2025-06-08,R07,10,6,1,Rain,56
2025-06-08,R07,11,6,1,Clear,54
2025-06-08,R07,12,6,1,Cloudy,10
2025-06-08,R07,13,6,1,Clear,10
2025-06-08,R07,14,6,1,Clear,29
2025-06-08,R07,15,6,1,Clear,26
2025-06-08,R07,16,6,1,Cloudy,69
2025-06-08,R07,17,6,1,Clear,147
2025-06-08,R07,18,6,1,Clear,141
2025-06-08,R07,19,6,1,Cloudy,137
2025-06-08,R07,20,6,1,Clear,57
2025-06-08,R07,21,6,1,Clear,33
2025-06-08,R07,22,6,1,Clear,45
2025-06-08,R08,6,6,1,Clear,98
2025-06-08,R08,7,6,1,Clear,156
2025-06-08,R08,8,6,1,Clear,219
2025-06-08,R08,9,6,1,Cloudy,151
2025-06-08,R08,10,6,1,Clear,84
2025-06-08,R08,11,6,1,Clear,46
2025-06-08,R08,12,6,1,Cloudy,44
2025-06-08,R08,13,6,1,Clear,39
2025-06-08,R08,14,6,1,Clear,10
2025-06-08,R08,15,6,1,Rain,63
2025-06-08,R08,16,6,1,Clear,112
2025-06-08,R08,17,6,1,Rain,177
2025-06-08,R08,18,6,1,Cloudy,233
2025-06-08,R08,19,6,1,Clear,199
2025-06-08,R08,20,6,1,Cloudy,99
2025-06-08,R08,21,6,1,Clear,63
2025-06-08,R08,22,6,1,Clear,48
2025-06-09,R01,6,0,0,Clear,123
2025-06-09,R01,7,0,0,Cloudy,224
2025-06-09,R01,8,0,0,Clear,279
2025-06-09,R01,9,0,0,Rain,238
2025-06-09,R01,10,0,0,Clear,139
2025-06-09,R01,11,0,0,Rain,60
2025-06-09,R01,12,0,0,Clear,48
2025-06-09,R01,13,0,0,Clear,24
2025-06-09,R01,14,0,0,Clear,38
2025-06-09,R01,15,0,0,Clear,74
2025-06-09,R01,16,0,0,Clear,146
2025-06-09,R01,17,0,0,Rain,289
2025-06-09,R01,18,0,0,Clear,350
2025-06-09,R01,19,0,0,Clear,241
2025-06-09,R01,20,0,0,Clear,152
2025-06-09,R01,21,0,0,Cloudy,73
2025-06-09,R01,22,0,0,Cloudy,79
2025-06-09,R02,6,0,0,Clear,152
2025-06-09,R02,7,0,0,Clear,258
2025-06-09,R02,8,0,0,Cloudy,338
2025-06-09,R02,9,0,0,Cloudy,241
2025-06-09,R02,10,0,0,Clear,154
2025-06-09,R02,11,0,0,Clear,62
2025-06-09,R02,12,0,0,Rain,90
2025-06-09,R02,13,0,0,Cloudy,58
2025-06-09,R02,14,0,0,Clear,51
2025-06-09,R02,15,0,0,Cloudy,63
2025-06-09,R02,16,0,0,Clear,181
2025-06-09,R02,17,0,0,Clear,325
2025-06-09,R02,18,0,0,Cloudy,402
2025-06-09,R02,19,0,0,Clear,331
2025-06-09,R02,20,0,0,Clear,180
2025-06-09,R02,21,0,0,Clear,79
2025-06-09,R02,22,0,0,Clear,63
2025-06-09,R03,6,0,0,Cloudy,115
2025-06-09,R03,7,0,0,Clear,213
2025-06-09,R03,8,0,0,Clear,227
2025-06-09,R03,9,0,0,Clear,181
2025-06-09,R03,10,0,0,Clear,118
2025-06-09,R03,11,0,0,Cloudy,70
2025-06-09,R03,12,0,0,Clear,35
2025-06-09,R03,13,0,0,Clear,52
2025-06-09,R03,14,0,0,Clear,39
2025-06-09,R03,15,0,0,Clear,81
2025-06-09,R03,16,0,0,Clear,125
2025-06-09,R03,17,0,0,Clear,213
2025-06-09,R03,18,0,0,Clear,279
2025-06-09,R03,19,0,0,Clear,219
2025-06-09,R03,20,0,0,Clear,136
2025-06-09,R03,21,0,0,Cloudy,47
2025-06-09,R03,22,0,0,Clear,34
2025-06-09,R04,6,0,0,Clear,160
2025-06-09,R04,7,0,0,Clear,293
2025-06-09,R04,8,0,0,Clear,382
2025-06-09,R04,9,0,0,Clear,302
2025-06-09,R04,10,0,0,Clear,153
2025-06-09,R04,11,0,0,Clear,111
2025-06-09,R04,12,0,0,Rain,67
2025-06-09,R04,13,0,0,Clear,68
2025-06-09,R04,14,0,0,Cloudy,69
2025-06-09,R04,15,0,0,Clear,109
2025-06-09,R04,16,0,0,Clear,201
2025-06-09,R04,17,0,0,Clear,371
2025-06-09,R04,18,0,0,Rain,499
2025-06-09,R04,19,0,0,Clear,351
2025-06-09,R04,20,0,0,Clear,220
2025-06-09,R04,21,0,0,Rain,110
2025-06-09,R04,22,0,0,Clear,74
2025-06-09,R05,6,0,0,Clear,113
2025-06-09,R05,7,0,0,Clear,197
2025-06-09,R05,8,0,0,Rain,291
2025-06-09,R05,9,0,0,Clear,193
2025-06-09,R05,10,0,0,Cloudy,81
2025-06-09,R05,11,0,0,Rain,70
2025-06-09,R05,12,0,0,Clear,35
2025-06-09,R05,13,0,0,Cloudy,67
2025-06-09,R05,14,0,0,Clear,46
2025-06-09,R05,15,0,0,Clear,86
2025-06-09,R05,16,0,0,Clear,154
2025-06-09,R05,17,0,0,Clear,243
2025-06-09,R05,18,0,0,Clear,304
2025-06-09,R05,19,0,0,Rain,271
2025-06-09,R05,20,0,0,Clear,148
2025-06-09,R05,21,0,0,Clear,112
2025-06-09,R05,22,0,0,Clear,56
2025-06-09,R06,6,0,0,Rain,157
2025-06-09,R06,7,0,0,Clear,285
2025-06-09,R06,8,0,0,Clear,344
2025-06-09,R06,9,0,0,Clear,270
2025-06-09,R06,10,0,0,Cloudy,162
2025-06-09,R06,11,0,0,Clear,78
2025-06-09,R06,12,0,0,Clear,54
2025-06-09,R06,13,0,0,Clear,47
2025-06-09,R06,14,0,0,Cloudy,64
2025-06-09,R06,15,0,0,Clear,83
2025-06-09,R06,16,0,0,Clear,206
2025-06-09,R06,17,0,0,Clear,341
2025-06-09,R06,18,0,0,Clear,401
2025-06-09,R06,19,0,0,Clear,357
2025-06-09,R06,20,0,0,Clear,184
2025-06-09,R06,21,0,0,Cloudy,90
2025-06-09,R06,22,0,0,Clear,59
2025-06-09,R07,6,0,0,Clear,94
2025-06-09,R07,7,0,0,Clear,146
2025-06-09,R07,8,0,0,Cloudy,187
2025-06-09,R07,9,0,0,Clear,152
2025-06-09,R07,10,0,0,Rain,97
2025-06-09,R07,11,0,0,Clear,29
2025-06-09,R07,12,0,0,Clear,35
2025-06-09,R07,13,0,0,Clear,53
2025-06-09,R07,14,0,0,Clear,23
2025-06-09,R07,15,0,0,Clear,66
2025-06-09,R07,16,0,0,Clear,121
2025-06-09,R07,17,0,0,Clear,188
2025-06-09,R07,18,0,0,Cloudy,193
2025-06-09,R07,19,0,0,Clear,200
2025-06-09,R07,20,0,0,Cloudy,118
2025-06-09,R07,21,0,0,Clear,81
2025-06-09,R07,22,0,0,Cloudy,38
2025-06-09,R08,6,0,0,Clear,108
2025-06-09,R08,7,0,0,Cloudy,240
2025-06-09,R08,8,0,0,Clear,295
2025-06-09,R08,9,0,0,Clear,253
2025-06-09,R08,10,0,0,Cloudy,134
2025-06-09,R08,11,0,0,Rain,95
2025-06-09,R08,12,0,0,Cloudy,47
2025-06-09,R08,13,0,0,Cloudy,40
2025-06-09,R08,14,0,0,Clear,62
2025-06-09,R08,15,0,0,Clear,69
2025-06-09,R08,16,0,0,Clear,162
2025-06-09,R08,17,0,0,Clear,283
2025-06-09,R08,18,0,0,Cloudy,351
2025-06-09,R08,19,0,0,Clear,312
2025-06-09,R08,20,0,0,Rain,191
2025-06-09,R08,21,0,0,Clear,99
2025-06-09,R08,22,0,0,Clear,62
2025-06-10,R01,6,1,0,Cloudy,112
2025-06-10,R01,7,1,0,Rain,226
2025-06-10,R01,8,1,0,Clear,292
2025-06-10,R01,9,1,0,Cloudy,221
2025-06-10,R01,10,1,0,Clear,115
2025-06-10,R01,11,1,0,Clear,62
2025-06-10,R01,12,1,0,Cloudy,22
2025-06-10,R01,13,1,0,Clear,48
2025-06-10,R01,14,1,0,Cloudy,66
2025-06-10,R01,15,1,0,Clear,83
2025-06-10,R01,16,1,0,Clear,151
2025-06-10,R01,17,1,0,Clear,250
2025-06-10,R01,18,1,0,Cloudy,300
2025-06-10,R01,19,1,0,Clear,256
2025-06-10,R01,20,1,0,Cloudy,129
2025-06-10,R01,21,1,0,Clear,83
2025-06-10,R01,22,1,0,Clear,49
2025-06-10,R02,6,1,0,Clear,153
2025-06-10,R02,7,1,0,Clear,264
2025-06-10,R02,8,1,0,Clear,365
2025-06-10,R02,9,1,0,Clear,258
2025-06-10,R02,10,1,0,Clear,157
2025-06-10,R02,11,1,0,Clear,96
2025-06-10,R02,12,1,0,Cloudy,50
2025-06-10,R02,13,1,0,Clear,58
2025-06-10,R02,14,1,0,Clear,60
2025-06-10,R02,15,1,0,Rain,95
2025-06-10,R02,16,1,0,Cloudy,177
2025-06-10,R02,17,1,0,Clear,323
2025-06-10,R02,18,1,0,Cloudy,353
2025-06-10,R02,19,1,0,Clear,303
2025-06-10,R02,20,1,0,Clear,179
2025-06-10,R02,21,1,0,Clear,93
2025-06-10,R02,22,1,0,Cloudy,41
2025-06-10,R03,6,1,0,Cloudy,100
2025-06-10,R03,7,1,0,Clear,161
2025-06-10,R03,8,1,0,Clear,224
2025-06-10,R03,9,1,0,Cloudy,174
2025-06-10,R03,10,1,0,Clear,106
2025-06-10,R03,11,1,0,Clear,41
2025-06-10,R03,12,1,0,Rain,44
2025-06-10,R03,13,1,0,Rain,39
2025-06-10,R03,14,1,0,Clear,11
2025-06-10,R03,15,1,0,Clear,59
2025-06-10,R03,16,1,0,Clear,110
2025-06-10,R03,17,1,0,Clear,217
2025-06-10,R03,18,1,0,Clear,252
2025-06-10,R03,19,1,0,Cloudy,198
2025-06-10,R03,20,1,0,Cloudy,114
2025-06-10,R03,21,1,0,Cloudy,61
2025-06-10,R03,22,1,0,Cloudy,38
2025-06-10,R04,6,1,0,Cloudy,167
2025-06-10,R04,7,1,0,Clear,305
2025-06-10,R04,8,1,0,Cloudy,372
2025-06-10,R04,9,1,0,Cloudy,282
2025-06-10,R04,10,1,0,Clear,119
2025-06-10,R04,11,1,0,Clear,71
2025-06-10,R04,12,1,0,Clear,51
2025-06-10,R04,13,1,0,Clear,65
2025-06-10,R04,14,1,0,Clear,93
2025-06-10,R04,15,1,0,Clear,109
2025-06-10,R04,16,1,0,Clear,217
2025-06-10,R04,17,1,0,Cloudy,324
2025-06-10,R04,18,1,0,Cloudy,415
2025-06-10,R04,19,1,0,Cloudy,352
2025-06-10,R04,20,1,0,Cloudy,205
2025-06-10,R04,21,1,0,Clear,99
2025-06-10,R04,22,1,0,Clear,73
2025-06-10,R05,6,1,0,Clear,126
2025-06-10,R05,7,1,0,Rain,224
2025-06-10,R05,8,1,0,Clear,270
2025-06-10,R05,9,1,0,Clear,187
2025-06-10,R05,10,1,0,Clear,123
2025-06-10,R05,11,1,0,Clear,71
2025-06-10,R05,12,1,0,Cloudy,22
2025-06-10,R05,13,1,0,Clear,45
2025-06-10,R05,14,1,0,Clear,66
2025-06-10,R05,15,1,0,Rain,67
2025-06-10,R05,16,1,0,Clear,148
2025-06-10,R05,17,1,0,Cloudy,230
2025-06-10,R05,18,1,0,Clear,324
2025-06-10,R05,19,1,0,Cloudy,211
2025-06-10,R05,20,1,0,Clear,119
2025-06-10,R05,21,1,0,Clear,65
2025-06-10,R05,22,1,0,Cloudy,49
2025-06-10,R06,6,1,0,Cloudy,140
2025-06-10,R06,7,1,0,Cloudy,241
2025-06-10,R06,8,1,0,Cloudy,343
2025-06-10,R06,9,1,0,Cloudy,272
2025-06-10,R06,10,1,0,Clear,149
2025-06-10,R06,11,1,0,Clear,95
2025-06-10,R06,12,1,0,Cloudy,67
2025-06-10,R06,13,1,0,Cloudy,53
2025-06-10,R06,14,1,0,Clear,88
2025-06-10,R06,15,1,0,Clear,121
2025-06-10,R06,16,1,0,Clear,194
2025-06-10,R06,17,1,0,Clear,319
2025-06-10,R06,18,1,0,Clear,422
2025-06-10,R06,19,1,0,Cloudy,294
2025-06-10,R06,20,1,0,Clear,178
2025-06-10,R06,21,1,0,Cloudy,105
2025-06-10,R06,22,1,0,Cloudy,52
2025-06-10,R07,6,1,0,Clear,103
2025-06-10,R07,7,1,0,Cloudy,139
2025-06-10,R07,8,1,0,Clear,202
2025-06-10,R07,9,1,0,Clear,155
2025-06-10,R07,10,1,0,Cloudy,88
2025-06-10,R07,11,1,0,Rain,59
2025-06-10,R07,12,1,0,Cloudy,29
2025-06-10,R07,13,1,0,Cloudy,40
2025-06-10,R07,14,1,0,Clear,41
2025-06-10,R07,15,1,0,Cloudy,62
2025-06-10,R07,16,1,0,Clear,116
2025-06-10,R07,17,1,0,Clear,178
2025-06-10,R07,18,1,0,Cloudy,238
2025-06-10,R07,19,1,0,Rain,186
2025-06-10,R07,20,1,0,Cloudy,98
2025-06-10,R07,21,1,0,Clear,63
2025-06-10,R07,22,1,0,Cloudy,36
2025-06-10,R08,6,1,0,Cloudy,120
2025-06-10,R08,7,1,0,Clear,242
2025-06-10,R08,8,1,0,Clear,309
2025-06-10,R08,9,1,0,Clear,262
2025-06-10,R08,10,1,0,Clear,129
2025-06-10,R08,11,1,0,Cloudy,65
2025-06-10,R08,12,1,0,Clear,47
2025-06-10,R08,13,1,0,Clear,63
2025-06-10,R08,14,1,0,Clear,42
2025-06-10,R08,15,1,0,Cloudy,106
2025-06-10,R08,16,1,0,Rain,171
2025-06-10,R08,17,1,0,Clear,289
2025-06-10,R08,18,1,0,Cloudy,342
2025-06-10,R08,19,1,0,Clear,304
2025-06-10,R08,20,1,0,Clear,162
2025-06-10,R08,21,1,0,Clear,79
2025-06-10,R08,22,1,0,Clear,62
2025-06-11,R01,6,2,0,Clear,109
2025-06-11,R01,7,2,0,Clear,220
2025-06-11,R01,8,2,0,Cloudy,289
2025-06-11,R01,9,2,0,Clear,211
2025-06-11,R01,10,2,0,Cloudy,83
2025-06-11,R01,11,2,0,Clear,54
2025-06-11,R01,12,2,0,Clear,33
2025-06-11,R01,13,2,0,Cloudy,54
2025-06-11,R01,14,2,0,Cloudy,44
2025-06-11,R01,15,2,0,Clear,93
2025-06-11,R01,16,2,0,Clear,148
2025-06-11,R01,17,2,0,Clear,247
2025-06-11,R01,18,2,0,Rain,371
2025-06-11,R01,19,2,0,Clear,253
2025-06-11,R01,20,2,0,Clear,123
2025-06-11,R01,21,2,0,Clear,83
2025-06-11,R01,22,2,0,Cloudy,41
2025-06-11,R02,6,2,0,Clear,145
2025-06-11,R02,7,2,0,Cloudy,224
2025-06-11,R02,8,2,0,Rain,383
2025-06-11,R02,9,2,0,Cloudy,251
2025-06-11,R02,10,2,0,Cloudy,122
2025-06-11,R02,11,2,0,Clear,89
2025-06-11,R02,12,2,0,Clear,48
2025-06-11,R02,13,2,0,Clear,65
2025-06-11,R02,14,2,0,Clear,73
2025-06-11,R02,15,2,0,Clear,93
2025-06-11,R02,16,2,0,Rain,207
2025-06-11,R02,17,2,0,Clear,316
2025-06-11,R02,18,2,0,Clear,390
2025-06-11,R02,19,2,0,Cloudy,304
2025-06-11,R02,20,2,0,Cloudy,170
2025-06-11,R02,21,2,0,Clear,105
2025-06-11,R02,22,2,0,Clear,82
2025-06-11,R03,6,2,0,Cloudy,97
2025-06-11,R03,7,2,0,Rain,212
2025-06-11,R03,8,2,0,Clear,235
2025-06-11,R03,9,2,0,Rain,219
2025-06-11,R03,10,2,0,Clear,101
2025-06-11,R03,11,2,0,Cloudy,58
2025-06-11,R03,12,2,0,Clear,24
2025-06-11,R03,13,2,0,Cloudy,46
2025-06-11,R03,14,2,0,Clear,46
2025-06-11,R03,15,2,0,Rain,78
2025-06-11,R03,16,2,0,Clear,133
2025-06-11,R03,17,2,0,Rain,249
2025-06-11,R03,18,2,0,Clear,275
2025-06-11,R03,19,2,0,Clear,214
2025-06-11,R03,20,2,0,Clear,147
2025-06-11,R03,21,2,0,Cloudy,75
2025-06-11,R03,22,2,0,Rain,47
2025-06-11,R04,6,2,0,Clear,158
2025-06-11,R04,7,2,0,Clear,265
2025-06-11,R04,8,2,0,Clear,373
2025-06-11,R04,9,2,0,Clear,292
2025-06-11,R04,10,2,0,Rain,175
2025-06-11,R04,11,2,0,Clear,104
2025-06-11,R04,12,2,0,Rain,73
2025-06-11,R04,13,2,0,Clear,54
2025-06-11,R04,14,2,0,Rain,89
2025-06-11,R04,15,2,0,Clear,115
2025-06-11,R04,16,2,0,Cloudy,189
2025-06-11,R04,17,2,0,Clear,373
2025-06-11,R04,18,2,0,Clear,457
2025-06-11,R04,19,2,0,Cloudy,314
2025-06-11,R04,20,2,0,Clear,213
2025-06-11,R04,21,2,0,Clear,78
2025-06-11,R04,22,2,0,Cloudy,68
2025-06-11,R05,6,2,0,Rain,154
2025-06-11,R05,7,2,0,Clear,220
2025-06-11,R05,8,2,0,Clear,264
2025-06-11,R05,9,2,0,Clear,221
2025-06-11,R05,10,2,0,Clear,103
2025-06-11,R05,11,2,0,Clear,65
2025-06-11,R05,12,2,0,Clear,37
2025-06-11,R05,13,2,0,Clear,42
2025-06-11,R05,14,2,0,Cloudy,63
2025-06-11,R05,15,2,0,Clear,97
2025-06-11,R05,16,2,0,Clear,147
2025-06-11,R05,17,2,0,Cloudy,247
2025-06-11,R05,18,2,0,Clear,303
2025-06-11,R05,19,2,0,Clear,238
2025-06-11,R05,20,2,0,Clear,146
2025-06-11,R05,21,2,0,Clear,76
2025-06-11,R05,22,2,0,Clear,83
2025-06-11,R06,6,2,0,Rain,161
2025-06-11,R06,7,2,0,Clear,277
2025-06-11,R06,8,2,0,Clear,366
2025-06-11,R06,9,2,0,Cloudy,256
2025-06-11,R06,10,2,0,Clear,138
2025-06-11,R06,11,2,0,Clear,86
2025-06-11,R06,12,2,0,Cloudy,41
2025-06-11,R06,13,2,0,Cloudy,66
2025-06-11,R06,14,2,0,Clear,63
2025-06-11,R06,15,2,0,Clear,109
2025-06-11,R06,16,2,0,Clear,207
2025-06-11,R06,17,2,0,Cloudy,301
2025-06-11,R06,18,2,0,Clear,405
2025-06-11,R06,19,2,0,Clear,345
2025-06-11,R06,20,2,0,Clear,193
2025-06-11,R06,21,2,0,Rain,131
2025-06-11,R06,22,2,0,Clear,73
2025-06-11,R07,6,2,0,Clear,102
2025-06-11,R07,7,2,0,Clear,145
2025-06-11,R07,8,2,0,Clear,195
2025-06-11,R07,9,2,0,Clear,181
2025-06-11,R07,10,2,0,Clear,74
2025-06-11,R07,11,2,0,Rain,71
2025-06-11,R07,12,2,0,Clear,27
2025-06-11,R07,13,2,0,Clear,18
2025-06-11,R07,14,2,0,Clear,37
2025-06-11,R07,15,2,0,Cloudy,37
2025-06-11,R07,16,2,0,Rain,128
2025-06-11,R07,17,2,0,Clear,161
2025-06-11,R07,18,2,0,Clear,261
2025-06-11,R07,19,2,0,Clear,192
2025-06-11,R07,20,2,0,Rain,129
2025-06-11,R07,21,2,0,Clear,67
2025-06-11,R07,22,2,0,Clear,42
2025-06-11,R08,6,2,0,Rain,150
2025-06-11,R08,7,2,0,Cloudy,227
2025-06-11,R08,8,2,0,Clear,326
2025-06-11,R08,9,2,0,Cloudy,202
2025-06-11,R08,10,2,0,Cloudy,146
2025-06-11,R08,11,2,0,Clear,66
2025-06-11,R08,12,2,0,Cloudy,66
2025-06-11,R08,13,2,0,Cloudy,67
2025-06-11,R08,14,2,0,Cloudy,51
2025-06-11,R08,15,2,0,Clear,87
2025-06-11,R08,16,2,0,Rain,183
2025-06-11,R08,17,2,0,Clear,289
2025-06-11,R08,18,2,0,Clear,350
2025-06-11,R08,19,2,0,Cloudy,275
2025-06-11,R08,20,2,0,Clear,164
2025-06-11,R08,21,2,0,Clear,105
2025-06-11,R08,22,2,0,Cloudy,61
2025-06-12,R01,6,3,0,Clear,111
2025-06-12,R01,7,3,0,Clear,243
2025-06-12,R01,8,3,0,Rain,332
2025-06-12,R01,9,3,0,Rain,244
2025-06-12,R01,10,3,0,Clear,122
2025-06-12,R01,11,3,0,Cloudy,79
2025-06-12,R01,12,3,0,Clear,64
2025-06-12,R01,13,3,0,Cloudy,27
2025-06-12,R01,14,3,0,Cloudy,39
2025-06-12,R01,15,3,0,Rain,80
2025-06-12,R01,16,3,0,Cloudy,137
2025-06-12,R01,17,3,0,Clear,265
2025-06-12,R01,18,3,0,Clear,332
2025-06-12,R01,19,3,0,Cloudy,249
2025-06-12,R01,20,3,0,Rain,182
2025-06-12,R01,21,3,0,Clear,106
2025-06-12,R01,22,3,0,Rain,55
2025-06-12,R02,6,3,0,Rain,170
2025-06-12,R02,7,3,0,Clear,268
2025-06-12,R02,8,3,0,Cloudy,321
2025-06-12,R02,9,3,0,Clear,275
2025-06-12,R02,10,3,0,Cloudy,140
2025-06-12,R02,11,3,0,Clear,76
2025-06-12,R02,12,3,0,Clear,52
2025-06-12,R02,13,3,0,Cloudy,75
2025-06-12,R02,14,3,0,Cloudy,63
2025-06-12,R02,15,3,0,Clear,96
2025-06-12,R02,16,3,0,Clear,213
2025-06-12,R02,17,3,0,Clear,329
2025-06-12,R02,18,3,0,Clear,384
2025-06-12,R02,19,3,0,Cloudy,295
2025-06-12,R02,20,3,0,Clear,168
2025-06-12,R02,21,3,0,Clear,78
2025-06-12,R02,22,3,0,Clear,63
2025-06-12,R03,6,3,0,Cloudy,99
2025-06-12,R03,7,3,0,Cloudy,163
2025-06-12,R03,8,3,0,Clear,247
2025-06-12,R03,9,3,0,Clear,171
2025-06-12,R03,10,3,0,Rain,106
2025-06-12,R03,11,3,0,Cloudy,60
2025-06-12,R03,12,3,0,Cloudy,67
2025-06-12,R03,13,3,0,Clear,62
2025-06-12,R03,14,3,0,Cloudy,59
2025-06-12,R03,15,3,0,Rain,74
2025-06-12,R03,16,3,0,Clear,137
2025-06-12,R03,17,3,0,Cloudy,202
2025-06-12,R03,18,3,0,Clear,277
2025-06-12,R03,19,3,0,Clear,201
2025-06-12,R03,20,3,0,Cloudy,122
2025-06-12,R03,21,3,0,Clear,48
2025-06-12,R03,22,3,0,Clear,61
2025-06-12,R04,6,3,0,Clear,173
2025-06-12,R04,7,3,0,Clear,325
2025-06-12,R04,8,3,0,Clear,373
2025-06-12,R04,9,3,0,Clear,337
2025-06-12,R04,10,3,0,Clear,162
2025-06-12,R04,11,3,0,Cloudy,100
2025-06-12,R04,12,3,0,Rain,93
2025-06-12,R04,13,3,0,Cloudy,53
2025-06-12,R04,14,3,0,Clear,81
2025-06-12,R04,15,3,0,Rain,117
2025-06-12,R04,16,3,0,Clear,217
2025-06-12,R04,17,3,0,Clear,336
2025-06-12,R04,18,3,0,Cloudy,402
2025-06-12,R04,19,3,0,Clear,376
2025-06-12,R04,20,3,0,Clear,193
2025-06-12,R04,21,3,0,Clear,107
2025-06-12,R04,22,3,0,Clear,72
2025-06-12,R05,6,3,0,Cloudy,111
2025-06-12,R05,7,3,0,Clear,203
2025-06-12,R05,8,3,0,Cloudy,275
2025-06-12,R05,9,3,0,Rain,240
2025-06-12,R05,10,3,0,Clear,134
2025-06-12,R05,11,3,0,Clear,73
2025-06-12,R05,12,3,0,Clear,54
2025-06-12,R05,13,3,0,Rain,21
2025-06-12,R05,14,3,0,Clear,62
2025-06-12,R05,15,3,0,Cloudy,80
2025-06-12,R05,16,3,0,Rain,179
2025-06-12,R05,17,3,0,Clear,256
2025-06-12,R05,18,3,0,Cloudy,253
2025-06-12,R05,19,3,0,Clear,254
2025-06-12,R05,20,3,0,Rain,169
2025-06-12,R05,21,3,0,Clear,77
2025-06-12,R05,22,3,0,Clear,47
2025-06-12,R06,6,3,0,Clear,162
2025-06-12,R06,7,3,0,Cloudy,239
2025-06-12,R06,8,3,0,Clear,361
2025-06-12,R06,9,3,0,Rain,305
2025-06-12,R06,10,3,0,Cloudy,127
2025-06-12,R06,11,3,0,Clear,86
2025-06-12,R06,12,3,0,Cloudy,83
2025-06-12,R06,13,3,0,Rain,59
2025-06-12,R06,14,3,0,Clear,78
2025-06-12,R06,15,3,0,Cloudy,100
2025-06-12,R06,16,3,0,Clear,175
2025-06-12,R06,17,3,0,Clear,339
2025-06-12,R06,18,3,0,Cloudy,381
2025-06-12,R06,19,3,0,Clear,324
2025-06-12,R06,20,3,0,Clear,182
2025-06-12,R06,21,3,0,Clear,134
2025-06-12,R06,22,3,0,Clear,48
2025-06-12,R07,6,3,0,Cloudy,97
2025-06-12,R07,7,3,0,Cloudy,150
2025-06-12,R07,8,3,0,Clear,195
2025-06-12,R07,9,3,0,Clear,157
2025-06-12,R07,10,3,0,Cloudy,98
2025-06-12,R07,11,3,0,Clear,65
2025-06-12,R07,12,3,0,Clear,25
2025-06-12,R07,13,3,0,Cloudy,41
2025-06-12,R07,14,3,0,Rain,49
2025-06-12,R07,15,3,0,Clear,55
2025-06-12,R07,16,3,0,Cloudy,111
2025-06-12,R07,17,3,0,Clear,202
2025-06-12,R07,18,3,0,Rain,246
2025-06-12,R07,19,3,0,Clear,169
2025-06-12,R07,20,3,0,Clear,94
2025-06-12,R07,21,3,0,Clear,52
2025-06-12,R07,22,3,0,Clear,37
2025-06-12,R08,6,3,0,Clear,144
2025-06-12,R08,7,3,0,Cloudy,232
2025-06-12,R08,8,3,0,Cloudy,292
2025-06-12,R08,9,3,0,Clear,224
2025-06-12,R08,10,3,0,Clear,148
2025-06-12,R08,11,3,0,Cloudy,55
2025-06-12,R08,12,3,0,Rain,81
2025-06-12,R08,13,3,0,Clear,50
2025-06-12,R08,14,3,0,Cloudy,43
2025-06-12,R08,15,3,0,Clear,88
2025-06-12,R08,16,3,0,Cloudy,147
2025-06-12,R08,17,3,0,Cloudy,272
2025-06-12,R08,18,3,0,Rain,396
2025-06-12,R08,19,3,0,Clear,303
2025-06-12,R08,20,3,0,Clear,194
2025-06-12,R08,21,3,0,Clear,44
2025-06-12,R08,22,3,0,Cloudy,49
2025-06-13,R01,6,4,0,Clear,121
2025-06-13,R01,7,4,0,Clear,207
2025-06-13,R01,8,4,0,Clear,296
2025-06-13,R01,9,4,0,Clear,228
2025-06-13,R01,10,4,0,Cloudy,89
2025-06-13,R01,11,4,0,Clear,69
2025-06-13,R01,12,4,0,Cloudy,38
2025-06-13,R01,13,4,0,Clear,47
2025-06-13,R01,14,4,0,Rain,83
2025-06-13,R01,15,4,0,Cloudy,53
2025-06-13,R01,16,4,0,Clear,162
2025-06-13,R01,17,4,0,Rain,280
2025-06-13,R01,18,4,0,Clear,312
2025-06-13,R01,19,4,0,Cloudy,242
2025-06-13,R01,20,4,0,Clear,136
2025-06-13,R01,21,4,0,Clear,123
2025-06-13,R01,22,4,0,Rain,91
2025-06-13,R02,6,4,0,Cloudy,110
2025-06-13,R02,7,4,0,Clear,248
2025-06-13,R02,8,4,0,Clear,314
2025-06-13,R02,9,4,0,Clear,254
2025-06-13,R02,10,4,0,Rain,156
2025-06-13,R02,11,4,0,Clear,80
2025-06-13,R02,12,4,0,Clear,66
2025-06-13,R02,13,4,0,Clear,66
2025-06-13,R02,14,4,0,Rain,86
2025-06-13,R02,15,4,0,Cloudy,111
2025-06-13,R02,16,4,0,Cloudy,177
2025-06-13,R02,17,4,0,Cloudy,296
2025-06-13,R02,18,4,0,Clear,374
2025-06-13,R02,19,4,0,Clear,316
2025-06-13,R02,20,4,0,Cloudy,177
2025-06-13,R02,21,4,0,Clear,90
2025-06-13,R02,22,4,0,Rain,83
2025-06-13,R03,6,4,0,Clear,103
2025-06-13,R03,7,4,0,Rain,192
2025-06-13,R03,8,4,0,Clear,227
2025-06-13,R03,9,4,0,Cloudy,189
2025-06-13,R03,10,4,0,Rain,82
2025-06-13,R03,11,4,0,Clear,29
2025-06-13,R03,12,4,0,Rain,32
2025-06-13,R03,13,4,0,Clear,73
2025-06-13,R03,14,4,0,Cloudy,48
2025-06-13,R03,15,4,0,Clear,57
2025-06-13,R03,16,4,0,Clear,131
2025-06-13,R03,17,4,0,Rain,230
2025-06-13,R03,18,4,0,Clear,269
2025-06-13,R03,19,4,0,Clear,211
2025-06-13,R03,20,4,0,Rain,143
2025-06-13,R03,21,4,0,Cloudy,58
2025-06-13,R03,22,4,0,Clear,37
2025-06-13,R04,6,4,0,Clear,162
2025-06-13,R04,7,4,0,Cloudy,280
2025-06-13,R04,8,4,0,Clear,383
2025-06-13,R04,9,4,0,Clear,284
2025-06-13,R04,10,4,0,Rain,182
2025-06-13,R04,11,4,0,Clear,126
2025-06-13,R04,12,4,0,Clear,71
2025-06-13,R04,13,4,0,Clear,64
2025-06-13,R04,14,4,0,Clear,71
2025-06-13,R04,15,4,0,Cloudy,117
2025-06-13,R04,16,4,0,Clear,169
2025-06-13,R04,17,4,0,Clear,361
2025-06-13,R04,18,4,0,Clear,440
2025-06-13,R04,19,4,0,Clear,356
2025-06-13,R04,20,4,0,Clear,206
2025-06-13,R04,21,4,0,Clear,94
2025-06-13,R04,22,4,0,Clear,62
2025-06-13,R05,6,4,0,Clear,92
2025-06-13,R05,7,4,0,Clear,219
2025-06-13,R05,8,4,0,Clear,241
2025-06-13,R05,9,4,0,Clear,216
2025-06-13,R05,10,4,0,Clear,105
2025-06-13,R05,11,4,0,Cloudy,44
2025-06-13,R05,12,4,0,Cloudy,47
2025-06-13,R05,13,4,0,Clear,42
2025-06-13,R05,14,4,0,Cloudy,50
2025-06-13,R05,15,4,0,Clear,62
2025-06-13,R05,16,4,0,Clear,148
2025-06-13,R05,17,4,0,Clear,250
2025-06-13,R05,18,4,0,Clear,321
2025-06-13,R05,19,4,0,Clear,233
2025-06-13,R05,20,4,0,Cloudy,129
2025-06-13,R05,21,4,0,Clear,67
2025-06-13,R05,22,4,0,Cloudy,56
2025-06-13,R06,6,4,0,Clear,163
2025-06-13,R06,7,4,0,Clear,282
2025-06-13,R06,8,4,0,Clear,357
2025-06-13,R06,9,4,0,Clear,291
2025-06-13,R06,10,4,0,Rain,159
2025-06-13,R06,11,4,0,Rain,112
2025-06-13,R06,12,4,0,Rain,61
2025-06-13,R06,13,4,0,Cloudy,32
2025-06-13,R06,14,4,0,Clear,50
2025-06-13,R06,15,4,0,Clear,93
2025-06-13,R06,16,4,0,Clear,220
2025-06-13,R06,17,4,0,Cloudy,299
2025-06-13,R06,18,4,0,Cloudy,407
2025-06-13,R06,19,4,0,Cloudy,314
2025-06-13,R06,20,4,0,Cloudy,165
2025-06-13,R06,21,4,0,Cloudy,89
2025-06-13,R06,22,4,0,Cloudy,77
2025-06-13,R07,6,4,0,Clear,82
2025-06-13,R07,7,4,0,Clear,148
2025-06-13,R07,8,4,0,Rain,222
2025-06-13,R07,9,4,0,Cloudy,167
2025-06-13,R07,10,4,0,Clear,121
2025-06-13,R07,11,4,0,Clear,58
2025-06-13,R07,12,4,0,Cloudy,58
2025-06-13,R07,13,4,0,Cloudy,45
2025-06-13,R07,14,4,0,Cloudy,48
2025-06-13,R07,15,4,0,Clear,64
2025-06-13,R07,16,4,0,Clear,114
2025-06-13,R07,17,4,0,Clear,181
2025-06-13,R07,18,4,0,Clear,235
2025-06-13,R07,19,4,0,Clear,202
2025-06-13,R07,20,4,0,Clear,114
2025-06-13,R07,21,4,0,Clear,36
2025-06-13,R07,22,4,0,Clear,55
2025-06-13,R08,6,4,0,Clear,139
2025-06-13,R08,7,4,0,Rain,286
2025-06-13,R08,8,4,0,Clear,303
2025-06-13,R08,9,4,0,Clear,226
2025-06-13,R08,10,4,0,Rain,141
2025-06-13,R08,11,4,0,Rain,84
2025-06-13,R08,12,4,0,Cloudy,74
2025-06-13,R08,13,4,0,Clear,59
2025-06-13,R08,14,4,0,Cloudy,84
2025-06-13,R08,15,4,0,Cloudy,76
2025-06-13,R08,16,4,0,Clear,174
2025-06-13,R08,17,4,0,Cloudy,251
2025-06-13,R08,18,4,0,Clear,372
2025-06-13,R08,19,4,0,Clear,312
2025-06-13,R08,20,4,0,Clear,172
2025-06-13,R08,21,4,0,Clear,71
2025-06-13,R08,22,4,0,Clear,61
2025-06-14,R01,6,5,1,Rain,82
2025-06-14,R01,7,5,1,Clear,147
2025-06-14,R01,8,5,1,Clear,195
2025-06-14,R01,9,5,1,Rain,151
2025-06-14,R01,10,5,1,Cloudy,79
2025-06-14,R01,11,5,1,Cloudy,35
2025-06-14,R01,12,5,1,Clear,41
2025-06-14,R01,13,5,1,Clear,40
2025-06-14,R01,14,5,1,Clear,24
2025-06-14,R01,15,5,1,Cloudy,47
2025-06-14,R01,16,5,1,Cloudy,92
2025-06-14,R01,17,5,1,Cloudy,169
2025-06-14,R01,18,5,1,Cloudy,226
2025-06-14,R01,19,5,1,Cloudy,161
2025-06-14,R01,20,5,1,Clear,99
2025-06-14,R01,21,5,1,Cloudy,57
2025-06-14,R01,22,5,1,Cloudy,36
2025-06-14,R02,6,5,1,Cloudy,102
2025-06-14,R02,7,5,1,Clear,186
2025-06-14,R02,8,5,1,Clear,227
2025-06-14,R02,9,5,1,Cloudy,171
2025-06-14,R02,10,5,1,Clear,111
2025-06-14,R02,11,5,1,Clear,36
2025-06-14,R02,12,5,1,Clear,27
2025-06-14,R02,13,5,1,Clear,28
2025-06-14,R02,14,5,1,Clear,41
2025-06-14,R02,15,5,1,Clear,61
2025-06-14,R02,16,5,1,Clear,140
2025-06-14,R02,17,5,1,Clear,206
2025-06-14,R02,18,5,1,Clear,243
2025-06-14,R02,19,5,1,Clear,229
2025-06-14,R02,20,5,1,Cloudy,107
2025-06-14,R02,21,5,1,Clear,73
2025-06-14,R02,22,5,1,Clear,57
2025-06-14,R03,6,5,1,Clear,69
2025-06-14,R03,7,5,1,Rain,137
2025-06-14,R03,8,5,1,Rain,166
2025-06-14,R03,9,5,1,Clear,114
2025-06-14,R03,10,5,1,Cloudy,76
2025-06-14,R03,11,5,1,Clear,41
2025-06-14,R03,12,5,1,Clear,42
2025-06-14,R03,13,5,1,Clear,21
2025-06-14,R03,14,5,1,Cloudy,45
2025-06-14,R03,15,5,1,Cloudy,63
2025-06-14,R03,16,5,1,Cloudy,63
2025-06-14,R03,17,5,1,Clear,132
2025-06-14,R03,18,5,1,Cloudy,182
2025-06-14,R03,19,5,1,Clear,150
2025-06-14,R03,20,5,1,Clear,82
2025-06-14,R03,21,5,1,Rain,61
2025-06-14,R03,22,5,1,Cloudy,20
2025-06-14,R04,6,5,1,Cloudy,95
2025-06-14,R04,7,5,1,Clear,191
2025-06-14,R04,8,5,1,Cloudy,263
2025-06-14,R04,9,5,1,Cloudy,176
2025-06-14,R04,10,5,1,Clear,122
2025-06-14,R04,11,5,1,Clear,67
2025-06-14,R04,12,5,1,Clear,61
2025-06-14,R04,13,5,1,Cloudy,30
2025-06-14,R04,14,5,1,Rain,55
2025-06-14,R04,15,5,1,Cloudy,58
2025-06-14,R04,16,5,1,Clear,160
2025-06-14,R04,17,5,1,Cloudy,231
2025-06-14,R04,18,5,1,Clear,293
2025-06-14,R04,19,5,1,Clear,233
2025-06-14,R04,20,5,1,Clear,142
2025-06-14,R04,21,5,1,Clear,66
2025-06-14,R04,22,5,1,Clear,45
2025-06-14,R05,6,5,1,Clear,75
2025-06-14,R05,7,5,1,Rain,189
2025-06-14,R05,8,5,1,Clear,186
2025-06-14,R05,9,5,1,Clear,137
2025-06-14,R05,10,5,1,Cloudy,73
2025-06-14,R05,11,5,1,Clear,32
2025-06-14,R05,12,5,1,Rain,57
2025-06-14,R05,13,5,1,Cloudy,40
2025-06-14,R05,14,5,1,Clear,18
2025-06-14,R05,15,5,1,Clear,61
2025-06-14,R05,16,5,1,Rain,111
2025-06-14,R05,17,5,1,Clear,179
2025-06-14,R05,18,5,1,Clear,226
2025-06-14,R05,19,5,1,Cloudy,148
2025-06-14,R05,20,5,1,Clear,97
2025-06-14,R05,21,5,1,Clear,57
2025-06-14,R05,22,5,1,Rain,52
2025-06-14,R06,6,5,1,Cloudy,104
2025-06-14,R06,7,5,1,Cloudy,178
2025-06-14,R06,8,5,1,Clear,259
2025-06-14,R06,9,5,1,Cloudy,176
2025-06-14,R06,10,5,1,Clear,96
2025-06-14,R06,11,5,1,Cloudy,26
2025-06-14,R06,12,5,1,Clear,29
2025-06-14,R06,13,5,1,Clear,40
2025-06-14,R06,14,5,1,Clear,32
2025-06-14,R06,15,5,1,Rain,53
2025-06-14,R06,16,5,1,Cloudy,109
2025-06-14,R06,17,5,1,Clear,248
2025-06-14,R06,18,5,1,Clear,261
2025-06-14,R06,19,5,1,Clear,210
2025-06-14,R06,20,5,1,Rain,155
2025-06-14,R06,21,5,1,Cloudy,69
2025-06-14,R06,22,5,1,Clear,46
2025-06-14,R07,6,5,1,Clear,69
2025-06-14,R07,7,5,1,Clear,111
2025-06-14,R07,8,5,1,Rain,110
2025-06-14,R07,9,5,1,Clear,101
2025-06-14,R07,10,5,1,Cloudy,87
2025-06-14,R07,11,5,1,Clear,32
2025-06-14,R07,12,5,1,Clear,41
2025-06-14,R07,13,5,1,Cloudy,40
2025-06-14,R07,14,5,1,Clear,35
2025-06-14,R07,15,5,1,Clear,38
2025-06-14,R07,16,5,1,Cloudy,58
2025-06-14,R07,17,5,1,Clear,113
2025-06-14,R07,18,5,1,Cloudy,167
2025-06-14,R07,19,5,1,Cloudy,127
2025-06-14,R07,20,5,1,Clear,79
2025-06-14,R07,21,5,1,Cloudy,44
2025-06-14,R07,22,5,1,Clear,22
2025-06-14,R08,6,5,1,Rain,112
2025-06-14,R08,7,5,1,Cloudy,160
2025-06-14,R08,8,5,1,Cloudy,199
2025-06-14,R08,9,5,1,Rain,190
2025-06-14,R08,10,5,1,Cloudy,98
2025-06-14,R08,11,5,1,Rain,49
2025-06-14,R08,12,5,1,Clear,71
2025-06-14,R08,13,5,1,Clear,20
2025-06-14,R08,14,5,1,Clear,48
2025-06-14,R08,15,5,1,Clear,49
2025-06-14,R08,16,5,1,Clear,116
2025-06-14,R08,17,5,1,Rain,229
2025-06-14,R08,18,5,1,Cloudy,285
2025-06-14,R08,19,5,1,Clear,176
2025-06-14,R08,20,5,1,Clear,100
2025-06-14,R08,21,5,1,Rain,73
2025-06-14,R08,22,5,1,Clear,56
2025-06-15,R01,6,6,1,Clear,75
2025-06-15,R01,7,6,1,Clear,138
2025-06-15,R01,8,6,1,Clear,204
2025-06-15,R01,9,6,1,Clear,145
2025-06-15,R01,10,6,1,Clear,100
2025-06-15,R01,11,6,1,Clear,51
2025-06-15,R01,12,6,1,Clear,43
2025-06-15,R01,13,6,1,Clear,51
2025-06-15,R01,14,6,1,Clear,65
2025-06-15,R01,15,6,1,Cloudy,38
2025-06-15,R01,16,6,1,Clear,100
2025-06-15,R01,17,6,1,Cloudy,189
2025-06-15,R01,18,6,1,Cloudy,211
2025-06-15,R01,19,6,1,Clear,174
2025-06-15,R01,20,6,1,Clear,103
2025-06-15,R01,21,6,1,Clear,80
2025-06-15,R01,22,6,1,Clear,38
2025-06-15,R02,6,6,1,Cloudy,100
2025-06-15,R02,7,6,1,Clear,177
2025-06-15,R02,8,6,1,Clear,200
2025-06-15,R02,9,6,1,Rain,178
2025-06-15,R02,10,6,1,Cloudy,104
2025-06-15,R02,11,6,1,Clear,49
2025-06-15,R02,12,6,1,Clear,57
2025-06-15,R02,13,6,1,Clear,50
2025-06-15,R02,14,6,1,Clear,50
2025-06-15,R02,15,6,1,Cloudy,80
2025-06-15,R02,16,6,1,Clear,119
2025-06-15,R02,17,6,1,Cloudy,214
2025-06-15,R02,18,6,1,Rain,290
2025-06-15,R02,19,6,1,Clear,209
2025-06-15,R02,20,6,1,Clear,130
2025-06-15,R02,21,6,1,Clear,57
2025-06-15,R02,22,6,1,Clear,41
2025-06-15,R03,6,6,1,Cloudy,65
2025-06-15,R03,7,6,1,Clear,145
2025-06-15,R03,8,6,1,Clear,181
2025-06-15,R03,9,6,1,Rain,124
2025-06-15,R03,10,6,1,Clear,61
2025-06-15,R03,11,6,1,Clear,47
2025-06-15,R03,12,6,1,Rain,25
2025-06-15,R03,13,6,1,Clear,23
2025-06-15,R03,14,6,1,Rain,34
2025-06-15,R03,15,6,1,Rain,59
2025-06-15,R03,16,6,1,Cloudy,84
2025-06-15,R03,17,6,1,Clear,170
2025-06-15,R03,18,6,1,Clear,185
2025-06-15,R03,19,6,1,Cloudy,144
2025-06-15,R03,20,6,1,Cloudy,80
2025-06-15,R03,21,6,1,Cloudy,48
2025-06-15,R03,22,6,1,Clear,26
2025-06-15,R04,6,6,1,Cloudy,111
2025-06-15,R04,7,6,1,Cloudy,187
2025-06-15,R04,8,6,1,Cloudy,266
2025-06-15,R04,9,6,1,Clear,208
2025-06-15,R04,10,6,1,Rain,145
2025-06-15,R04,11,6,1,Clear,77
2025-06-15,R04,12,6,1,Cloudy,50
2025-06-15,R04,13,6,1,Rain,63
2025-06-15,R04,14,6,1,Clear,59
2025-06-15,R04,15,6,1,Clear,59
2025-06-15,R04,16,6,1,Cloudy,136
2025-06-15,R04,17,6,1,Clear,249
2025-06-15,R04,18,6,1,Clear,301
2025-06-15,R04,19,6,1,Clear,253
2025-06-15,R04,20,6,1,Clear,145
2025-06-15,R04,21,6,1,Clear,79
2025-06-15,R04,22,6,1,Clear,74
2025-06-15,R05,6,6,1,Clear,80
2025-06-15,R05,7,6,1,Clear,159
2025-06-15,R05,8,6,1,Rain,206
2025-06-15,R05,9,6,1,Cloudy,160
2025-06-15,R05,10,6,1,Clear,88
2025-06-15,R05,11,6,1,Cloudy,45
2025-06-15,R05,12,6,1,Clear,27
2025-06-15,R05,13,6,1,Clear,57
2025-06-15,R05,14,6,1,Cloudy,50
2025-06-15,R05,15,6,1,Clear,44
2025-06-15,R05,16,6,1,Cloudy,75
2025-06-15,R05,17,6,1,Cloudy,160
2025-06-15,R05,18,6,1,Clear,201
2025-06-15,R05,19,6,1,Clear,172
2025-06-15,R05,20,6,1,Clear,111
2025-06-15,R05,21,6,1,Clear,68
2025-06-15,R05,22,6,1,Cloudy,15
2025-06-15,R06,6,6,1,Clear,87
2025-06-15,R06,7,6,1,Clear,181
2025-06-15,R06,8,6,1,Clear,249
2025-06-15,R06,9,6,1,Clear,209
2025-06-15,R06,10,6,1,Clear,103
2025-06-15,R06,11,6,1,Clear,36
2025-06-15,R06,12,6,1,Clear,51
2025-06-15,R06,13,6,1,Clear,40
2025-06-15,R06,14,6,1,Clear,44
2025-06-15,R06,15,6,1,Clear,72
2025-06-15,R06,16,6,1,Clear,139
2025-06-15,R06,17,6,1,Clear,242
2025-06-15,R06,18,6,1,Clear,296
2025-06-15,R06,19,6,1,Cloudy,226
2025-06-15,R06,20,6,1,Clear,141
2025-06-15,R06,21,6,1,Clear,52
2025-06-15,R06,22,6,1,Cloudy,55
2025-06-15,R07,6,6,1,Cloudy,55
2025-06-15,R07,7,6,1,Rain,139
2025-06-15,R07,8,6,1,Rain,150
2025-06-15,R07,9,6,1,Clear,109
2025-06-15,R07,10,6,1,Clear,52
2025-06-15,R07,11,6,1,Clear,28
2025-06-15,R07,12,6,1,Clear,46
2025-06-15,R07,13,6,1,Clear,19
2025-06-15,R07,14,6,1,Clear,30
2025-06-15,R07,15,6,1,Clear,34
2025-06-15,R07,16,6,1,Clear,78
2025-06-15,R07,17,6,1,Clear,136
2025-06-15,R07,18,6,1,Cloudy,161
2025-06-15,R07,19,6,1,Clear,132
2025-06-15,R07,20,6,1,Clear,97
2025-06-15,R07,21,6,1,Clear,21
2025-06-15,R07,22,6,1,Clear,21
2025-06-15,R08,6,6,1,Rain,92
2025-06-15,R08,7,6,1,Clear,158
2025-06-15,R08,8,6,1,Rain,246
2025-06-15,R08,9,6,1,Clear,161
2025-06-15,R08,10,6,1,Cloudy,51
2025-06-15,R08,11,6,1,Cloudy,51
2025-06-15,R08,12,6,1,Clear,62
2025-06-15,R08,13,6,1,Clear,10
2025-06-15,R08,14,6,1,Rain,16
2025-06-15,R08,15,6,1,Clear,68
2025-06-15,R08,16,6,1,Clear,129
2025-06-15,R08,17,6,1,Cloudy,182
2025-06-15,R08,18,6,1,Cloudy,237
2025-06-15,R08,19,6,1,Cloudy,143
2025-06-15,R08,20,6,1,Clear,118
2025-06-15,R08,21,6,1,Clear,70
2025-06-15,R08,22,6,1,Cloudy,35
2025-06-16,R01,6,0,0,Cloudy,109
2025-06-16,R01,7,0,0,Clear,232
2025-06-16,R01,8,0,0,Clear,290
2025-06-16,R01,9,0,0,Clear,242
2025-06-16,R01,10,0,0,Cloudy,116
2025-06-16,R01,11,0,0,Clear,73
2025-06-16,R01,12,0,0,Clear,49
2025-06-16,R01,13,0,0,Cloudy,45
2025-06-16,R01,14,0,0,Cloudy,64
2025-06-16,R01,15,0,0,Clear,94
2025-06-16,R01,16,0,0,Clear,137
2025-06-16,R01,17,0,0,Clear,266
2025-06-16,R01,18,0,0,Clear,336
2025-06-16,R01,19,0,0,Clear,239
2025-06-16,R01,20,0,0,Clear,152
2025-06-16,R01,21,0,0,Cloudy,105
2025-06-16,R01,22,0,0,Clear,46
2025-06-16,R02,6,0,0,Cloudy,123
2025-06-16,R02,7,0,0,Clear,267
2025-06-16,R02,8,0,0,Clear,343
2025-06-16,R02,9,0,0,Cloudy,248
2025-06-16,R02,10,0,0,Cloudy,147
2025-06-16,R02,11,0,0,Rain,63
2025-06-16,R02,12,0,0,Cloudy,48
2025-06-16,R02,13,0,0,Cloudy,56
2025-06-16,R02,14,0,0,Rain,90
2025-06-16,R02,15,0,0,Clear,88
2025-06-16,R02,16,0,0,Clear,168
2025-06-16,R02,17,0,0,Cloudy,271
2025-06-16,R02,18,0,0,Clear,374
2025-06-16,R02,19,0,0,Cloudy,272
2025-06-16,R02,20,0,0,Clear,173
2025-06-16,R02,21,0,0,Clear,103
2025-06-16,R02,22,0,0,Cloudy,68
2025-06-16,R03,6,0,0,Cloudy,102
2025-06-16,R03,7,0,0,Clear,169
2025-06-16,R03,8,0,0,Clear,217
2025-06-16,R03,9,0,0,Clear,190
2025-06-16,R03,10,0,0,Clear,111
2025-06-16,R03,11,0,0,Clear,55
2025-06-16,R03,12,0,0,Cloudy,47
2025-06-16,R03,13,0,0,Rain,46
2025-06-16,R03,14,0,0,Clear,40
2025-06-16,R03,15,0,0,Clear,62
2025-06-16,R03,16,0,0,Cloudy,130
2025-06-16,R03,17,0,0,Cloudy,205
2025-06-16,R03,18,0,0,Clear,281
2025-06-16,R03,19,0,0,Cloudy,209
2025-06-16,R03,20,0,0,Clear,118
2025-06-16,R03,21,0,0,Clear,73
2025-06-16,R03,22,0,0,Clear,46
2025-06-16,R04,6,0,0,Cloudy,168
2025-06-16,R04,7,0,0,Clear,294
2025-06-16,R04,8,0,0,Clear,366
2025-06-16,R04,9,0,0,Clear,313
2025-06-16,R04,10,0,0,Clear,181
2025-06-16,R04,11,0,0,Clear,101
2025-06-16,R04,12,0,0,Cloudy,87
2025-06-16,R04,13,0,0,Clear,93
2025-06-16,R04,14,0,0,Clear,74
2025-06-16,R04,15,0,0,Clear,95
2025-06-16,R04,16,0,0,Clear,173
2025-06-16,R04,17,0,0,Clear,337
2025-06-16,R04,18,0,0,Cloudy,425
2025-06-16,R04,19,0,0,Clear,338
2025-06-16,R04,20,0,0,Cloudy,198
2025-06-16,R04,21,0,0,Clear,117
2025-06-16,R04,22,0,0,Rain,84
2025-06-16,R05,6,0,0,Rain,122
2025-06-16,R05,7,0,0,Cloudy,190
2025-06-16,R05,8,0,0,Cloudy,279
2025-06-16,R05,9,0,0,Clear,183
2025-06-16,R05,10,0,0,Cloudy,96
2025-06-16,R05,11,0,0,Clear,59
2025-06-16,R05,12,0,0,Cloudy,42
2025-06-16,R05,13,0,0,Rain,64
2025-06-16,R05,14,0,0,Rain,61
2025-06-16,R05,15,0,0,Clear,59
2025-06-16,R05,16,0,0,Clear,157
2025-06-16,R05,17,0,0,Clear,242
2025-06-16,R05,18,0,0,Cloudy,298
2025-06-16,R05,19,0,0,Cloudy,258
2025-06-16,R05,20,0,0,Clear,137
2025-06-16,R05,21,0,0,Rain,76
2025-06-16,R05,22,0,0,Clear,51
2025-06-16,R06,6,0,0,Cloudy,140
2025-06-16,R06,7,0,0,Rain,313
2025-06-16,R06,8,0,0,Cloudy,347
2025-06-16,R06,9,0,0,Cloudy,253
2025-06-16,R06,10,0,0,Clear,150
2025-06-16,R06,11,0,0,Clear,68
2025-06-16,R06,12,0,0,Clear,75
2025-06-16,R06,13,0,0,Clear,79
2025-06-16,R06,14,0,0,Clear,65
2025-06-16,R06,15,0,0,Rain,112
2025-06-16,R06,16,0,0,Cloudy,199
2025-06-16,R06,17,0,0,Clear,339
2025-06-16,R06,18,0,0,Rain,438
2025-06-16,R06,19,0,0,Clear,313
2025-06-16,R06,20,0,0,Clear,181
2025-06-16,R06,21,0,0,Cloudy,91
2025-06-16,R06,22,0,0,Clear,81
2025-06-16,R07,6,0,0,Cloudy,77
2025-06-16,R07,7,0,0,Clear,148
2025-06-16,R07,8,0,0,Clear,204
2025-06-16,R07,9,0,0,Clear,160
2025-06-16,R07,10,0,0,Cloudy,72
2025-06-16,R07,11,0,0,Clear,43
2025-06-16,R07,12,0,0,Cloudy,38
2025-06-16,R07,13,0,0,Cloudy,13
2025-06-16,R07,14,0,0,Cloudy,35
2025-06-16,R07,15,0,0,Clear,90
2025-06-16,R07,16,0,0,Clear,115
2025-06-16,R07,17,0,0,Clear,204
2025-06-16,R07,18,0,0,Clear,255
2025-06-16,R07,19,0,0,Clear,214
2025-06-16,R07,20,0,0,Cloudy,120
2025-06-16,R07,21,0,0,Rain,56
2025-06-16,R07,22,0,0,Rain,23
2025-06-16,R08,6,0,0,Clear,146
2025-06-16,R08,7,0,0,Rain,270
2025-06-16,R08,8,0,0,Cloudy,297
2025-06-16,R08,9,0,0,Cloudy,241
2025-06-16,R08,10,0,0,Cloudy,124
2025-06-16,R08,11,0,0,Cloudy,71
2025-06-16,R08,12,0,0,Cloudy,59
2025-06-16,R08,13,0,0,Cloudy,67
2025-06-16,R08,14,0,0,Cloudy,64
2025-06-16,R08,15,0,0,Cloudy,69
2025-06-16,R08,16,0,0,Clear,154
2025-06-16,R08,17,0,0,Cloudy,268
2025-06-16,R08,18,0,0,Clear,366
2025-06-16,R08,19,0,0,Clear,280
2025-06-16,R08,20,0,0,Cloudy,145
2025-06-16,R08,21,0,0,Cloudy,87
2025-06-16,R08,22,0,0,Cloudy,51
2025-06-17,R01,6,1,0,Clear,141
2025-06-17,R01,7,1,0,Cloudy,206
2025-06-17,R01,8,1,0,Cloudy,282
2025-06-17,R01,9,1,0,Cloudy,211
2025-06-17,R01,10,1,0,Clear,104
2025-06-17,R01,11,1,0,Clear,59
2025-06-17,R01,12,1,0,Rain,57
2025-06-17,R01,13,1,0,Clear,45
2025-06-17,R01,14,1,0,Cloudy,71
2025-06-17,R01,15,1,0,Cloudy,64
2025-06-17,R01,16,1,0,Cloudy,139
2025-06-17,R01,17,1,0,Clear,273
2025-06-17,R01,18,1,0,Clear,354
2025-06-17,R01,19,1,0,Clear,275
2025-06-17,R01,20,1,0,Rain,173
2025-06-17,R01,21,1,0,Rain,100
2025-06-17,R01,22,1,0,Cloudy,68
2025-06-17,R02,6,1,0,Clear,161
2025-06-17,R02,7,1,0,Clear,274
2025-06-17,R02,8,1,0,Clear,357
2025-06-17,R02,9,1,0,Rain,296
2025-06-17,R02,10,1,0,Clear,130
2025-06-17,R02,11,1,0,Clear,82
2025-06-17,R02,12,1,0,Clear,84
2025-06-17,R02,13,1,0,Rain,38
2025-06-17,R02,14,1,0,Clear,83
2025-06-17,R02,15,1,0,Clear,98
2025-06-17,R02,16,1,0,Cloudy,183
2025-06-17,R02,17,1,0,Clear,324
2025-06-17,R02,18,1,0,Cloudy,365
2025-06-17,R02,19,1,0,Cloudy,299
2025-06-17,R02,20,1,0,Clear,190
2025-06-17,R02,21,1,0,Clear,84
2025-06-17,R02,22,1,0,Clear,67
2025-06-17,R03,6,1,0,Cloudy,100
2025-06-17,R03,7,1,0,Clear,196
2025-06-17,R03,8,1,0,Cloudy,232
2025-06-17,R03,9,1,0,Clear,182
2025-06-17,R03,10,1,0,Cloudy,95
2025-06-17,R03,11,1,0,Clear,39
2025-06-17,R03,12,1,0,Cloudy,57
2025-06-17,R03,13,1,0,Clear,47
2025-06-17,R03,14,1,0,Cloudy,45
2025-06-17,R03,15,1,0,Clear,68
2025-06-17,R03,16,1,0,Clear,124
2025-06-17,R03,17,1,0,Cloudy,217
2025-06-17,R03,18,1,0,Cloudy,255
2025-06-17,R03,19,1,0,Rain,229
2025-06-17,R03,20,1,0,Cloudy,110
2025-06-17,R03,21,1,0,Clear,49
2025-06-17,R03,22,1,0,Cloudy,64
2025-06-17,R04,6,1,0,Clear,162
2025-06-17,R04,7,1,0,Clear,328
2025-06-17,R04,8,1,0,Clear,394
2025-06-17,R04,9,1,0,Cloudy,283
2025-06-17,R04,10,1,0,Clear,161
2025-06-17,R04,11,1,0,Clear,92
2025-06-17,R04,12,1,0,Cloudy,56
2025-06-17,R04,13,1,0,Clear,55
2025-06-17,R04,14,1,0,Rain,98
2025-06-17,R04,15,1,0,Clear,104
2025-06-17,R04,16,1,0,Clear,230
2025-06-17,R04,17,1,0,Cloudy,347
2025-06-17,R04,18,1,0,Rain,483
2025-06-17,R04,19,1,0,Rain,426
2025-06-17,R04,20,1,0,Clear,222
2025-06-17,R04,21,1,0,Cloudy,83
2025-06-17,R04,22,1,0,Clear,67
2025-06-17,R05,6,1,0,Clear,74
2025-06-17,R05,7,1,0,Clear,212
2025-06-17,R05,8,1,0,Cloudy,285
2025-06-17,R05,9,1,0,Cloudy,179
2025-06-17,R05,10,1,0,Clear,120
2025-06-17,R05,11,1,0,Clear,95
2025-06-17,R05,12,1,0,Cloudy,46
2025-06-17,R05,13,1,0,Cloudy,51
2025-06-17,R05,14,1,0,Cloudy,45
2025-06-17,R05,15,1,0,Clear,67
2025-06-17,R05,16,1,0,Cloudy,148
2025-06-17,R05,17,1,0,Cloudy,250
2025-06-17,R05,18,1,0,Rain,350
2025-06-17,R05,19,1,0,Clear,247
2025-06-17,R05,20,1,0,Clear,152
2025-06-17,R05,21,1,0,Clear,57
2025-06-17,R05,22,1,0,Clear,62
2025-06-17,R06,6,1,0,Clear,140
2025-06-17,R06,7,1,0,Cloudy,254
2025-06-17,R06,8,1,0,Clear,383
2025-06-17,R06,9,1,0,Cloudy,233
2025-06-17,R06,10,1,0,Clear,148
2025-06-17,R06,11,1,0,Cloudy,59
2025-06-17,R06,12,1,0,Clear,69
2025-06-17,R06,13,1,0,Cloudy,52
2025-06-17,R06,14,1,0,Cloudy,49
2025-06-17,R06,15,1,0,Rain,106
2025-06-17,R06,16,1,0,Clear,179
2025-06-17,R06,17,1,0,Clear,322
2025-06-17,R06,18,1,0,Cloudy,395
2025-06-17,R06,19,1,0,Clear,314
2025-06-17,R06,20,1,0,Clear,162
2025-06-17,R06,21,1,0,Cloudy,98
2025-06-17,R06,22,1,0,Cloudy,64
2025-06-17,R07,6,1,0,Clear,77
2025-06-17,R07,7,1,0,Rain,188
2025-06-17,R07,8,1,0,Rain,252
2025-06-17,R07,9,1,0,Clear,162
2025-06-17,R07,10,1,0,Clear,87
2025-06-17,R07,11,1,0,Rain,37
2025-06-17,R07,12,1,0,Clear,19
2025-06-17,R07,13,1,0,Clear,36
2025-06-17,R07,14,1,0,Rain,21
2025-06-17,R07,15,1,0,Cloudy,29
2025-06-17,R07,16,1,0,Cloudy,109
2025-06-17,R07,17,1,0,Clear,173
2025-06-17,R07,18,1,0,Clear,243
2025-06-17,R07,19,1,0,Clear,209
2025-06-17,R07,20,1,0,Clear,115
2025-06-17,R07,21,1,0,Clear,37
2025-06-17,R07,22,1,0,Clear,70
2025-06-17,R08,6,1,0,Clear,133
2025-06-17,R08,7,1,0,Clear,248
2025-06-17,R08,8,1,0,Clear,316
2025-06-17,R08,9,1,0,Cloudy,224
2025-06-17,R08,10,1,0,Cloudy,110
2025-06-17,R08,11,1,0,Clear,40
2025-06-17,R08,12,1,0,Clear,40
2025-06-17,R08,13,1,0,Cloudy,50
2025-06-17,R08,14,1,0,Cloudy,63
2025-06-17,R08,15,1,0,Cloudy,70
2025-06-17,R08,16,1,0,Clear,172
2025-06-17,R08,17,1,0,Clear,289
2025-06-17,R08,18,1,0,Clear,360
2025-06-17,R08,19,1,0,Clear,306
2025-06-17,R08,20,1,0,Cloudy,162
2025-06-17,R08,21,1,0,Clear,95
2025-06-17,R08,22,1,0,Rain,99
2025-06-18,R01,6,2,0,Clear,107
2025-06-18,R01,7,2,0,Clear,237
2025-06-18,R01,8,2,0,Clear,296
2025-06-18,R01,9,2,0,Rain,255
2025-06-18,R01,10,2,0,Clear,122
2025-06-18,R01,11,2,0,Clear,71
2025-06-18,R01,12,2,0,Clear,48
2025-06-18,R01,13,2,0,Rain,57
2025-06-18,R01,14,2,0,Cloudy,67
2025-06-18,R01,15,2,0,Clear,72
2025-06-18,R01,16,2,0,Clear,146
2025-06-18,R01,17,2,0,Clear,273
2025-06-18,R01,18,2,0,Cloudy,313
2025-06-18,R01,19,2,0,Cloudy,247
2025-06-18,R01,20,2,0,Rain,174
2025-06-18,R01,21,2,0,Clear,86
2025-06-18,R01,22,2,0,Clear,84
2025-06-18,R02,6,2,0,Cloudy,167
2025-06-18,R02,7,2,0,Clear,303
2025-06-18,R02,8,2,0,Cloudy,326
2025-06-18,R02,9,2,0,Clear,279
2025-06-18,R02,10,2,0,Clear,147
2025-06-18,R02,11,2,0,Clear,76
2025-06-18,R02,12,2,0,Clear,69
2025-06-18,R02,13,2,0,Clear,59
2025-06-18,R02,14,2,0,Rain,74
2025-06-18,R02,15,2,0,Cloudy,89
2025-06-18,R02,16,2,0,Rain,199
2025-06-18,R02,17,2,0,Rain,339
2025-06-18,R02,18,2,0,Cloudy,376
2025-06-18,R02,19,2,0,Clear,322
2025-06-18,R02,20,2,0,Cloudy,161
2025-06-18,R02,21,2,0,Cloudy,88
2025-06-18,R02,22,2,0,Clear,52
2025-06-18,R03,6,2,0,Clear,102
2025-06-18,R03,7,2,0,Rain,218
2025-06-18,R03,8,2,0,Cloudy,219
2025-06-18,R03,9,2,0,Cloudy,185
2025-06-18,R03,10,2,0,Cloudy,93
2025-06-18,R03,11,2,0,Clear,50
2025-06-18,R03,12,2,0,Clear,34
2025-06-18,R03,13,2,0,Clear,40
2025-06-18,R03,14,2,0,Clear,57
2025-06-18,R03,15,2,0,Clear,71
2025-06-18,R03,16,2,0,Rain,126
2025-06-18,R03,17,2,0,Rain,248
2025-06-18,R03,18,2,0,Clear,272
2025-06-18,R03,19,2,0,Clear,206
2025-06-18,R03,20,2,0,Rain,121
2025-06-18,R03,21,2,0,Cloudy,44
2025-06-18,R03,22,2,0,Clear,58
2025-06-18,R04,6,2,0,Clear,149
2025-06-18,R04,7,2,0,Cloudy,284
2025-06-18,R04,8,2,0,Clear,396
2025-06-18,R04,9,2,0,Cloudy,292
2025-06-18,R04,10,2,0,Clear,167
2025-06-18,R04,11,2,0,Cloudy,69
2025-06-18,R04,12,2,0,Cloudy,73
2025-06-18,R04,13,2,0,Cloudy,62
2025-06-18,R04,14,2,0,Clear,77
2025-06-18,R04,15,2,0,Clear,109
2025-06-18,R04,16,2,0,Clear,205
2025-06-18,R04,17,2,0,Rain,411
2025-06-18,R04,18,2,0,Clear,456
2025-06-18,R04,19,2,0,Clear,401
2025-06-18,R04,20,2,0,Clear,227
2025-06-18,R04,21,2,0,Clear,87
2025-06-18,R04,22,2,0,Clear,75
2025-06-18,R05,6,2,0,Clear,133
2025-06-18,R05,7,2,0,Clear,213
2025-06-18,R05,8,2,0,Cloudy,253
2025-06-18,R05,9,2,0,Clear,199
2025-06-18,R05,10,2,0,Clear,98
2025-06-18,R05,11,2,0,Rain,79
2025-06-18,R05,12,2,0,Clear,52
2025-06-18,R05,13,2,0,Clear,21
2025-06-18,R05,14,2,0,Clear,68
2025-06-18,R05,15,2,0,Clear,93
2025-06-18,R05,16,2,0,Clear,143
2025-06-18,R05,17,2,0,Clear,254
2025-06-18,R05,18,2,0,Rain,364
2025-06-18,R05,19,2,0,Clear,251
2025-06-18,R05,20,2,0,Rain,137
2025-06-18,R05,21,2,0,Clear,87
2025-06-18,R05,22,2,0,Clear,70
2025-06-18,R06,6,2,0,Clear,153
2025-06-18,R06,7,2,0,Clear,269
2025-06-18,R06,8,2,0,Cloudy,358
2025-06-18,R06,9,2,0,Clear,277
2025-06-18,R06,10,2,0,Cloudy,130
2025-06-18,R06,11,2,0,Cloudy,79
2025-06-18,R06,12,2,0,Cloudy,59
2025-06-18,R06,13,2,0,Clear,74
2025-06-18,R06,14,2,0,Clear,101
2025-06-18,R06,15,2,0,Clear,88
2025-06-18,R06,16,2,0,Cloudy,192
2025-06-18,R06,17,2,0,Cloudy,310
2025-06-18,R06,18,2,0,Cloudy,396
2025-06-18,R06,19,2,0,Clear,337
2025-06-18,R06,20,2,0,Rain,204
2025-06-18,R06,21,2,0,Cloudy,106
2025-06-18,R06,22,2,0,Clear,65
2025-06-18,R07,6,2,0,Clear,76
2025-06-18,R07,7,2,0,Cloudy,164
2025-06-18,R07,8,2,0,Clear,197
2025-06-18,R07,9,2,0,Clear,173
2025-06-18,R07,10,2,0,Clear,87
2025-06-18,R07,11,2,0,Cloudy,46
2025-06-18,R07,12,2,0,Clear,25
2025-06-18,R07,13,2,0,Clear,40
2025-06-18,R07,14,2,0,Clear,35
2025-06-18,R07,15,2,0,Clear,79
2025-06-18,R07,16,2,0,Clear,94
2025-06-18,R07,17,2,0,Cloudy,196
2025-06-18,R07,18,2,0,Cloudy,239
2025-06-18,R07,19,2,0,Clear,199
2025-06-18,R07,20,2,0,Cloudy,124
2025-06-18,R07,21,2,0,Clear,55
2025-06-18,R07,22,2,0,Rain,43
2025-06-18,R08,6,2,0,Clear,140
2025-06-18,R08,7,2,0,Clear,246
2025-06-18,R08,8,2,0,Clear,291
2025-06-18,R08,9,2,0,Cloudy,217
2025-06-18,R08,10,2,0,Cloudy,109
2025-06-18,R08,11,2,0,Cloudy,79
2025-06-18,R08,12,2,0,Rain,64
2025-06-18,R08,13,2,0,Clear,67
2025-06-18,R08,14,2,0,Cloudy,70
2025-06-18,R08,15,2,0,Cloudy,80
2025-06-18,R08,16,2,0,Clear,173
2025-06-18,R08,17,2,0,Cloudy,260
2025-06-18,R08,18,2,0,Rain,390
2025-06-18,R08,19,2,0,Clear,291
2025-06-18,R08,20,2,0,Clear,169
2025-06-18,R08,21,2,0,Cloudy,64
2025-06-18,R08,22,2,0,Cloudy,55
2025-06-19,R01,6,3,0,Clear,110
2025-06-19,R01,7,3,0,Clear,255
2025-06-19,R01,8,3,0,Cloudy,273
2025-06-19,R01,9,3,0,Clear,236
2025-06-19,R01,10,3,0,Clear,130
2025-06-19,R01,11,3,0,Clear,68
2025-06-19,R01,12,3,0,Clear,59
2025-06-19,R01,13,3,0,Clear,56
2025-06-19,R01,14,3,0,Cloudy,57
2025-06-19,R01,15,3,0,Clear,99
2025-06-19,R01,16,3,0,Clear,154
2025-06-19,R01,17,3,0,Clear,256
2025-06-19,R01,18,3,0,Rain,373
2025-06-19,R01,19,3,0,Cloudy,237
2025-06-19,R01,20,3,0,Clear,152
2025-06-19,R01,21,3,0,Clear,74
2025-06-19,R01,22,3,0,Clear,53
2025-06-19,R02,6,3,0,Clear,149
2025-06-19,R02,7,3,0,Clear,273
2025-06-19,R02,8,3,0,Clear,339
2025-06-19,R02,9,3,0,Clear,228
2025-06-19,R02,10,3,0,Cloudy,126
2025-06-19,R02,11,3,0,Clear,91
2025-06-19,R02,12,3,0,Clear,70
2025-06-19,R02,13,3,0,Clear,42
2025-06-19,R02,14,3,0,Clear,48
2025-06-19,R02,15,3,0,Rain,98
2025-06-19,R02,16,3,0,Cloudy,146
2025-06-19,R02,17,3,0,Cloudy,281
2025-06-19,R02,18,3,0,Clear,391
2025-06-19,R02,19,3,0,Clear,321
2025-06-19,R02,20,3,0,Clear,179
2025-06-19,R02,21,3,0,Clear,93
2025-06-19,R02,22,3,0,Cloudy,56
2025-06-19,R03,6,3,0,Clear,90
2025-06-19,R03,7,3,0,Clear,195
2025-06-19,R03,8,3,0,Clear,248
2025-06-19,R03,9,3,0,Cloudy,172
2025-06-19,R03,10,3,0,Cloudy,77
2025-06-19,R03,11,3,0,Cloudy,42
2025-06-19,R03,12,3,0,Clear,42
2025-06-19,R03,13,3,0,Cloudy,37
2025-06-19,R03,14,3,0,Clear,54
2025-06-19,R03,15,3,0,Rain,63
2025-06-19,R03,16,3,0,Clear,132
2025-06-19,R03,17,3,0,Clear,219
2025-06-19,R03,18,3,0,Clear,298
2025-06-19,R03,19,3,0,Clear,218
2025-06-19,R03,20,3,0,Cloudy,110
2025-06-19,R03,21,3,0,Rain,90
2025-06-19,R03,22,3,0,Clear,44
2025-06-19,R04,6,3,0,Clear,168
2025-06-19,R04,7,3,0,Rain,313
2025-06-19,R04,8,3,0,Rain,444
2025-06-19,R04,9,3,0,Clear,296
2025-06-19,R04,10,3,0,Cloudy,138
2025-06-19,R04,11,3,0,Cloudy,95
2025-06-19,R04,12,3,0,Cloudy,57
2025-06-19,R04,13,3,0,Rain,65
2025-06-19,R04,14,3,0,Rain,67
2025-06-19,R04,15,3,0,Clear,102
2025-06-19,R04,16,3,0,Clear,197
2025-06-19,R04,17,3,0,Clear,371
2025-06-19,R04,18,3,0,Clear,435
2025-06-19,R04,19,3,0,Rain,390
2025-06-19,R04,20,3,0,Cloudy,186
2025-06-19,R04,21,3,0,Clear,115
2025-06-19,R04,22,3,0,Rain,94
2025-06-19,R05,6,3,0,Cloudy,107
2025-06-19,R05,7,3,0,Clear,213
2025-06-19,R05,8,3,0,Cloudy,259
2025-06-19,R05,9,3,0,Cloudy,204
2025-06-19,R05,10,3,0,Clear,122
2025-06-19,R05,11,3,0,Clear,70
2025-06-19,R05,12,3,0,Cloudy,10
2025-06-19,R05,13,3,0,Clear,36
2025-06-19,R05,14,3,0,Clear,27
2025-06-19,R05,15,3,0,Clear,79
2025-06-19,R05,16,3,0,Clear,129
2025-06-19,R05,17,3,0,Rain,285
2025-06-19,R05,18,3,0,Clear,315
2025-06-19,R05,19,3,0,Cloudy,238
2025-06-19,R05,20,3,0,Cloudy,133
2025-06-19,R05,21,3,0,Clear,87
2025-06-19,R05,22,3,0,Cloudy,56
2025-06-19,R06,6,3,0,Clear,136
2025-06-19,R06,7,3,0,Cloudy,268
2025-06-19,R06,8,3,0,Cloudy,341
2025-06-19,R06,9,3,0,Cloudy,280
2025-06-19,R06,10,3,0,Cloudy,158
2025-06-19,R06,11,3,0,Cloudy,77
2025-06-19,R06,12,3,0,Clear,93
2025-06-19,R06,13,3,0,Clear,54
2025-06-19,R06,14,3,0,Clear,50
2025-06-19,R06,15,3,0,Clear,119
2025-06-19,R06,16,3,0,Clear,180
2025-06-19,R06,17,3,0,Cloudy,295
2025-06-19,R06,18,3,0,Clear,400
2025-06-19,R06,19,3,0,Cloudy,307
2025-06-19,R06,20,3,0,Cloudy,155
2025-06-19,R06,21,3,0,Clear,96
2025-06-19,R06,22,3,0,Clear,62
2025-06-19,R07,6,3,0,Rain,95
2025-06-19,R07,7,3,0,Clear,132
2025-06-19,R07,8,3,0,Cloudy,192
2025-06-19,R07,9,3,0,Clear,193
2025-06-19,R07,10,3,0,Rain,107
2025-06-19,R07,11,3,0,Clear,29
2025-06-19,R07,12,3,0,Cloudy,25
2025-06-19,R07,13,3,0,Clear,30
2025-06-19,R07,14,3,0,Rain,62
2025-06-19,R07,15,3,0,Clear,53
2025-06-19,R07,16,3,0,Clear,104
2025-06-19,R07,17,3,0,Clear,176
2025-06-19,R07,18,3,0,Clear,230
2025-06-19,R07,19,3,0,Clear,188
2025-06-19,R07,20,3,0,Clear,112
2025-06-19,R07,21,3,0,Clear,46
2025-06-19,R07,22,3,0,Rain,28
2025-06-19,R08,6,3,0,Clear,116
2025-06-19,R08,7,3,0,Cloudy,246
2025-06-19,R08,8,3,0,Cloudy,314
2025-06-19,R08,9,3,0,Cloudy,247
2025-06-19,R08,10,3,0,Clear,126
2025-06-19,R08,11,3,0,Clear,84
2025-06-19,R08,12,3,0,Cloudy,64
2025-06-19,R08,13,3,0,Clear,62
2025-06-19,R08,14,3,0,Clear,56
2025-06-19,R08,15,3,0,Cloudy,88
2025-06-19,R08,16,3,0,Clear,151
2025-06-19,R08,17,3,0,Clear,305
2025-06-19,R08,18,3,0,Cloudy,312
2025-06-19,R08,19,3,0,Clear,289
2025-06-19,R08,20,3,0,Clear,166
2025-06-19,R08,21,3,0,Clear,82
2025-06-19,R08,22,3,0,Cloudy,69
2025-06-20,R01,6,4,0,Rain,115
2025-06-20,R01,7,4,0,Rain,235
2025-06-20,R01,8,4,0,Clear,290
2025-06-20,R01,9,4,0,Rain,228
2025-06-20,R01,10,4,0,Clear,114
2025-06-20,R01,11,4,0,Clear,85
2025-06-20,R01,12,4,0,Clear,63
2025-06-20,R01,13,4,0,Clear,74
2025-06-20,R01,14,4,0,Clear,55
2025-06-20,R01,15,4,0,Clear,92
2025-06-20,R01,16,4,0,Rain,181
2025-06-20,R01,17,4,0,Cloudy,231
2025-06-20,R01,18,4,0,Cloudy,300
2025-06-20,R01,19,4,0,Rain,289
2025-06-20,R01,20,4,0,Rain,199
2025-06-20,R01,21,4,0,Rain,104
2025-06-20,R01,22,4,0,Clear,41
2025-06-20,R02,6,4,0,Rain,177
2025-06-20,R02,7,4,0,Rain,287
2025-06-20,R02,8,4,0,Cloudy,328
2025-06-20,R02,9,4,0,Cloudy,246
2025-06-20,R02,10,4,0,Clear,115
2025-06-20,R02,11,4,0,Clear,99
2025-06-20,R02,12,4,0,Cloudy,72
2025-06-20,R02,13,4,0,Cloudy,54
2025-06-20,R02,14,4,0,Clear,71
2025-06-20,R02,15,4,0,Clear,86
2025-06-20,R02,16,4,0,Cloudy,159
2025-06-20,R02,17,4,0,Cloudy,310
2025-06-20,R02,18,4,0,Cloudy,376
2025-06-20,R02,19,4,0,Clear,342
2025-06-20,R02,20,4,0,Clear,192
2025-06-20,R02,21,4,0,Rain,109
2025-06-20,R02,22,4,0,Rain,85
2025-06-20,R03,6,4,0,Cloudy,99
2025-06-20,R03,7,4,0,Cloudy,182
2025-06-20,R03,8,4,0,Clear,247
2025-06-20,R03,9,4,0,Clear,198
2025-06-20,R03,10,4,0,Clear,97
2025-06-20,R03,11,4,0,Clear,25
2025-06-20,R03,12,4,0,Clear,42
2025-06-20,R03,13,4,0,Cloudy,26
2025-06-20,R03,14,4,0,Clear,10
2025-06-20,R03,15,4,0,Clear,82
2025-06-20,R03,16,4,0,Clear,146
2025-06-20,R03,17,4,0,Clear,207
2025-06-20,R03,18,4,0,Clear,265
2025-06-20,R03,19,4,0,Rain,239
2025-06-20,R03,20,4,0,Clear,114
2025-06-20,R03,21,4,0,Clear,72
2025-06-20,R03,22,4,0,Cloudy,26
2025-06-20,R04,6,4,0,Clear,166
2025-06-20,R04,7,4,0,Clear,316
2025-06-20,R04,8,4,0,Clear,399
2025-06-20,R04,9,4,0,Clear,312
2025-06-20,R04,10,4,0,Clear,153
2025-06-20,R04,11,4,0,Rain,117
2025-06-20,R04,12,4,0,Cloudy,82
2025-06-20,R04,13,4,0,Clear,64
2025-06-20,R04,14,4,0,Clear,85
2025-06-20,R04,15,4,0,Clear,101
2025-06-20,R04,16,4,0,Cloudy,204
2025-06-20,R04,17,4,0,Rain,381
2025-06-20,R04,18,4,0,Clear,458
2025-06-20,R04,19,4,0,Rain,391
2025-06-20,R04,20,4,0,Clear,194
2025-06-20,R04,21,4,0,Clear,94
2025-06-20,R04,22,4,0,Clear,79
2025-06-20,R05,6,4,0,Cloudy,83
2025-06-20,R05,7,4,0,Rain,244
2025-06-20,R05,8,4,0,Clear,272
2025-06-20,R05,9,4,0,Clear,226
2025-06-20,R05,10,4,0,Rain,99
2025-06-20,R05,11,4,0,Clear,63
2025-06-20,R05,12,4,0,Rain,52
2025-06-20,R05,13,4,0,Clear,38
2025-06-20,R05,14,4,0,Clear,40
2025-06-20,R05,15,4,0,Cloudy,80
2025-06-20,R05,16,4,0,Clear,129
2025-06-20,R05,17,4,0,Clear,254
2025-06-20,R05,18,4,0,Clear,293
2025-06-20,R05,19,4,0,Clear,232
2025-06-20,R05,20,4,0,Clear,145
2025-06-20,R05,21,4,0,Rain,87
2025-06-20,R05,22,4,0,Clear,42
2025-06-20,R06,6,4,0,Rain,172
2025-06-20,R06,7,4,0,Clear,298
2025-06-20,R06,8,4,0,Clear,371
2025-06-20,R06,9,4,0,Cloudy,265
2025-06-20,R06,10,4,0,Clear,164
2025-06-20,R06,11,4,0,Cloudy,79
2025-06-20,R06,12,4,0,Cloudy,49
2025-06-20,R06,13,4,0,Clear,72
2025-06-20,R06,14,4,0,Clear,82
2025-06-20,R06,15,4,0,Clear,81
2025-06-20,R06,16,4,0,Cloudy,176
2025-06-20,R06,17,4,0,Cloudy,302
2025-06-20,R06,18,4,0,Cloudy,389
2025-06-20,R06,19,4,0,Rain,365
2025-06-20,R06,20,4,0,Rain,197
2025-06-20,R06,21,4,0,Clear,99
2025-06-20,R06,22,4,0,Clear,73
2025-06-20,R07,6,4,0,Cloudy,88
2025-06-20,R07,7,4,0,Cloudy,176
2025-06-20,R07,8,4,0,Clear,205
2025-06-20,R07,9,4,0,Rain,179
2025-06-20,R07,10,4,0,Clear,86
2025-06-20,R07,11,4,0,Clear,77
2025-06-20,R07,12,4,0,Clear,31
2025-06-20,R07,13,4,0,Clear,34
2025-06-20,R07,14,4,0,Clear,38
2025-06-20,R07,15,4,0,Clear,41
2025-06-20,R07,16,4,0,Clear,116
2025-06-20,R07,17,4,0,Rain,214
2025-06-20,R07,18,4,0,Clear,229
2025-06-20,R07,19,4,0,Clear,199
2025-06-20,R07,20,4,0,Clear,115
2025-06-20,R07,21,4,0,Rain,50
2025-06-20,R07,22,4,0,Clear,47
2025-06-20,R08,6,4,0,Cloudy,101
2025-06-20,R08,7,4,0,Clear,249
2025-06-20,R08,8,4,0,Cloudy,288
2025-06-20,R08,9,4,0,Clear,268
2025-06-20,R08,10,4,0,Clear,146
2025-06-20,R08,11,4,0,Clear,92
2025-06-20,R08,12,4,0,Rain,54
2025-06-20,R08,13,4,0,Cloudy,40
2025-06-20,R08,14,4,0,Cloudy,56
2025-06-20,R08,15,4,0,Clear,80
2025-06-20,R08,16,4,0,Clear,158
2025-06-20,R08,17,4,0,Clear,310
2025-06-20,R08,18,4,0,Clear,377
2025-06-20,R08,19,4,0,Clear,305
2025-06-20,R08,20,4,0,Rain,163
2025-06-20,R08,21,4,0,Rain,102
2025-06-20,R08,22,4,0,Cloudy,54
2025-06-21,R01,6,5,1,Clear,91
2025-06-21,R01,7,5,1,Cloudy,153
2025-06-21,R01,8,5,1,Clear,200
2025-06-21,R01,9,5,1,Clear,169
2025-06-21,R01,10,5,1,Clear,84
2025-06-21,R01,11,5,1,Clear,20
2025-06-21,R01,12,5,1,Clear,31
2025-06-21,R01,13,5,1,Cloudy,23
2025-06-21,R01,14,5,1,Clear,25
2025-06-21,R01,15,5,1,Rain,47
2025-06-21,R01,16,5,1,Cloudy,91
2025-06-21,R01,17,5,1,Clear,174
2025-06-21,R01,18,5,1,Clear,230
2025-06-21,R01,19,5,1,Clear,172
2025-06-21,R01,20,5,1,Clear,111
2025-06-21,R01,21,5,1,Rain,72
2025-06-21,R01,22,5,1,Clear,44
2025-06-21,R02,6,5,1,Clear,97
2025-06-21,R02,7,5,1,Clear,189
2025-06-21,R02,8,5,1,Rain,243
2025-06-21,R02,9,5,1,Clear,159
2025-06-21,R02,10,5,1,Cloudy,99
2025-06-21,R02,11,5,1,Cloudy,52
2025-06-21,R02,12,5,1,Clear,63
2025-06-21,R02,13,5,1,Clear,53
2025-06-21,R02,14,5,1,Clear,40
2025-06-21,R02,15,5,1,Rain,68
2025-06-21,R02,16,5,1,Clear,124
2025-06-21,R02,17,5,1,Clear,212
2025-06-21,R02,18,5,1,Clear,265
2025-06-21,R02,19,5,1,Clear,207
2025-06-21,R02,20,5,1,Cloudy,125
2025-06-21,R02,21,5,1,Clear,70
2025-06-21,R02,22,5,1,Clear,43
2025-06-21,R03,6,5,1,Clear,52
2025-06-21,R03,7,5,1,Clear,124
2025-06-21,R03,8,5,1,Clear,165
2025-06-21,R03,9,5,1,Clear,123
2025-06-21,R03,10,5,1,Cloudy,57
2025-06-21,R03,11,5,1,Cloudy,10
2025-06-21,R03,12,5,1,Cloudy,58
2025-06-21,R03,13,5,1,Clear,17
2025-06-21,R03,14,5,1,Cloudy,33
2025-06-21,R03,15,5,1,Rain,36
2025-06-21,R03,16,5,1,Rain,97
2025-06-21,R03,17,5,1,Clear,153
2025-06-21,R03,18,5,1,Cloudy,168
2025-06-21,R03,19,5,1,Clear,147
2025-06-21,R03,20,5,1,Rain,85
2025-06-21,R03,21,5,1,Clear,76
2025-06-21,R03,22,5,1,Clear,42
2025-06-21,R04,6,5,1,Clear,111
2025-06-21,R04,7,5,1,Clear,200
2025-06-21,R04,8,5,1,Clear,275
2025-06-21,R04,9,5,1,Clear,217
2025-06-21,R04,10,5,1,Clear,97
2025-06-21,R04,11,5,1,Cloudy,37
2025-06-21,R04,12,5,1,Clear,41
2025-06-21,R04,13,5,1,Clear,39
2025-06-21,R04,14,5,1,Clear,32
2025-06-21,R04,15,5,1,Cloudy,58
2025-06-21,R04,16,5,1,Clear,126
2025-06-21,R04,17,5,1,Cloudy,247
2025-06-21,R04,18,5,1,Cloudy,288
2025-06-21,R04,19,5,1,Clear,251
2025-06-21,R04,20,5,1,Cloudy,142
2025-06-21,R04,21,5,1,Cloudy,56
2025-06-21,R04,22,5,1,Clear,57
2025-06-21,R05,6,5,1,Clear,72
2025-06-21,R05,7,5,1,Cloudy,153
2025-06-21,R05,8,5,1,Cloudy,189
2025-06-21,R05,9,5,1,Cloudy,156
2025-06-21,R05,10,5,1,Rain,73
2025-06-21,R05,11,5,1,Clear,40
2025-06-21,R05,12,5,1,Clear,25
2025-06-21,R05,13,5,1,Clear,24
2025-06-21,R05,14,5,1,Clear,28
2025-06-21,R05,15,5,1,Clear,60
2025-06-21,R05,16,5,1,Cloudy,84
2025-06-21,R05,17,5,1,Clear,161
2025-06-21,R05,18,5,1,Clear,203
2025-06-21,R05,19,5,1,Clear,155
2025-06-21,R05,20,5,1,Clear,90
2025-06-21,R05,21,5,1,Rain,71
2025-06-21,R05,22,5,1,Clear,62
2025-06-21,R06,6,5,1,Clear,97
2025-06-21,R06,7,5,1,Clear,207
2025-06-21,R06,8,5,1,Clear,268
2025-06-21,R06,9,5,1,Clear,205
2025-06-21,R06,10,5,1,Rain,89
2025-06-21,R06,11,5,1,Clear,50
2025-06-21,R06,12,5,1,Clear,62
2025-06-21,R06,13,5,1,Clear,53
2025-06-21,R06,14,5,1,Clear,59
2025-06-21,R06,15,5,1,Clear,68
2025-06-21,R06,16,5,1,Cloudy,126
2025-06-21,R06,17,5,1,Cloudy,210
2025-06-21,R06,18,5,1,Clear,294
2025-06-21,R06,19,5,1,Cloudy,210
2025-06-21,R06,20,5,1,Cloudy,124
2025-06-21,R06,21,5,1,Cloudy,56
2025-06-21,R06,22,5,1,Cloudy,33
2025-06-21,R07,6,5,1,Rain,80
2025-06-21,R07,7,5,1,Clear,125
2025-06-21,R07,8,5,1,Clear,132
2025-06-21,R07,9,5,1,Clear,115
2025-06-21,R07,10,5,1,Clear,73
2025-06-21,R07,11,5,1,Rain,64
2025-06-21,R07,12,5,1,Clear,31
2025-06-21,R07,13,5,1,Clear,38
2025-06-21,R07,14,5,1,Clear,40
2025-06-21,R07,15,5,1,Clear,50
2025-06-21,R07,16,5,1,Clear,53
2025-06-21,R07,17,5,1,Clear,135
2025-06-21,R07,18,5,1,Clear,157
2025-06-21,R07,19,5,1,Clear,119
2025-06-21,R07,20,5,1,Cloudy,57
2025-06-21,R07,21,5,1,Cloudy,29
2025-06-21,R07,22,5,1,Clear,45
2025-06-21,R08,6,5,1,Clear,76
2025-06-21,R08,7,5,1,Cloudy,170
2025-06-21,R08,8,5,1,Rain,259
2025-06-21,R08,9,5,1,Clear,161
2025-06-21,R08,10,5,1,Clear,109
2025-06-21,R08,11,5,1,Cloudy,61
2025-06-21,R08,12,5,1,Rain,39
2025-06-21,R08,13,5,1,Clear,41
2025-06-21,R08,14,5,1,Clear,32
2025-06-21,R08,15,5,1,Cloudy,55
2025-06-21,R08,16,5,1,Clear,152
2025-06-21,R08,17,5,1,Clear,202
2025-06-21,R08,18,5,1,Cloudy,225
2025-06-21,R08,19,5,1,Clear,179
2025-06-21,R08,20,5,1,Clear,120
2025-06-21,R08,21,5,1,Clear,48
2025-06-21,R08,22,5,1,Clear,26
2025-06-22,R01,6,6,1,Clear,87
2025-06-22,R01,7,6,1,Rain,159
2025-06-22,R01,8,6,1,Clear,209
2025-06-22,R01,9,6,1,Clear,132
2025-06-22,R01,10,6,1,Cloudy,85
2025-06-22,R01,11,6,1,Clear,68
2025-06-22,R01,12,6,1,Clear,42
2025-06-22,R01,13,6,1,Clear,48
2025-06-22,R01,14,6,1,Clear,29
2025-06-22,R01,15,6,1,Clear,68
2025-06-22,R01,16,6,1,Clear,110
2025-06-22,R01,17,6,1,Cloudy,174
2025-06-22,R01,18,6,1,Cloudy,228
2025-06-22,R01,19,6,1,Clear,191
2025-06-22,R01,20,6,1,Cloudy,87
2025-06-22,R01,21,6,1,Clear,50
2025-06-22,R01,22,6,1,Clear,59
2025-06-22,R02,6,6,1,Clear,84
2025-06-22,R02,7,6,1,Clear,169
2025-06-22,R02,8,6,1,Clear,244
2025-06-22,R02,9,6,1,Clear,177
2025-06-22,R02,10,6,1,Clear,120
2025-06-22,R02,11,6,1,Cloudy,59
2025-06-22,R02,12,6,1,Clear,38
2025-06-22,R02,13,6,1,Clear,47
2025-06-22,R02,14,6,1,Clear,36
2025-06-22,R02,15,6,1,Cloudy,87
2025-06-22,R02,16,6,1,Clear,126
2025-06-22,R02,17,6,1,Cloudy,199
2025-06-22,R02,18,6,1,Clear,258
2025-06-22,R02,19,6,1,Cloudy,190
2025-06-22,R02,20,6,1,Clear,113
2025-06-22,R02,21,6,1,Clear,57
2025-06-22,R02,22,6,1,Rain,31
2025-06-22,R03,6,6,1,Cloudy,59
2025-06-22,R03,7,6,1,Clear,125
2025-06-22,R03,8,6,1,Clear,168
2025-06-22,R03,9,6,1,Cloudy,78
2025-06-22,R03,10,6,1,Cloudy,54
2025-06-22,R03,11,6,1,Clear,26
2025-06-22,R03,12,6,1,Clear,29
2025-06-22,R03,13,6,1,Clear,26
2025-06-22,R03,14,6,1,Clear,36
2025-06-22,R03,15,6,1,Clear,23
2025-06-22,R03,16,6,1,Clear,92
2025-06-22,R03,17,6,1,Clear,149
2025-06-22,R03,18,6,1,Clear,157
2025-06-22,R03,19,6,1,Clear,146
2025-06-22,R03,20,6,1,Clear,96
2025-06-22,R03,21,6,1,Clear,46
2025-06-22,R03,22,6,1,Cloudy,27
2025-06-22,R04,6,6,1,Clear,102
2025-06-22,R04,7,6,1,Cloudy,173
2025-06-22,R04,8,6,1,Rain,293
2025-06-22,R04,9,6,1,Clear,222
2025-06-22,R04,10,6,1,Cloudy,125
2025-06-22,R04,11,6,1,Clear,47
2025-06-22,R04,12,6,1,Clear,50
2025-06-22,R04,13,6,1,Clear,50
2025-06-22,R04,14,6,1,Clear,46
2025-06-22,R04,15,6,1,Clear,88
2025-06-22,R04,16,6,1,Clear,144
2025-06-22,R04,17,6,1,Rain,254
2025-06-22,R04,18,6,1,Clear,301
2025-06-22,R04,19,6,1,Cloudy,243
2025-06-22,R04,20,6,1,Clear,126
2025-06-22,R04,21,6,1,Cloudy,69
2025-06-22,R04,22,6,1,Clear,52
2025-06-22,R05,6,6,1,Clear,81
2025-06-22,R05,7,6,1,Clear,156
2025-06-22,R05,8,6,1,Cloudy,168
2025-06-22,R05,9,6,1,Clear,170
2025-06-22,R05,10,6,1,Clear,82
2025-06-22,R05,11,6,1,Rain,75
2025-06-22,R05,12,6,1,Clear,28
2025-06-22,R05,13,6,1,Clear,40
2025-06-22,R05,14,6,1,Cloudy,10
2025-06-22,R05,15,6,1,Clear,77
2025-06-22,R05,16,6,1,Clear,104
2025-06-22,R05,17,6,1,Clear,167
2025-06-22,R05,18,6,1,Cloudy,181
2025-06-22,R05,19,6,1,Rain,196
2025-06-22,R05,20,6,1,Rain,102
2025-06-22,R05,21,6,1,Clear,65
2025-06-22,R05,22,6,1,Cloudy,57
2025-06-22,R06,6,6,1,Cloudy,99
2025-06-22,R06,7,6,1,Clear,204
2025-06-22,R06,8,6,1,Clear,243
2025-06-22,R06,9,6,1,Clear,163
2025-06-22,R06,10,6,1,Clear,109
2025-06-22,R06,11,6,1,Clear,66
2025-06-22,R06,12,6,1,Clear,41
2025-06-22,R06,13,6,1,Clear,23
2025-06-22,R06,14,6,1,Clear,40
2025-06-22,R06,15,6,1,Clear,74
2025-06-22,R06,16,6,1,Clear,127
2025-06-22,R06,17,6,1,Clear,226
2025-06-22,R06,18,6,1,Clear,301
2025-06-22,R06,19,6,1,Clear,233
2025-06-22,R06,20,6,1,Rain,171
2025-06-22,R06,21,6,1,Clear,51
2025-06-22,R06,22,6,1,Rain,32
2025-06-22,R07,6,6,1,Clear,68
2025-06-22,R07,7,6,1,Clear,126
2025-06-22,R07,8,6,1,Clear,150
2025-06-22,R07,9,6,1,Rain,154
2025-06-22,R07,10,6,1,Clear,80
2025-06-22,R07,11,6,1,Clear,49
2025-06-22,R07,12,6,1,Cloudy,15
2025-06-22,R07,13,6,1,Cloudy,13
2025-06-22,R07,14,6,1,Clear,45
2025-06-22,R07,15,6,1,Clear,37
2025-06-22,R07,16,6,1,Clear,88
2025-06-22,R07,17,6,1,Clear,129
2025-06-22,R07,18,6,1,Clear,139
2025-06-22,R07,19,6,1,Clear,150
2025-06-22,R07,20,6,1,Rain,92
2025-06-22,R07,21,6,1,Clear,32
2025-06-22,R07,22,6,1,Clear,10
2025-06-22,R08,6,6,1,Cloudy,111
2025-06-22,R08,7,6,1,Clear,182
2025-06-22,R08,8,6,1,Rain,249
2025-06-22,R08,9,6,1,Cloudy,173
2025-06-22,R08,10,6,1,Clear,74
2025-06-22,R08,11,6,1,Cloudy,68
2025-06-22,R08,12,6,1,Clear,10
2025-06-22,R08,13,6,1,Clear,29
2025-06-22,R08,14,6,1,Cloudy,32
2025-06-22,R08,15,6,1,Cloudy,48
2025-06-22,R08,16,6,1,Clear,114
2025-06-22,R08,17,6,1,Clear,212
2025-06-22,R08,18,6,1,Cloudy,216
2025-06-22,R08,19,6,1,Clear,181
2025-06-22,R08,20,6,1,Clear,129
2025-06-22,R08,21,6,1,Cloudy,52
2025-06-22,R08,22,6,1,Rain,37
2025-06-23,R01,6,0,0,Rain,156
2025-06-23,R01,7,0,0,Rain,262
2025-06-23,R01,8,0,0,Clear,280
2025-06-23,R01,9,0,0,Rain,219
2025-06-23,R01,10,0,0,Clear,124
2025-06-23,R01,11,0,0,Cloudy,52
2025-06-23,R01,12,0,0,Clear,65
2025-06-23,R01,13,0,0,Clear,65
2025-06-23,R01,14,0,0,Cloudy,52
2025-06-23,R01,15,0,0,Cloudy,69
2025-06-23,R01,16,0,0,Clear,153
2025-06-23,R01,17,0,0,Clear,265
2025-06-23,R01,18,0,0,Clear,337
2025-06-23,R01,19,0,0,Clear,268
2025-06-23,R01,20,0,0,Cloudy,152
2025-06-23,R01,21,0,0,Clear,78
2025-06-23,R01,22,0,0,Clear,46
2025-06-23,R02,6,0,0,Clear,145
2025-06-23,R02,7,0,0,Clear,260
2025-06-23,R02,8,0,0,Cloudy,341
2025-06-23,R02,9,0,0,Clear,274
2025-06-23,R02,10,0,0,Cloudy,125
2025-06-23,R02,11,0,0,Clear,85
2025-06-23,R02,12,0,0,Clear,70
2025-06-23,R02,13,0,0,Clear,65
2025-06-23,R02,14,0,0,Rain,66
2025-06-23,R02,15,0,0,Clear,108
2025-06-23,R02,16,0,0,Rain,213
2025-06-23,R02,17,0,0,Cloudy,287
2025-06-23,R02,18,0,0,Clear,374
2025-06-23,R02,19,0,0,Cloudy,292
2025-06-23,R02,20,0,0,Clear,190
2025-06-23,R02,21,0,0,Clear,89
2025-06-23,R02,22,0,0,Cloudy,70
2025-06-23,R03,6,0,0,Cloudy,106
2025-06-23,R03,7,0,0,Cloudy,156
2025-06-23,R03,8,0,0,Rain,274
2025-06-23,R03,9,0,0,Clear,185
2025-06-23,R03,10,0,0,Clear,127
2025-06-23,R03,11,0,0,Clear,52
2025-06-23,R03,12,0,0,Clear,35
2025-06-23,R03,13,0,0,Clear,48
2025-06-23,R03,14,0,0,Rain,57
2025-06-23,R03,15,0,0,Cloudy,94
2025-06-23,R03,16,0,0,Clear,122
2025-06-23,R03,17,0,0,Rain,240
2025-06-23,R03,18,0,0,Clear,264
2025-06-23,R03,19,0,0,Clear,223
2025-06-23,R03,20,0,0,Clear,124
2025-06-23,R03,21,0,0,Clear,64
2025-06-23,R03,22,0,0,Cloudy,66
2025-06-23,R04,6,0,0,Cloudy,147
2025-06-23,R04,7,0,0,Clear,312
2025-06-23,R04,8,0,0,Cloudy,390
2025-06-23,R04,9,0,0,Clear,302
2025-06-23,R04,10,0,0,Clear,162
2025-06-23,R04,11,0,0,Cloudy,83
2025-06-23,R04,12,0,0,Cloudy,53
2025-06-23,R04,13,0,0,Clear,67
2025-06-23,R04,14,0,0,Clear,61
2025-06-23,R04,15,0,0,Clear,136
2025-06-23,R04,16,0,0,Clear,202
2025-06-23,R04,17,0,0,Clear,375
2025-06-23,R04,18,0,0,Cloudy,422
2025-06-23,R04,19,0,0,Clear,352
2025-06-23,R04,20,0,0,Clear,205
2025-06-23,R04,21,0,0,Clear,101
2025-06-23,R04,22,0,0,Clear,67
2025-06-23,R05,6,0,0,Cloudy,101
2025-06-23,R05,7,0,0,Clear,221
2025-06-23,R05,8,0,0,Clear,282
2025-06-23,R05,9,0,0,Clear,221
2025-06-23,R05,10,0,0,Cloudy,113
2025-06-23,R05,11,0,0,Clear,69
2025-06-23,R05,12,0,0,Clear,43
2025-06-23,R05,13,0,0,Clear,58
2025-06-23,R05,14,0,0,Clear,43
2025-06-23,R05,15,0,0,Clear,71
2025-06-23,R05,16,0,0,Clear,124
2025-06-23,R05,17,0,0,Clear,244
2025-06-23,R05,18,0,0,Clear,320
2025-06-23,R05,19,0,0,Clear,263
2025-06-23,R05,20,0,0,Cloudy,153
2025-06-23,R05,21,0,0,Rain,73
2025-06-23,R05,22,0,0,Clear,44
2025-06-23,R06,6,0,0,Cloudy,128
2025-06-23,R06,7,0,0,Clear,290
2025-06-23,R06,8,0,0,Clear,351
2025-06-23,R06,9,0,0,Cloudy,282
2025-06-23,R06,10,0,0,Clear,144
2025-06-23,R06,11,0,0,Clear,82
2025-06-23,R06,12,0,0,Rain,76
2025-06-23,R06,13,0,0,Clear,80
2025-06-23,R06,14,0,0,Clear,93
2025-06-23,R06,15,0,0,Clear,105
2025-06-23,R06,16,0,0,Clear,202
2025-06-23,R06,17,0,0,Clear,324
2025-06-23,R06,18,0,0,Clear,433
2025-06-23,R06,19,0,0,Clear,346
2025-06-23,R06,20,0,0,Clear,228
2025-06-23,R06,21,0,0,Cloudy,95
2025-06-23,R06,22,0,0,Clear,61
2025-06-23,R07,6,0,0,Clear,83
2025-06-23,R07,7,0,0,Clear,178
2025-06-23,R07,8,0,0,Clear,230
2025-06-23,R07,9,0,0,Cloudy,181
2025-06-23,R07,10,0,0,Rain,87
2025-06-23,R07,11,0,0,Rain,35
2025-06-23,R07,12,0,0,Clear,37
2025-06-23,R07,13,0,0,Cloudy,24
2025-06-23,R07,14,0,0,Clear,53
2025-06-23,R07,15,0,0,Clear,56
2025-06-23,R07,16,0,0,Clear,107
2025-06-23,R07,17,0,0,Clear,190
2025-06-23,R07,18,0,0,Clear,233
2025-06-23,R07,19,0,0,Rain,196
2025-06-23,R07,20,0,0,Rain,111
2025-06-23,R07,21,0,0,Clear,68
2025-06-23,R07,22,0,0,Rain,32
2025-06-23,R08,6,0,0,Rain,155
2025-06-23,R08,7,0,0,Clear,252
2025-06-23,R08,8,0,0,Clear,335
2025-06-23,R08,9,0,0,Clear,250
2025-06-23,R08,10,0,0,Clear,123
2025-06-23,R08,11,0,0,Clear,62
2025-06-23,R08,12,0,0,Clear,38
2025-06-23,R08,13,0,0,Cloudy,45
2025-06-23,R08,14,0,0,Cloudy,56
2025-06-23,R08,15,0,0,Clear,106
2025-06-23,R08,16,0,0,Clear,179
2025-06-23,R08,17,0,0,Clear,291
2025-06-23,R08,18,0,0,Clear,351
2025-06-23,R08,19,0,0,Clear,302
2025-06-23,R08,20,0,0,Clear,161
2025-06-23,R08,21,0,0,Clear,77
2025-06-23,R08,22,0,0,Clear,69
2025-06-24,R01,6,1,0,Clear,110
2025-06-24,R01,7,1,0,Clear,239
2025-06-24,R01,8,1,0,Clear,270
2025-06-24,R01,9,1,0,Clear,216
2025-06-24,R01,10,1,0,Cloudy,102
2025-06-24,R01,11,1,0,Clear,77
2025-06-24,R01,12,1,0,Cloudy,50
2025-06-24,R01,13,1,0,Cloudy,59
2025-06-24,R01,14,1,0,Cloudy,39
2025-06-24,R01,15,1,0,Clear,91
2025-06-24,R01,16,1,0,Clear,162
2025-06-24,R01,17,1,0,Clear,258
2025-06-24,R01,18,1,0,Clear,321
2025-06-24,R01,19,1,0,Clear,259
2025-06-24,R01,20,1,0,Clear,178
2025-06-24,R01,21,1,0,Cloudy,75
2025-06-24,R01,22,1,0,Clear,41
2025-06-24,R02,6,1,0,Cloudy,124
2025-06-24,R02,7,1,0,Clear,301
2025-06-24,R02,8,1,0,Clear,345
2025-06-24,R02,9,1,0,Clear,265
2025-06-24,R02,10,1,0,Clear,122
2025-06-24,R02,11,1,0,Cloudy,62
2025-06-24,R02,12,1,0,Clear,78
2025-06-24,R02,13,1,0,Cloudy,60
2025-06-24,R02,14,1,0,Rain,62
2025-06-24,R02,15,1,0,Cloudy,121
2025-06-24,R02,16,1,0,Clear,184
2025-06-24,R02,17,1,0,Clear,352
2025-06-24,R02,18,1,0,Clear,376
2025-06-24,R02,19,1,0,Clear,300
2025-06-24,R02,20,1,0,Clear,181
2025-06-24,R02,21,1,0,Cloudy,69
2025-06-24,R02,22,1,0,Cloudy,57
2025-06-24,R03,6,1,0,Clear,107
2025-06-24,R03,7,1,0,Clear,192
2025-06-24,R03,8,1,0,Clear,240
2025-06-24,R03,9,1,0,Cloudy,164
2025-06-24,R03,10,1,0,Clear,112
2025-06-24,R03,11,1,0,Clear,52
2025-06-24,R03,12,1,0,Cloudy,13
2025-06-24,R03,13,1,0,Clear,30
2025-06-24,R03,14,1,0,Cloudy,31
2025-06-24,R03,15,1,0,Cloudy,77
2025-06-24,R03,16,1,0,Clear,113
2025-06-24,R03,17,1,0,Clear,226
2025-06-24,R03,18,1,0,Clear,247
2025-06-24,R03,19,1,0,Clear,228
2025-06-24,R03,20,1,0,Clear,106
2025-06-24,R03,21,1,0,Clear,81
2025-06-24,R03,22,1,0,Cloudy,41
2025-06-24,R04,6,1,0,Clear,173
2025-06-24,R04,7,1,0,Clear,303
2025-06-24,R04,8,1,0,Clear,383
2025-06-24,R04,9,1,0,Clear,285
2025-06-24,R04,10,1,0,Cloudy,128
2025-06-24,R04,11,1,0,Cloudy,75
2025-06-24,R04,12,1,0,Clear,71
2025-06-24,R04,13,1,0,Cloudy,49
2025-06-24,R04,14,1,0,Clear,103
2025-06-24,R04,15,1,0,Clear,127
2025-06-24,R04,16,1,0,Rain,226
2025-06-24,R04,17,1,0,Clear,383
2025-06-24,R04,18,1,0,Clear,444
2025-06-24,R04,19,1,0,Cloudy,325
2025-06-24,R04,20,1,0,Clear,203
2025-06-24,R04,21,1,0,Clear,118
2025-06-24,R04,22,1,0,Rain,73
2025-06-24,R05,6,1,0,Clear,137
2025-06-24,R05,7,1,0,Cloudy,195
2025-06-24,R05,8,1,0,Clear,286
2025-06-24,R05,9,1,0,Clear,212
2025-06-24,R05,10,1,0,Clear,103
2025-06-24,R05,11,1,0,Clear,45
2025-06-24,R05,12,1,0,Clear,62
2025-06-24,R05,13,1,0,Rain,23
2025-06-24,R05,14,1,0,Rain,63
2025-06-24,R05,15,1,0,Clear,67
2025-06-24,R05,16,1,0,Clear,159
2025-06-24,R05,17,1,0,Cloudy,230
2025-06-24,R05,18,1,0,Clear,317
2025-06-24,R05,19,1,0,Clear,261
2025-06-24,R05,20,1,0,Clear,175
2025-06-24,R05,21,1,0,Clear,105
2025-06-24,R05,22,1,0,Clear,44
2025-06-24,R06,6,1,0,Cloudy,130
2025-06-24,R06,7,1,0,Rain,314
2025-06-24,R06,8,1,0,Cloudy,356
2025-06-24,R06,9,1,0,Clear,258
2025-06-24,R06,10,1,0,Clear,175
2025-06-24,R06,11,1,0,Clear,76
2025-06-24,R06,12,1,0,Clear,80
2025-06-24,R06,13,1,0,Cloudy,55
2025-06-24,R06,14,1,0,Cloudy,88
2025-06-24,R06,15,1,0,Clear,94
2025-06-24,R06,16,1,0,Clear,202
2025-06-24,R06,17,1,0,Cloudy,315
2025-06-24,R06,18,1,0,Clear,396
2025-06-24,R06,19,1,0,Clear,329
2025-06-24,R06,20,1,0,Clear,165
2025-06-24,R06,21,1,0,Clear,92
2025-06-24,R06,22,1,0,Clear,75
2025-06-24,R07,6,1,0,Clear,108
2025-06-24,R07,7,1,0,Clear,162
2025-06-24,R07,8,1,0,Clear,244
2025-06-24,R07,9,1,0,Cloudy,170
2025-06-24,R07,10,1,0,Cloudy,70
2025-06-24,R07,11,1,0,Cloudy,45
2025-06-24,R07,12,1,0,Cloudy,44
2025-06-24,R07,13,1,0,Clear,31
2025-06-24,R07,14,1,0,Cloudy,43
2025-06-24,R07,15,1,0,Rain,55
2025-06-24,R07,16,1,0,Clear,110
2025-06-24,R07,17,1,0,Cloudy,201
2025-06-24,R07,18,1,0,Cloudy,216
2025-06-24,R07,19,1,0,Clear,173
2025-06-24,R07,20,1,0,Cloudy,133
2025-06-24,R07,21,1,0,Cloudy,67
2025-06-24,R07,22,1,0,Clear,47
2025-06-24,R08,6,1,0,Clear,156
2025-06-24,R08,7,1,0,Clear,263
2025-06-24,R08,8,1,0,Clear,313
2025-06-24,R08,9,1,0,Rain,303
2025-06-24,R08,10,1,0,Cloudy,130
2025-06-24,R08,11,1,0,Clear,84
2025-06-24,R08,12,1,0,Clear,34
2025-06-24,R08,13,1,0,Clear,42
2025-06-24,R08,14,1,0,Cloudy,41
2025-06-24,R08,15,1,0,Rain,79
2025-06-24,R08,16,1,0,Clear,178
2025-06-24,R08,17,1,0,Rain,313
2025-06-24,R08,18,1,0,Rain,404
2025-06-24,R08,19,1,0,Clear,309
2025-06-24,R08,20,1,0,Clear,160
2025-06-24,R08,21,1,0,Rain,85
2025-06-24,R08,22,1,0,Cloudy,34
2025-06-25,R01,6,2,0,Cloudy,131
2025-06-25,R01,7,2,0,Clear,218
2025-06-25,R01,8,2,0,Clear,315
2025-06-25,R01,9,2,0,Cloudy,220
2025-06-25,R01,10,2,0,Clear,141
2025-06-25,R01,11,2,0,Clear,47
2025-06-25,R01,12,2,0,Clear,63
2025-06-25,R01,13,2,0,Rain,68
2025-06-25,R01,14,2,0,Cloudy,70
2025-06-25,R01,15,2,0,Clear,69
2025-06-25,R01,16,2,0,Clear,146
2025-06-25,R01,17,2,0,Cloudy,270
2025-06-25,R01,18,2,0,Cloudy,289
2025-06-25,R01,19,2,0,Clear,255
2025-06-25,R01,20,2,0,Clear,164
2025-06-25,R01,21,2,0,Clear,74
2025-06-25,R01,22,2,0,Clear,52
2025-06-25,R02,6,2,0,Clear,110
2025-06-25,R02,7,2,0,Clear,291
2025-06-25,R02,8,2,0,Clear,338
2025-06-25,R02,9,2,0,Rain,304
2025-06-25,R02,10,2,0,Clear,160
2025-06-25,R02,11,2,0,Rain,82
2025-06-25,R02,12,2,0,Clear,34
2025-06-25,R02,13,2,0,Cloudy,67
2025-06-25,R02,14,2,0,Clear,90
2025-06-25,R02,15,2,0,Cloudy,102
2025-06-25,R02,16,2,0,Clear,188
2025-06-25,R02,17,2,0,Clear,329
2025-06-25,R02,18,2,0,Cloudy,381
2025-06-25,R02,19,2,0,Clear,316
2025-06-25,R02,20,2,0,Cloudy,194
2025-06-25,R02,21,2,0,Rain,108
2025-06-25,R02,22,2,0,Clear,82
2025-06-25,R03,6,2,0,Cloudy,79
2025-06-25,R03,7,2,0,Clear,186
2025-06-25,R03,8,2,0,Clear,227
2025-06-25,R03,9,2,0,Clear,193
2025-06-25,R03,10,2,0,Rain,94
2025-06-25,R03,11,2,0,Clear,66
2025-06-25,R03,12,2,0,Cloudy,49
2025-06-25,R03,13,2,0,Cloudy,38
2025-06-25,R03,14,2,0,Clear,60
2025-06-25,R03,15,2,0,Cloudy,48
2025-06-25,R03,16,2,0,Cloudy,131
2025-06-25,R03,17,2,0,Cloudy,194
2025-06-25,R03,18,2,0,Rain,289
2025-06-25,R03,19,2,0,Clear,238
2025-06-25,R03,20,2,0,Clear,144
2025-06-25,R03,21,2,0,Cloudy,69
2025-06-25,R03,22,2,0,Cloudy,78
2025-06-25,R04,6,2,0,Clear,188
2025-06-25,R04,7,2,0,Clear,304
2025-06-25,R04,8,2,0,Clear,379
2025-06-25,R04,9,2,0,Cloudy,300
2025-06-25,R04,10,2,0,Clear,167
2025-06-25,R04,11,2,0,Clear,98
2025-06-25,R04,12,2,0,Clear,82
2025-06-25,R04,13,2,0,Cloudy,56
2025-06-25,R04,14,2,0,Cloudy,57
2025-06-25,R04,15,2,0,Clear,118
2025-06-25,R04,16,2,0,Cloudy,204
2025-06-25,R04,17,2,0,Clear,345
2025-06-25,R04,18,2,0,Clear,437
2025-06-25,R04,19,2,0,Cloudy,327
2025-06-25,R04,20,2,0,Cloudy,197
2025-06-25,R04,21,2,0,Clear,109
2025-06-25,R04,22,2,0,Clear,51
2025-06-25,R05,6,2,0,Clear,117
2025-06-25,R05,7,2,0,Clear,221
2025-06-25,R05,8,2,0,Clear,282
2025-06-25,R05,9,2,0,Clear,202
2025-06-25,R05,10,2,0,Cloudy,108
2025-06-25,R05,11,2,0,Clear,84
2025-06-25,R05,12,2,0,Rain,75
2025-06-25,R05,13,2,0,Cloudy,38
2025-06-25,R05,14,2,0,Clear,73
2025-06-25,R05,15,2,0,Rain,78
2025-06-25,R05,16,2,0,Clear,162
2025-06-25,R05,17,2,0,Clear,264
2025-06-25,R05,18,2,0,Clear,315
2025-06-25,R05,19,2,0,Cloudy,246
2025-06-25,R05,20,2,0,Rain,131
2025-06-25,R05,21,2,0,Cloudy,86
2025-06-25,R05,22,2,0,Cloudy,34
2025-06-25,R06,6,2,0,Rain,188
2025-06-25,R06,7,2,0,Cloudy,274
2025-06-25,R06,8,2,0,Rain,386
2025-06-25,R06,9,2,0,Cloudy,281
2025-06-25,R06,10,2,0,Clear,153
2025-06-25,R06,11,2,0,Rain,101
2025-06-25,R06,12,2,0,Cloudy,62
2025-06-25,R06,13,2,0,Clear,95
2025-06-25,R06,14,2,0,Rain,89
2025-06-25,R06,15,2,0,Clear,93
2025-06-25,R06,16,2,0,Clear,188
2025-06-25,R06,17,2,0,Clear,345
2025-06-25,R06,18,2,0,Cloudy,410
2025-06-25,R06,19,2,0,Cloudy,317
2025-06-25,R06,20,2,0,Cloudy,194
2025-06-25,R06,21,2,0,Cloudy,106
2025-06-25,R06,22,2,0,Cloudy,87
2025-06-25,R07,6,2,0,Cloudy,70
2025-06-25,R07,7,2,0,Clear,169
2025-06-25,R07,8,2,0,Cloudy,201
2025-06-25,R07,9,2,0,Clear,169
2025-06-25,R07,10,2,0,Cloudy,75
2025-06-25,R07,11,2,0,Clear,49
2025-06-25,R07,12,2,0,Clear,54
2025-06-25,R07,13,2,0,Clear,13
2025-06-25,R07,14,2,0,Rain,33
2025-06-25,R07,15,2,0,Rain,72
2025-06-25,R07,16,2,0,Cloudy,102
2025-06-25,R07,17,2,0,Clear,199
2025-06-25,R07,18,2,0,Clear,236
2025-06-25,R07,19,2,0,Clear,209
2025-06-25,R07,20,2,0,Clear,97
2025-06-25,R07,21,2,0,Rain,69
2025-06-25,R07,22,2,0,Clear,57
2025-06-25,R08,6,2,0,Clear,139
2025-06-25,R08,7,2,0,Clear,240
2025-06-25,R08,8,2,0,Rain,342
2025-06-25,R08,9,2,0,Clear,255
2025-06-25,R08,10,2,0,Clear,112
2025-06-25,R08,11,2,0,Clear,82
2025-06-25,R08,12,2,0,Cloudy,37
2025-06-25,R08,13,2,0,Cloudy,40
2025-06-25,R08,14,2,0,Clear,87
2025-06-25,R08,15,2,0,Clear,110
2025-06-25,R08,16,2,0,Clear,165
2025-06-25,R08,17,2,0,Clear,314
2025-06-25,R08,18,2,0,Clear,354
2025-06-25,R08,19,2,0,Clear,305
2025-06-25,R08,20,2,0,Clear,189
2025-06-25,R08,21,2,0,Cloudy,76
2025-06-25,R08,22,2,0,Clear,44
2025-06-26,R01,6,3,0,Cloudy,117
2025-06-26,R01,7,3,0,Cloudy,206
2025-06-26,R01,8,3,0,Rain,313
2025-06-26,R01,9,3,0,Clear,214
2025-06-26,R01,10,3,0,Rain,99
2025-06-26,R01,11,3,0,Clear,60
2025-06-26,R01,12,3,0,Clear,49
2025-06-26,R01,13,3,0,Clear,43
2025-06-26,R01,14,3,0,Clear,43
2025-06-26,R01,15,3,0,Rain,103
2025-06-26,R01,16,3,0,Cloudy,151
2025-06-26,R01,17,3,0,Cloudy,236
2025-06-26,R01,18,3,0,Clear,335
2025-06-26,R01,19,3,0,Clear,258
2025-06-26,R01,20,3,0,Clear,167
2025-06-26,R01,21,3,0,Clear,72
2025-06-26,R01,22,3,0,Clear,72
2025-06-26,R02,6,3,0,Clear,157
2025-06-26,R02,7,3,0,Clear,276
2025-06-26,R02,8,3,0,Rain,368
2025-06-26,R02,9,3,0,Clear,266
2025-06-26,R02,10,3,0,Rain,156
2025-06-26,R02,11,3,0,Clear,81
2025-06-26,R02,12,3,0,Clear,80
2025-06-26,R02,13,3,0,Clear,57
2025-06-26,R02,14,3,0,Clear,79
2025-06-26,R02,15,3,0,Rain,90
2025-06-26,R02,16,3,0,Clear,174
2025-06-26,R02,17,3,0,Cloudy,288
2025-06-26,R02,18,3,0,Cloudy,380
2025-06-26,R02,19,3,0,Clear,337
2025-06-26,R02,20,3,0,Cloudy,165
2025-06-26,R02,21,3,0,Clear,86
2025-06-26,R02,22,3,0,Clear,65
2025-06-26,R03,6,3,0,Cloudy,82
2025-06-26,R03,7,3,0,Rain,199
2025-06-26,R03,8,3,0,Clear,237
2025-06-26,R03,9,3,0,Rain,203
2025-06-26,R03,10,3,0,Clear,79
2025-06-26,R03,11,3,0,Clear,48
2025-06-26,R03,12,3,0,Cloudy,65
2025-06-26,R03,13,3,0,Clear,24
2025-06-26,R03,14,3,0,Clear,49
2025-06-26,R03,15,3,0,Clear,67
2025-06-26,R03,16,3,0,Clear,155
2025-06-26,R03,17,3,0,Clear,222
2025-06-26,R03,18,3,0,Clear,293
2025-06-26,R03,19,3,0,Clear,222
2025-06-26,R03,20,3,0,Cloudy,112
2025-06-26,R03,21,3,0,Rain,75
2025-06-26,R03,22,3,0,Cloudy,28
2025-06-26,R04,6,3,0,Rain,183
2025-06-26,R04,7,3,0,Cloudy,283
2025-06-26,R04,8,3,0,Clear,386
2025-06-26,R04,9,3,0,Clear,321
2025-06-26,R04,10,3,0,Clear,160
2025-06-26,R04,11,3,0,Clear,65
2025-06-26,R04,12,3,0,Clear,78
2025-06-26,R04,13,3,0,Rain,87
2025-06-26,R04,14,3,0,Cloudy,102
2025-06-26,R04,15,3,0,Clear,112
2025-06-26,R04,16,3,0,Clear,204
2025-06-26,R04,17,3,0,Cloudy,348
2025-06-26,R04,18,3,0,Clear,432
2025-06-26,R04,19,3,0,Cloudy,334
2025-06-26,R04,20,3,0,Clear,217
2025-06-26,R04,21,3,0,Clear,107
2025-06-26,R04,22,3,0,Cloudy,50
2025-06-26,R05,6,3,0,Clear,111
2025-06-26,R05,7,3,0,Clear,218
2025-06-26,R05,8,3,0,Cloudy,257
2025-06-26,R05,9,3,0,Clear,196
2025-06-26,R05,10,3,0,Rain,96
2025-06-26,R05,11,3,0,Clear,74
2025-06-26,R05,12,3,0,Cloudy,57
2025-06-26,R05,13,3,0,Cloudy,38
2025-06-26,R05,14,3,0,Cloudy,42
2025-06-26,R05,15,3,0,Cloudy,68
2025-06-26,R05,16,3,0,Clear,158
2025-06-26,R05,17,3,0,Clear,258
2025-06-26,R05,18,3,0,Rain,324
2025-06-26,R05,19,3,0,Rain,299
2025-06-26,R05,20,3,0,Clear,148
2025-06-26,R05,21,3,0,Cloudy,61
2025-06-26,R05,22,3,0,Clear,46
2025-06-26,R06,6,3,0,Cloudy,150
2025-06-26,R06,7,3,0,Clear,306
2025-06-26,R06,8,3,0,Clear,366
2025-06-26,R06,9,3,0,Rain,327
2025-06-26,R06,10,3,0,Clear,157
2025-06-26,R06,11,3,0,Cloudy,82
2025-06-26,R06,12,3,0,Clear,90
2025-06-26,R06,13,3,0,Cloudy,48
2025-06-26,R06,14,3,0,Cloudy,62
2025-06-26,R06,15,3,0,Clear,95
2025-06-26,R06,16,3,0,Clear,193
2025-06-26,R06,17,3,0,Clear,318
2025-06-26,R06,18,3,0,Cloudy,388
2025-06-26,R06,19,3,0,Cloudy,307
2025-06-26,R06,20,3,0,Cloudy,173
2025-06-26,R06,21,3,0,Cloudy,111
2025-06-26,R06,22,3,0,Clear,60
2025-06-26,R07,6,3,0,Rain,124
2025-06-26,R07,7,3,0,Cloudy,156
2025-06-26,R07,8,3,0,Clear,182
2025-06-26,R07,9,3,0,Clear,178
2025-06-26,R07,10,3,0,Cloudy,51
2025-06-26,R07,11,3,0,Clear,32
2025-06-26,R07,12,3,0,Cloudy,41
2025-06-26,R07,13,3,0,Cloudy,32
2025-06-26,R07,14,3,0,Clear,50
2025-06-26,R07,15,3,0,Clear,50
2025-06-26,R07,16,3,0,Clear,103
2025-06-26,R07,17,3,0,Clear,188
2025-06-26,R07,18,3,0,Clear,244
2025-06-26,R07,19,3,0,Cloudy,192
2025-06-26,R07,20,3,0,Clear,96
2025-06-26,R07,21,3,0,Clear,75
2025-06-26,R07,22,3,0,Cloudy,66
2025-06-26,R08,6,3,0,Cloudy,125
2025-06-26,R08,7,3,0,Rain,278
2025-06-26,R08,8,3,0,Clear,311
2025-06-26,R08,9,3,0,Clear,264
2025-06-26,R08,10,3,0,Clear,103
2025-06-26,R08,11,3,0,Clear,94
2025-06-26,R08,12,3,0,Cloudy,74
2025-06-26,R08,13,3,0,Clear,41
2025-06-26,R08,14,3,0,Rain,58
2025-06-26,R08,15,3,0,Clear,86
2025-06-26,R08,16,3,0,Clear,181
2025-06-26,R08,17,3,0,Rain,306
2025-06-26,R08,18,3,0,Clear,357
2025-06-26,R08,19,3,0,Clear,304
2025-06-26,R08,20,3,0,Clear,152
2025-06-26,R08,21,3,0,Clear,87
2025-06-26,R08,22,3,0,Rain,69
2025-06-27,R01,6,4,0,Cloudy,100
2025-06-27,R01,7,4,0,Cloudy,214
2025-06-27,R01,8,4,0,Rain,322
2025-06-27,R01,9,4,0,Cloudy,205
2025-06-27,R01,10,4,0,Clear,100
2025-06-27,R01,11,4,0,Clear,44
2025-06-27,R01,12,4,0,Clear,60
2025-06-27,R01,13,4,0,Clear,59
2025-06-27,R01,14,4,0,Clear,51
2025-06-27,R01,15,4,0,Clear,78
2025-06-27,R01,16,4,0,Clear,147
2025-06-27,R01,17,4,0,Clear,286
2025-06-27,R01,18,4,0,Clear,324
2025-06-27,R01,19,4,0,Clear,294
2025-06-27,R01,20,4,0,Rain,158
2025-06-27,R01,21,4,0,Clear,95
2025-06-27,R01,22,4,0,Cloudy,36
2025-06-27,R02,6,4,0,Clear,147
2025-06-27,R02,7,4,0,Clear,250
2025-06-27,R02,8,4,0,Cloudy,314
2025-06-27,R02,9,4,0,Rain,309
2025-06-27,R02,10,4,0,Clear,125
2025-06-27,R02,11,4,0,Clear,98
2025-06-27,R02,12,4,0,Cloudy,70
2025-06-27,R02,13,4,0,Clear,72
2025-06-27,R02,14,4,0,Clear,77
2025-06-27,R02,15,4,0,Rain,126
2025-06-27,R02,16,4,0,Cloudy,175
2025-06-27,R02,17,4,0,Clear,309
2025-06-27,R02,18,4,0,Clear,398
2025-06-27,R02,19,4,0,Cloudy,297
2025-06-27,R02,20,4,0,Clear,200
2025-06-27,R02,21,4,0,Cloudy,89
2025-06-27,R02,22,4,0,Clear,101
2025-06-27,R03,6,4,0,Rain,121
2025-06-27,R03,7,4,0,Clear,173
2025-06-27,R03,8,4,0,Clear,237
2025-06-27,R03,9,4,0,Clear,185
2025-06-27,R03,10,4,0,Clear,117
2025-06-27,R03,11,4,0,Clear,65
2025-06-27,R03,12,4,0,Rain,35
2025-06-27,R03,13,4,0,Cloudy,40
2025-06-27,R03,14,4,0,Cloudy,38
2025-06-27,R03,15,4,0,Clear,77
2025-06-27,R03,16,4,0,Cloudy,131
2025-06-27,R03,17,4,0,Cloudy,224
2025-06-27,R03,18,4,0,Cloudy,267
2025-06-27,R03,19,4,0,Clear,210
2025-06-27,R03,20,4,0,Clear,125
2025-06-27,R03,21,4,0,Clear,80
2025-06-27,R03,22,4,0,Cloudy,63
2025-06-27,R04,6,4,0,Clear,146
2025-06-27,R04,7,4,0,Cloudy,296
2025-06-27,R04,8,4,0,Cloudy,369
2025-06-27,R04,9,4,0,Rain,341
2025-06-27,R04,10,4,0,Clear,174
2025-06-27,R04,11,4,0,Rain,99
2025-06-27,R04,12,4,0,Clear,74
2025-06-27,R04,13,4,0,Clear,56
2025-06-27,R04,14,4,0,Cloudy,70
2025-06-27,R04,15,4,0,Cloudy,100
2025-06-27,R04,16,4,0,Rain,226
2025-06-27,R04,17,4,0,Clear,360
2025-06-27,R04,18,4,0,Cloudy,443
2025-06-27,R04,19,4,0,Clear,374
2025-06-27,R04,20,4,0,Cloudy,180
2025-06-27,R04,21,4,0,Clear,85
2025-06-27,R04,22,4,0,Rain,82
2025-06-27,R05,6,4,0,Clear,130
2025-06-27,R05,7,4,0,Clear,203
2025-06-27,R05,8,4,0,Clear,289
2025-06-27,R05,9,4,0,Rain,194
2025-06-27,R05,10,4,0,Cloudy,97
2025-06-27,R05,11,4,0,Clear,58
2025-06-27,R05,12,4,0,Clear,48
2025-06-27,R05,13,4,0,Clear,50
2025-06-27,R05,14,4,0,Cloudy,31
2025-06-27,R05,15,4,0,Cloudy,56
2025-06-27,R05,16,4,0,Clear,141
2025-06-27,R05,17,4,0,Clear,234
2025-06-27,R05,18,4,0,Clear,308
2025-06-27,R05,19,4,0,Clear,259
2025-06-27,R05,20,4,0,Clear,133
2025-06-27,R05,21,4,0,Clear,70
2025-06-27,R05,22,4,0,Cloudy,52
2025-06-27,R06,6,4,0,Clear,133
2025-06-27,R06,7,4,0,Cloudy,271
2025-06-27,R06,8,4,0,Cloudy,341
2025-06-27,R06,9,4,0,Clear,273
2025-06-27,R06,10,4,0,Clear,168
2025-06-27,R06,11,4,0,Clear,68
2025-06-27,R06,12,4,0,Clear,71
2025-06-27,R06,13,4,0,Clear,70
2025-06-27,R06,14,4,0,Cloudy,52
2025-06-27,R06,15,4,0,Clear,90
2025-06-27,R06,16,4,0,Clear,200
2025-06-27,R06,17,4,0,Cloudy,328
2025-06-27,R06,18,4,0,Clear,418
2025-06-27,R06,19,4,0,Clear,343
2025-06-27,R06,20,4,0,Cloudy,175
2025-06-27,R06,21,4,0,Clear,116
2025-06-27,R06,22,4,0,Clear,49
2025-06-27,R07,6,4,0,Clear,90
2025-06-27,R07,7,4,0,Clear,178
2025-06-27,R07,8,4,0,Cloudy,209
2025-06-27,R07,9,4,0,Cloudy,120
2025-06-27,R07,10,4,0,Clear,98
2025-06-27,R07,11,4,0,Clear,41
2025-06-27,R07,12,4,0,Clear,31
2025-06-27,R07,13,4,0,Clear,41
2025-06-27,R07,14,4,0,Clear,26
2025-06-27,R07,15,4,0,Clear,63
2025-06-27,R07,16,4,0,Cloudy,118
2025-06-27,R07,17,4,0,Cloudy,201
2025-06-27,R07,18,4,0,Clear,264
2025-06-27,R07,19,4,0,Cloudy,186
2025-06-27,R07,20,4,0,Clear,102
2025-06-27,R07,21,4,0,Rain,51
2025-06-27,R07,22,4,0,Clear,70
2025-06-27,R08,6,4,0,Cloudy,121
2025-06-27,R08,7,4,0,Clear,220
2025-06-27,R08,8,4,0,Clear,309
2025-06-27,R08,9,4,0,Clear,242
2025-06-27,R08,10,4,0,Clear,144
2025-06-27,R08,11,4,0,Cloudy,89
2025-06-27,R08,12,4,0,Cloudy,67
2025-06-27,R08,13,4,0,Clear,65
2025-06-27,R08,14,4,0,Clear,83
2025-06-27,R08,15,4,0,Clear,101
2025-06-27,R08,16,4,0,Cloudy,176
2025-06-27,R08,17,4,0,Rain,318
2025-06-27,R08,18,4,0,Clear,348
2025-06-27,R08,19,4,0,Clear,283
2025-06-27,R08,20,4,0,Clear,167
2025-06-27,R08,21,4,0,Clear,115
2025-06-27,R08,22,4,0,Cloudy,51
2025-06-28,R01,6,5,1,Cloudy,65
2025-06-28,R01,7,5,1,Cloudy,180
2025-06-28,R01,8,5,1,Clear,202
2025-06-28,R01,9,5,1,Cloudy,140
2025-06-28,R01,10,5,1,Clear,65
2025-06-28,R01,11,5,1,Cloudy,23
2025-06-28,R01,12,5,1,Cloudy,48
2025-06-28,R01,13,5,1,Clear,10
2025-06-28,R01,14,5,1,Clear,38
2025-06-28,R01,15,5,1,Clear,75
2025-06-28,R01,16,5,1,Cloudy,91
2025-06-28,R01,17,5,1,Rain,206
2025-06-28,R01,18,5,1,Rain,238
2025-06-28,R01,19,5,1,Clear,210
2025-06-28,R01,20,5,1,Clear,111
2025-06-28,R01,21,5,1,Clear,74
2025-06-28,R01,22,5,1,Clear,39
2025-06-28,R02,6,5,1,Clear,101
2025-06-28,R02,7,5,1,Clear,190
2025-06-28,R02,8,5,1,Clear,231
2025-06-28,R02,9,5,1,Rain,213
2025-06-28,R02,10,5,1,Clear,97
2025-06-28,R02,11,5,1,Rain,68
2025-06-28,R02,12,5,1,Cloudy,60
2025-06-28,R02,13,5,1,Clear,44
2025-06-28,R02,14,5,1,Clear,37
2025-06-28,R02,15,5,1,Rain,90
2025-06-28,R02,16,5,1,Cloudy,124
2025-06-28,R02,17,5,1,Cloudy,198
2025-06-28,R02,18,5,1,Clear,256
2025-06-28,R02,19,5,1,Cloudy,164
2025-06-28,R02,20,5,1,Clear,125
2025-06-28,R02,21,5,1,Clear,65
2025-06-28,R02,22,5,1,Clear,34
2025-06-28,R03,6,5,1,Clear,56
2025-06-28,R03,7,5,1,Clear,117
2025-06-28,R03,8,5,1,Cloudy,152
2025-06-28,R03,9,5,1,Clear,141
2025-06-28,R03,10,5,1,Cloudy,61
2025-06-28,R03,11,5,1,Clear,31
2025-06-28,R03,12,5,1,Clear,14
2025-06-28,R03,13,5,1,Clear,10
2025-06-28,R03,14,5,1,Cloudy,15
2025-06-28,R03,15,5,1,Clear,38
2025-06-28,R03,16,5,1,Rain,86
2025-06-28,R03,17,5,1,Cloudy,144
2025-06-28,R03,18,5,1,Clear,186
2025-06-28,R03,19,5,1,Clear,136
2025-06-28,R03,20,5,1,Clear,89
2025-06-28,R03,21,5,1,Clear,34
2025-06-28,R03,22,5,1,Clear,30
2025-06-28,R04,6,5,1,Clear,96
2025-06-28,R04,7,5,1,Cloudy,200
2025-06-28,R04,8,5,1,Clear,258
2025-06-28,R04,9,5,1,Clear,227
2025-06-28,R04,10,5,1,Clear,102
2025-06-28,R04,11,5,1,Clear,44
2025-06-28,R04,12,5,1,Clear,40
2025-06-28,R04,13,5,1,Cloudy,33
2025-06-28,R04,14,5,1,Clear,24
2025-06-28,R04,15,5,1,Clear,94
2025-06-28,R04,16,5,1,Rain,162
2025-06-28,R04,17,5,1,Rain,274
2025-06-28,R04,18,5,1,Cloudy,282
2025-06-28,R04,19,5,1,Clear,232
2025-06-28,R04,20,5,1,Clear,118
2025-06-28,R04,21,5,1,Clear,72
2025-06-28,R04,22,5,1,Clear,51
2025-06-28,R05,6,5,1,Clear,73
2025-06-28,R05,7,5,1,Clear,175
2025-06-28,R05,8,5,1,Clear,160
2025-06-28,R05,9,5,1,Clear,144
2025-06-28,R05,10,5,1,Clear,50
2025-06-28,R05,11,5,1,Clear,37
2025-06-28,R05,12,5,1,Clear,27
2025-06-28,R05,13,5,1,Cloudy,10
2025-06-28,R05,14,5,1,Cloudy,21
2025-06-28,R05,15,5,1,Cloudy,87
2025-06-28,R05,16,5,1,Rain,104
2025-06-28,R05,17,5,1,Clear,170
2025-06-28,R05,18,5,1,Clear,204
2025-06-28,R05,19,5,1,Clear,190
2025-06-28,R05,20,5,1,Clear,111
2025-06-28,R05,21,5,1,Cloudy,32
2025-06-28,R05,22,5,1,Cloudy,17
2025-06-28,R06,6,5,1,Clear,91
2025-06-28,R06,7,5,1,Clear,195
2025-06-28,R06,8,5,1,Cloudy,226
2025-06-28,R06,9,5,1,Clear,194
2025-06-28,R06,10,5,1,Cloudy,109
2025-06-28,R06,11,5,1,Cloudy,39
2025-06-28,R06,12,5,1,Cloudy,17
2025-06-28,R06,13,5,1,Clear,49
2025-06-28,R06,14,5,1,Clear,34
2025-06-28,R06,15,5,1,Clear,72
2025-06-28,R06,16,5,1,Clear,133
2025-06-28,R06,17,5,1,Clear,243
2025-06-28,R06,18,5,1,Clear,284
2025-06-28,R06,19,5,1,Clear,228
2025-06-28,R06,20,5,1,Cloudy,121
2025-06-28,R06,21,5,1,Clear,95
2025-06-28,R06,22,5,1,Rain,76
2025-06-28,R07,6,5,1,Clear,60
2025-06-28,R07,7,5,1,Cloudy,99
2025-06-28,R07,8,5,1,Cloudy,125
2025-06-28,R07,9,5,1,Cloudy,109
2025-06-28,R07,10,5,1,Cloudy,76
2025-06-28,R07,11,5,1,Rain,43
2025-06-28,R07,12,5,1,Cloudy,42
2025-06-28,R07,13,5,1,Rain,36
2025-06-28,R07,14,5,1,Clear,10
2025-06-28,R07,15,5,1,Cloudy,66
2025-06-28,R07,16,5,1,Clear,77
2025-06-28,R07,17,5,1,Clear,155
2025-06-28,R07,18,5,1,Clear,180
2025-06-28,R07,19,5,1,Clear,110
2025-06-28,R07,20,5,1,Clear,74
2025-06-28,R07,21,5,1,Cloudy,26
2025-06-28,R07,22,5,1,Clear,15
2025-06-28,R08,6,5,1,Cloudy,89
2025-06-28,R08,7,5,1,Cloudy,123
2025-06-28,R08,8,5,1,Cloudy,215
2025-06-28,R08,9,5,1,Clear,153
2025-06-28,R08,10,5,1,Clear,71
2025-06-28,R08,11,5,1,Clear,49
2025-06-28,R08,12,5,1,Cloudy,45
2025-06-28,R08,13,5,1,Clear,52
2025-06-28,R08,14,5,1,Clear,64
2025-06-28,R08,15,5,1,Clear,81
2025-06-28,R08,16,5,1,Rain,132
2025-06-28,R08,17,5,1,Clear,209
2025-06-28,R08,18,5,1,Clear,260
2025-06-28,R08,19,5,1,Rain,203
2025-06-28,R08,20,5,1,Clear,113
2025-06-28,R08,21,5,1,Clear,78
2025-06-28,R08,22,5,1,Clear,29
2025-06-29,R01,6,6,1,Clear,61
2025-06-29,R01,7,6,1,Clear,142
2025-06-29,R01,8,6,1,Clear,189
2025-06-29,R01,9,6,1,Clear,155
2025-06-29,R01,10,6,1,Cloudy,85
2025-06-29,R01,11,6,1,Cloudy,55
2025-06-29,R01,12,6,1,Cloudy,40
2025-06-29,R01,13,6,1,Clear,54
2025-06-29,R01,14,6,1,Clear,29
2025-06-29,R01,15,6,1,Clear,101
2025-06-29,R01,16,6,1,Cloudy,89
2025-06-29,R01,17,6,1,Clear,167
2025-06-29,R01,18,6,1,Clear,224
2025-06-29,R01,19,6,1,Clear,161
2025-06-29,R01,20,6,1,Rain,104
2025-06-29,R01,21,6,1,Clear,69
2025-06-29,R01,22,6,1,Clear,19
2025-06-29,R02,6,6,1,Clear,115
2025-06-29,R02,7,6,1,Clear,170
2025-06-29,R02,8,6,1,Cloudy,235
2025-06-29,R02,9,6,1,Rain,192
2025-06-29,R02,10,6,1,Clear,107
2025-06-29,R02,11,6,1,Rain,59
2025-06-29,R02,12,6,1,Clear,52
2025-06-29,R02,13,6,1,Rain,20
2025-06-29,R02,14,6,1,Cloudy,38
2025-06-29,R02,15,6,1,Clear,81
2025-06-29,R02,16,6,1,Clear,122
2025-06-29,R02,17,6,1,Cloudy,193
2025-06-29,R02,18,6,1,Cloudy,230
2025-06-29,R02,19,6,1,Clear,204
2025-06-29,R02,20,6,1,Clear,143
2025-06-29,R02,21,6,1,Clear,72
2025-06-29,R02,22,6,1,Rain,14
2025-06-29,R03,6,6,1,Cloudy,74
2025-06-29,R03,7,6,1,Clear,122
2025-06-29,R03,8,6,1,Clear,156
2025-06-29,R03,9,6,1,Cloudy,130
2025-06-29,R03,10,6,1,Clear,82
2025-06-29,R03,11,6,1,Cloudy,27
2025-06-29,R03,12,6,1,Clear,37
2025-06-29,R03,13,6,1,Rain,36
2025-06-29,R03,14,6,1,Cloudy,10
2025-06-29,R03,15,6,1,Rain,53
2025-06-29,R03,16,6,1,Clear,85
2025-06-29,R03,17,6,1,Clear,132
2025-06-29,R03,18,6,1,Clear,194
2025-06-29,R03,19,6,1,Clear,135
2025-06-29,R03,20,6,1,Clear,76
2025-06-29,R03,21,6,1,Cloudy,83
2025-06-29,R03,22,6,1,Clear,21
2025-06-29,R04,6,6,1,Clear,106
2025-06-29,R04,7,6,1,Clear,188
2025-06-29,R04,8,6,1,Rain,265
2025-06-29,R04,9,6,1,Cloudy,225
2025-06-29,R04,10,6,1,Clear,131
2025-06-29,R04,11,6,1,Clear,32
2025-06-29,R04,12,6,1,Clear,86
2025-06-29,R04,13,6,1,Clear,73
2025-06-29,R04,14,6,1,Clear,54
2025-06-29,R04,15,6,1,Clear,62
2025-06-29,R04,16,6,1,Clear,160
2025-06-29,R04,17,6,1,Cloudy,243
2025-06-29,R04,18,6,1,Cloudy,317
2025-06-29,R04,19,6,1,Clear,276
2025-06-29,R04,20,6,1,Clear,141
2025-06-29,R04,21,6,1,Clear,76
2025-06-29,R04,22,6,1,Clear,38
2025-06-29,R05,6,6,1,Rain,74
2025-06-29,R05,7,6,1,Cloudy,136
2025-06-29,R05,8,6,1,Rain,216
2025-06-29,R05,9,6,1,Clear,117
2025-06-29,R05,10,6,1,Rain,116
2025-06-29,R05,11,6,1,Clear,31
2025-06-29,R05,12,6,1,Clear,32
2025-06-29,R05,13,6,1,Clear,46
2025-06-29,R05,14,6,1,Cloudy,36
2025-06-29,R05,15,6,1,Rain,65
2025-06-29,R05,16,6,1,Cloudy,94
2025-06-29,R05,17,6,1,Clear,157
2025-06-29,R05,18,6,1,Cloudy,219
2025-06-29,R05,19,6,1,Cloudy,172
2025-06-29,R05,20,6,1,Cloudy,85
2025-06-29,R05,21,6,1,Rain,54
2025-06-29,R05,22,6,1,Cloudy,25
2025-06-29,R06,6,6,1,Cloudy,107
2025-06-29,R06,7,6,1,Cloudy,159
2025-06-29,R06,8,6,1,Clear,237
2025-06-29,R06,9,6,1,Clear,188
2025-06-29,R06,10,6,1,Clear,98
2025-06-29,R06,11,6,1,Clear,42
2025-06-29,R06,12,6,1,Clear,45
2025-06-29,R06,13,6,1,Clear,21
2025-06-29,R06,14,6,1,Clear,58
2025-06-29,R06,15,6,1,Clear,92
2025-06-29,R06,16,6,1,Rain,149
2025-06-29,R06,17,6,1,Clear,215
2025-06-29,R06,18,6,1,Clear,290
2025-06-29,R06,19,6,1,Clear,224
2025-06-29,R06,20,6,1,Clear,136
2025-06-29,R06,21,6,1,Cloudy,66
2025-06-29,R06,22,6,1,Clear,60
2025-06-29,R07,6,6,1,Rain,69
2025-06-29,R07,7,6,1,Clear,105
2025-06-29,R07,8,6,1,Clear,132
2025-06-29,R07,9,6,1,Cloudy,101
2025-06-29,R07,10,6,1,Clear,73
2025-06-29,R07,11,6,1,Rain,31
2025-06-29,R07,12,6,1,Cloudy,32
2025-06-29,R07,13,6,1,Clear,34
2025-06-29,R07,14,6,1,Cloudy,23
2025-06-29,R07,15,6,1,Rain,40
2025-06-29,R07,16,6,1,Clear,74
2025-06-29,R07,17,6,1,Cloudy,102
2025-06-29,R07,18,6,1,Rain,184
2025-06-29,R07,19,6,1,Clear,125
2025-06-29,R07,20,6,1,Rain,86
2025-06-29,R07,21,6,1,Cloudy,29
2025-06-29,R07,22,6,1,Cloudy,46
2025-06-29,R08,6,6,1,Rain,120
2025-06-29,R08,7,6,1,Cloudy,168
2025-06-29,R08,8,6,1,Clear,187
2025-06-29,R08,9,6,1,Clear,168
2025-06-29,R08,10,6,1,Clear,103
2025-06-29,R08,11,6,1,Clear,82
2025-06-29,R08,12,6,1,Clear,22
2025-06-29,R08,13,6,1,Clear,10
2025-06-29,R08,14,6,1,Clear,35
2025-06-29,R08,15,6,1,Cloudy,48
2025-06-29,R08,16,6,1,Clear,124
2025-06-29,R08,17,6,1,Rain,207
2025-06-29,R08,18,6,1,Cloudy,225
2025-06-29,R08,19,6,1,Clear,195
2025-06-29,R08,20,6,1,Clear,118
2025-06-29,R08,21,6,1,Clear,68
2025-06-29,R08,22,6,1,Clear,32
